Target_Residue,Target_Atom,Partner_Residue,Partner_Residue_Name,Partner_AA,Partner_Atom,Distance_A
166,O,167,GLY,G,N,2.259852647781372
166,N,165,VAL,V,O,2.2694942951202393
166,OD2,47,SER,S,OG,2.668748617172241
166,OD1,168,GLY,G,N,2.7715704441070557
166,N,147,PHE,F,O,2.8319966793060303
166,OD1,167,GLY,G,N,2.973475217819214
166,O,169,VAL,V,N,3.0230886936187744
166,O,119,THR,T,OG1,3.0484068393707275
166,O,168,GLY,G,N,3.1381335258483887
166,OD1,145,SER,S,O,3.172234296798706
166,OD2,145,SER,S,O,3.230365514755249
166,N,144,CYS,C,O,3.276153326034546
166,O,165,VAL,V,O,3.2771806716918945
