Position,pLDDT
146,94.0
147,92.55999999999999
148,87.94
149,81.31000000000002
150,77.38
151,75.19000000000001
152,77.19
153,78.0
154,79.12
155,85.19
156,90.0
157,92.5
158,93.06
159,95.19000000000001
160,94.44000000000001
161,92.12
162,93.93999999999998
163,94.30999999999999
164,96.12
165,94.31000000000002
166,94.88
167,93.38
168,90.62
169,88.56000000000002
170,90.94
171,92.44
172,92.81
173,92.18999999999998
174,93.38
175,90.80999999999999
176,88.19
177,87.5
178,86.12
179,86.31
180,89.12
181,93.31000000000002
182,94.75
183,95.56000000000002
184,97.12
185,95.56
186,93.62
