Residue_Position,Residue_Name,Residue_AA,WT_Distance_A,D166V_Distance_A,Distance_Change_A
46,ALA,A,4.837052345275879,,
47,SER,S,2.668748617172241,3.5611412525177,0.892392635345459
117,SER,S,4.890186786651611,4.906130313873291,0.015943527221679688
118,LEU,L,4.952881336212158,4.968440055847168,0.015558719635009766
119,THR,T,3.0484068393707275,3.0484068393707275,0.0
144,CYS,C,3.276153326034546,3.278083086013794,0.0019297599792480469
145,SER,S,2.994586229324341,3.0017216205596924,0.0071353912353515625
146,CYS,C,3.776639699935913,4.232961177825928,0.45632147789001465
147,PHE,F,2.8319966793060303,2.8443551063537598,0.012358427047729492
148,ILE,I,3.468670129776001,3.7507786750793457,0.2821085453033447
149,PRO,P,,4.930628299713135,
164,TYR,Y,4.6949968338012695,4.685751914978027,-0.009244918823242188
165,VAL,V,1.3343814611434937,1.3205974102020264,-0.013784050941467285
167,GLY,G,1.3376822471618652,1.3553999662399292,0.017717719078063965
168,GLY,G,2.7715704441070557,3.1381335258483887,0.366563081741333
169,VAL,V,3.0230886936187744,3.0230886936187744,0.0
170,SER,S,4.512538909912109,4.512538909912109,0.0
