Residue_Position,Residue_Name,Residue_AA,Minimum_Heavy_Atom_Distance_A
165,VAL,V,1.3343814611434937
167,GLY,G,1.3376822471618652
47,SER,S,2.668748617172241
168,GLY,G,2.7715704441070557
147,PHE,F,2.8319966793060303
145,SER,S,2.994586229324341
169,VAL,V,3.0230886936187744
119,THR,T,3.0484068393707275
144,CYS,C,3.276153326034546
148,ILE,I,3.468670129776001
146,CYS,C,3.776639699935913
170,SER,S,4.512538909912109
164,TYR,Y,4.6949968338012695
46,ALA,A,4.837052345275879
117,SER,S,4.890186786651611
118,LEU,L,4.952881336212158
