Residue_Position,Residue_Name,Residue_AA,WT_Contact,D166V_Contact,WT_Min_Distance_A,D166V_Min_Distance_A,Distance_Change_A,Contact_Status
47,SER,S,True,True,2.668748617172241,3.5611412525177,0.892392635345459,Retained
119,THR,T,True,True,3.0484068393707275,3.0484068393707275,0.0,Retained
144,CYS,C,True,True,3.276153326034546,3.278083086013794,0.0019297599792480469,Retained
145,SER,S,True,True,2.994586229324341,3.0017216205596924,0.0071353912353515625,Retained
146,CYS,C,True,True,3.776639699935913,4.232961177825928,0.45632147789001465,Retained
147,PHE,F,True,True,2.8319966793060303,2.8443551063537598,0.012358427047729492,Retained
148,ILE,I,True,True,3.468670129776001,3.7507786750793457,0.2821085453033447,Retained
165,VAL,V,True,True,1.3343814611434937,1.3205974102020264,-0.013784050941467285,Retained
167,GLY,G,True,True,1.3376822471618652,1.3553999662399292,0.017717719078063965,Retained
168,GLY,G,True,True,2.7715704441070557,3.1381335258483887,0.366563081741333,Retained
169,VAL,V,True,True,3.0230886936187744,3.0230886936187744,0.0,Retained
