category,source,github_path,size_bytes,sha256
script,SCRIPTS/01_download_clinvar .py,scripts/01_download_clinvar .py,1150,e1f0ac77562a177d8139bc8f949138da1d31ef4f8a3d1c339893c23d19bf129e
script,SCRIPTS/02_clean_clinvar.py,scripts/02_clean_clinvar.py,2308,8a98edd6086984827ef7491955b648a233e80332296d6e002b5178debc89b35e
script,SCRIPTS/02a_inspect_clinvar.py,scripts/02a_inspect_clinvar.py,3385,89731a7b6dada4bd19c2a4a41c1eaefeaaf59a296c06989eb3442165c1d41299
script,SCRIPTS/02b_create_master_clinvar.py,scripts/02b_create_master_clinvar.py,2650,412c77822fbd682fab719a9c2fe325240f3eb28f687ffe56ffe9dc17dbd66309
script,SCRIPTS/03_filter_pnpla3.py,scripts/03_filter_pnpla3.py,3633,03b5a2674623dc05ff09ce27a299ee9512ea257dd33b3a5fde7822456303650e
script,SCRIPTS/04_separate_clinical_groups.py,scripts/04_separate_clinical_groups.py,3879,c6324c72fc5b6f1c903c79ee92cfc350458235825ea18185e08ca97308304065
script,SCRIPTS/05_create_candidate_master.py,scripts/05_create_candidate_master.py,3925,7022b6d1ab7e7ca58d46622f1931de00c72403383d0651120cea5a9e958fd0d9
script,SCRIPTS/06_population_frequency.py,scripts/06_population_frequency.py,7623,51ec14903eafcce71eae9ae92557050d6f743e87c2e79c8f165fcf032f5ce4c1
script,SCRIPTS/07_gnomad_population_annotation.py,scripts/07_gnomad_population_annotation.py,9182,8707dc842447b9f3eb7637eac11a2bad92a6cd1966bcd277ef002babbd3e77ae
script,SCRIPTS/07b_gnomad_population_annotation_final.py,scripts/07b_gnomad_population_annotation_final.py,12926,402b455f77184e061b82283d41299ab73f8efe76aa8bb2e6b3f439bbaa68ed1f
script,SCRIPTS/07b_prepare_exact_gnomad_variants.py,scripts/07b_prepare_exact_gnomad_variants.py,4357,07d4d9d9dcfccb0a90d7d9ce8b399d106409567c8d2b1f76e158750b45c6d5a4
script,SCRIPTS/07c_final_gnomad_annotation.py,scripts/07c_final_gnomad_annotation.py,19613,d4d284fabfa9a72a076747d649de080d1f5e67aa199c0b5b73d7edca7bcc83d9
script,SCRIPTS/07d_diagnose_failed_gnomad_variants.py,scripts/07d_diagnose_failed_gnomad_variants.py,22505,4638b851ceef5fc8600e0f4c1be138036355dfcd9f29c7adb782027a9609fc82
script,SCRIPTS/07f_final_gnomad_release_check.py,scripts/07f_final_gnomad_release_check.py,21934,d02f9042d450c2d731e015ced7e2fa9249011fdad4f89953bf75155f4b408761
script,SCRIPTS/07g_final_gnomad_release_check.py,scripts/07g_final_gnomad_release_check.py,26528,4bc297e0efe6aabc60a2b4d07f1248309726b96e06dbc84ee0c06498a966eb88
script,SCRIPTS/08_finalize_gnomad_population_frequency.py,scripts/08_finalize_gnomad_population_frequency.py,10202,b0a647777b45b02162cb2982c730c22aa5002a3b4e1c6549bb7047850cc5fb12
script,SCRIPTS/08a_prepare_step9_annotation_input.py,scripts/08a_prepare_step9_annotation_input.py,12995,a94315bb8e762301ed1f17f0338f39c9c0e24c5bbbfa22ec3f55f00ee4e5c6a2
script,SCRIPTS/08b_alphamissense_annotation.py,scripts/08b_alphamissense_annotation.py,14649,e95c7703dc953b0482f02719a24c351ce03976c4ac6c979769f8b42047504025
script,SCRIPTS/08c_cadd_annotation.py,scripts/08c_cadd_annotation.py,19484,972a802847840ee32713ab9571bd7b88c843d181ecc3d559d96a9edb1b274191
script,SCRIPTS/08c_finalize_cadd_annotation.py,scripts/08c_finalize_cadd_annotation.py,18447,a25933591894679c2450f658e633d999cf36781b672d8e8a236c3135ed4ca4ce
script,SCRIPTS/08c_prepare_cadd_vcf.py,scripts/08c_prepare_cadd_vcf.py,6044,89208c8fbddfaaf5b5e985e3733a91fed05fe52b23e2d782f049b11756ce5f92
script,SCRIPTS/08d_integrated_variant_prioritization.py,scripts/08d_integrated_variant_prioritization.py,20365,51a0c20438a95396cb530e3ff98eb101f3e29aba505f2dfb5eee9dba6cfcd6a5
script,SCRIPTS/08e_high_priority_variant_contextualization.py,scripts/08e_high_priority_variant_contextualization.py,23828,e9413876c9a24ba6edc5b43a2d2391c9d0eecb434503b5446884b2d3a19dca94
script,SCRIPTS/08f_final_mutant_candidate_selection.py,scripts/08f_final_mutant_candidate_selection.py,22635,1a89e26821ea5e05c73595b771865ac57df079f19c6444aa1959746551556924
script,SCRIPTS/09_step10_pnpla3_structural_preparation_analysis.py,scripts/09_step10_pnpla3_structural_preparation_analysis.py,27380,4f5302e4cadf9dc54f7d8ef1a9d35004ca948ea4aaf04b609145cbc46e471d62
script,SCRIPTS/10_pnpla3_wt_mutant_structural_analysis.py,scripts/10_pnpla3_wt_mutant_structural_analysis.py,74804,97478cc1cca8c57cc5eac89550953911f66cf8e89dcaa4e0d1e0d7365ff6d0e1
script,SCRIPTS/11_D166V_catalytic_context.py,scripts/11_D166V_catalytic_context.py,57959,3cefe2b9aeb98ea6ae39f3d07cf9a17d76a508043c371393a089a8ca70c6e18f
script,SCRIPTS/12_integrated_structural_functional_interpretation.py,scripts/12_integrated_structural_functional_interpretation.py,31623,cb20474aa3666e0fdf224ed9abfa9ade57dac6da85a4c568f3cec416439e580c
script,SCRIPTS/13_comparative_structural_analysis_all9.py,scripts/13_comparative_structural_analysis_all9.py,93231,9dfd2fd755a2c35732b90ba257f534a7d8fd5a818d1a536414c2e0e474d21c9f
script,SCRIPTS/14_final_variant_evidence_matrix.py,scripts/14_final_variant_evidence_matrix.py,45600,86887587b5a6143f02b039d2f14910123f1d59fc47b2fd260418a998b2802786
script,SCRIPTS/15_PNPLA3_therapeutic_target_mapping.py,scripts/15_PNPLA3_therapeutic_target_mapping.py,54927,8673f9ebcee0478f771295958ba071c76b257af678cfc256d1b0ba271fe128bd
script,SCRIPTS/16_WT_vs_D166V_pocket_discovery.py,scripts/16_WT_vs_D166V_pocket_discovery.py,63419,063018e2c056135aacd407df7e32e2ba7bd16c7d4af800b11f7bfc545aecb2f3
script,SCRIPTS/17_structural_ensemble_pocket_dynamics.py,scripts/17_structural_ensemble_pocket_dynamics.py,40959,9a803aaab46ca6bf473b2b0320b41f60939161d52b7287c661d38792ae9fa9be
script,SCRIPTS/18_therapeutic_compound_library.py,scripts/18_therapeutic_compound_library.py,50783,7f8b973f482314d9e5326d0c7cd0b249e51e037623f071d6eac399421a22eb48
script,SCRIPTS/19_drug_likeness_filtering.py,scripts/19_drug_likeness_filtering.py,15736,f89c5f4653247bdd76e885002c98c2562b044b61375651df1cd0a424fde11864
script,SCRIPTS/20_pharmacophore_shape_screening.py,scripts/20_pharmacophore_shape_screening.py,42935,9735c6867b4e16ecb895fda7c26c996a3e3e17de31f8d4f8ca639c2d1079068f
script,SCRIPTS/21_virtual_screening_docking.py,scripts/21_virtual_screening_docking.py,34129,88298c9a9ec2285887992ae621cdd6dfa61a426a0bbf98e89c1895c70888b40a
script,SCRIPTS/22_WT_vs_D166V_differential_docking.py,scripts/22_WT_vs_D166V_differential_docking.py,28336,0cf75c981ace2968924767b69e086593caf38c92d8d937f6b181e622776e52ea
script,SCRIPTS/23_lead_prioritization.py,scripts/23_lead_prioritization.py,25485,485c0c7a33a5edf39d5f176af71459500d04592da3baf64aacddb7e30d32f717
script,SCRIPTS/24_interaction_fingerprinting.py,scripts/24_interaction_fingerprinting.py,35030,5a818574320e451316285cabb29b491475a67dbe74f86ed90c2c831f0c728945
script,SCRIPTS/25A_prepare_WT_CID71236597_for_GPU.py,scripts/25A_prepare_WT_CID71236597_for_GPU.py,24925,b93e387a97072daa9e2f1b6336a430be94fb618d359a7b4da96fc6608ce6d612
script,SCRIPTS/25_D166V_FUNCTIONAL_MECHANISM_ANALYSIS.py,scripts/25_D166V_FUNCTIONAL_MECHANISM_ANALYSIS.py,52195,6de20a5abade0e08abcdef9b8e3b776af529db15774891c7f970ca9b4675a8c0
script,SCRIPTS/25_WT_CID71236597_MD.py,scripts/25_WT_CID71236597_MD.py,47689,89c4a87e82dbd05f3b02f2dd718f7a7cc39c09b391522b16de211d16f9e39249
script,SCRIPTS/26_D166V_MASLD_MECHANISTIC_LINK.py,scripts/26_D166V_MASLD_MECHANISTIC_LINK.py,43511,e915cc5a14ed03b88ba544e351696947da8ac6ac832540544bbbc4ba3201254b
script,SCRIPTS/27_D166V_ORTHOGONAL_STRUCTURAL_VALIDATION.py,scripts/27_D166V_ORTHOGONAL_STRUCTURAL_VALIDATION.py,37773,96920a89a9742e3db1ac4b043e715aea0da0f4fdf4757444ad923d188ea021a6
script,SCRIPTS/28_D166V_THERAPEUTIC_VULNERABILITY.py,scripts/28_D166V_THERAPEUTIC_VULNERABILITY.py,39959,79f9af0aa9a6b33415b680b87046fa01d3e8e333e6d4158bc09a58d20220839e
script,SCRIPTS/29_LEAD_VALIDATION_RESCORING.py,scripts/29_LEAD_VALIDATION_RESCORING.py,41632,9702b168213287e7f0b545da5f20ce4f0979abe484a7681bc9a575b0835a51f8
script,SCRIPTS/30_ADMET_DRUG_DEVELOPMENT_FEASIBILITY.py,scripts/30_ADMET_DRUG_DEVELOPMENT_FEASIBILITY.py,33214,f82023b09448689bb7b17e14931a489060864a9a4bfd0adb58de3e1f573c6f2a
script,SCRIPTS/31_INDEPENDENT_BIOLOGICAL_VALIDATION.py,scripts/31_INDEPENDENT_BIOLOGICAL_VALIDATION.py,27031,70daf460d4f6c39b0ba32320499afdc7df33b5b97021ee764c9a637a9a7f2ba5
script,SCRIPTS/32_FINAL_EVIDENCE_INTEGRATION.py,scripts/32_FINAL_EVIDENCE_INTEGRATION.py,43368,d4b0906d8109916a16f0d582f17ecdfe19f940a7f6a709bc83d1b68f07f8cf18
script,SCRIPTS/33_FINAL_PUBLICATION_PACKAGE.py,scripts/33_FINAL_PUBLICATION_PACKAGE.py,54403,52cd6c71f63d9e32513260d44b2075c5c748a41cdcc2f1655aee1e23559c3175
script,SCRIPTS/create_github_ready_package.py,scripts/create_github_ready_package.py,24694,b7654cbf8e8cb4db4fdc7f17535c22e5842cd168adc1a0c446549780ba938b06
result,RESULTS/STEP10_STRUCTURAL_ANALYSIS/QC/Step10_final_QC_report.json,results/STEP10_STRUCTURAL_ANALYSIS/QC/Step10_final_QC_report.json,2543,790bf8ba9836bec599731d32521c3f9cd89598dff0b46c9dcf6d11ffe6126934
result,RESULTS/STEP10_STRUCTURAL_ANALYSIS/Step10_final_summary.txt,results/STEP10_STRUCTURAL_ANALYSIS/Step10_final_summary.txt,1992,cd74f010bf3099dd0fea9550cc415ea0478317cf338b2a3ec4bb8a88944e4f20
result,RESULTS/STEP10_STRUCTURAL_ANALYSIS/logs/convert_wt_to_pdb.py.stderr.txt,results/STEP10_STRUCTURAL_ANALYSIS/logs/convert_wt_to_pdb.py.stderr.txt,0,e3b0c44298fc1c149afbf4c8996fb92427ae41e4649b934ca495991b7852b855
result,RESULTS/STEP10_STRUCTURAL_ANALYSIS/logs/convert_wt_to_pdb.py.stdout.txt,results/STEP10_STRUCTURAL_ANALYSIS/logs/convert_wt_to_pdb.py.stdout.txt,0,e3b0c44298fc1c149afbf4c8996fb92427ae41e4649b934ca495991b7852b855
result,RESULTS/STEP10_STRUCTURAL_ANALYSIS/logs/generate_D166V_mutant.py.stderr.txt,results/STEP10_STRUCTURAL_ANALYSIS/logs/generate_D166V_mutant.py.stderr.txt,0,e3b0c44298fc1c149afbf4c8996fb92427ae41e4649b934ca495991b7852b855
result,RESULTS/STEP10_STRUCTURAL_ANALYSIS/logs/generate_D166V_mutant.py.stdout.txt,results/STEP10_STRUCTURAL_ANALYSIS/logs/generate_D166V_mutant.py.stdout.txt,153,b75a2a9ccace7a62021d212dce4c21355e80f967be29691f9361fa4c5ec93a9b
result,RESULTS/STEP10_STRUCTURAL_ANALYSIS/logs/render_step10_3d_figures.py.stderr.txt,results/STEP10_STRUCTURAL_ANALYSIS/logs/render_step10_3d_figures.py.stderr.txt,0,e3b0c44298fc1c149afbf4c8996fb92427ae41e4649b934ca495991b7852b855
result,RESULTS/STEP10_STRUCTURAL_ANALYSIS/logs/render_step10_3d_figures.py.stdout.txt,results/STEP10_STRUCTURAL_ANALYSIS/logs/render_step10_3d_figures.py.stdout.txt,0,e3b0c44298fc1c149afbf4c8996fb92427ae41e4649b934ca495991b7852b855
result,RESULTS/STEP10_STRUCTURAL_ANALYSIS/logs/step10_execution_log.txt,results/STEP10_STRUCTURAL_ANALYSIS/logs/step10_execution_log.txt,4111,88d6b81ba205138a44181f49b68a3bac1335ccae99f4e5a03e10d016a96b497f
result,RESULTS/STEP10_STRUCTURAL_ANALYSIS/structure_source_metadata.json,results/STEP10_STRUCTURAL_ANALYSIS/structure_source_metadata.json,338,92ea8fb41182010d8a1a58c69b91c4d767c4b9601aba2c3f48ea6e323533e7de
result,RESULTS/STEP10_STRUCTURAL_ANALYSIS/structures/WT/structure_source_metadata.json,results/STEP10_STRUCTURAL_ANALYSIS/structures/WT/structure_source_metadata.json,390,401823777a32d8bccd527768dc6dde70c1c5af8002f1ed506df14a11f928712f
result,RESULTS/STEP10_STRUCTURAL_ANALYSIS/tables/Table_S10_10_local_pLDDT.csv,results/STEP10_STRUCTURAL_ANALYSIS/tables/Table_S10_10_local_pLDDT.csv,618,cd4b23c018c8e9f4f4093035f53427767692056249a28702a672be836802870e
result,RESULTS/STEP10_STRUCTURAL_ANALYSIS/tables/Table_S10_1_structural_candidates.csv,results/STEP10_STRUCTURAL_ANALYSIS/tables/Table_S10_1_structural_candidates.csv,9897,fe835cad27f3ed889af0d2756cdab8b5187279b0063cf4f4d27d92353d1b1edc
result,RESULTS/STEP10_STRUCTURAL_ANALYSIS/tables/Table_S10_2_WT_D166_local_environment.csv,results/STEP10_STRUCTURAL_ANALYSIS/tables/Table_S10_2_WT_D166_local_environment.csv,541,b21d49a4a54ed4aaae39317297ce497e2e48e828790da13f453810939b74d7c3
result,RESULTS/STEP10_STRUCTURAL_ANALYSIS/tables/Table_S10_3_D166V_local_environment.csv,results/STEP10_STRUCTURAL_ANALYSIS/tables/Table_S10_3_D166V_local_environment.csv,541,05c76c5661e1ee2230f5caf3027296752ed84e7bc558437c8af05213ab7584c7
result,RESULTS/STEP10_STRUCTURAL_ANALYSIS/tables/Table_S10_4_D166V_contact_comparison.csv,results/STEP10_STRUCTURAL_ANALYSIS/tables/Table_S10_4_D166V_contact_comparison.csv,1067,924d66bfd2a58dcb3452bea91e3a88c5dff11e334e48d0e53974cc7e24dee544
result,RESULTS/STEP10_STRUCTURAL_ANALYSIS/tables/Table_S10_5_WT_D166_candidate_polar_contacts.csv,results/STEP10_STRUCTURAL_ANALYSIS/tables/Table_S10_5_WT_D166_candidate_polar_contacts.csv,600,672117069ff0221f1c8e401ed66eda00e989ea27a3e867ecaca41477727dac0d
result,RESULTS/STEP10_STRUCTURAL_ANALYSIS/tables/Table_S10_6_D166V_candidate_polar_contacts.csv,results/STEP10_STRUCTURAL_ANALYSIS/tables/Table_S10_6_D166V_candidate_polar_contacts.csv,440,c171a40468296e35b52dc629e40f9d0d7318776914cae9300a3a331564c59293
result,RESULTS/STEP10_STRUCTURAL_ANALYSIS/tables/Table_S10_7_D166V_physicochemical_context.csv,results/STEP10_STRUCTURAL_ANALYSIS/tables/Table_S10_7_D166V_physicochemical_context.csv,446,b184408919956db5d5df77f524d0c5bcb3f38ffda45ac5b5382442a1b1489bbd
result,RESULTS/STEP10_STRUCTURAL_ANALYSIS/tables/Table_S10_8_D166V_structural_metrics.csv,results/STEP10_STRUCTURAL_ANALYSIS/tables/Table_S10_8_D166V_structural_metrics.csv,730,9c1178edf9532fb75540c258b7581f5ce7c245c48f80fff9732f0ae707fd736f
result,RESULTS/STEP10_STRUCTURAL_ANALYSIS/tables/Table_S10_9_local_distance_comparison.csv,results/STEP10_STRUCTURAL_ANALYSIS/tables/Table_S10_9_local_distance_comparison.csv,1128,58b4a1a814e4e14638788d0b743944175a3bbbde2679eaa73ff82b8c96b60a03
result,RESULTS/STEP11_D166V_CATALYTIC_CONTEXT/QC/Step11_final_QC_report.json,results/STEP11_D166V_CATALYTIC_CONTEXT/QC/Step11_final_QC_report.json,924,d43dc9e34c27fc9efa8106873e87e13812241cf84275c0cd5e5087fb03940750
result,RESULTS/STEP11_D166V_CATALYTIC_CONTEXT/Step11_final_summary.txt,results/STEP11_D166V_CATALYTIC_CONTEXT/Step11_final_summary.txt,2813,6d9d9ff868fd2f4992c374ed44e172a7c8e1913af52c7ee5bc38c16d763d24a7
result,RESULTS/STEP11_D166V_CATALYTIC_CONTEXT/tables/Table_S11_1_D166V_catalytic_context.csv,results/STEP11_D166V_CATALYTIC_CONTEXT/tables/Table_S11_1_D166V_catalytic_context.csv,509,8074023f6eec8128c0ab449101cddb28c7d5abbf10290ea9ac5457dd49c00863
result,RESULTS/STEP11_D166V_CATALYTIC_CONTEXT/tables/Table_S11_2_WT_vs_D166V_local_interactions.csv,results/STEP11_D166V_CATALYTIC_CONTEXT/tables/Table_S11_2_WT_vs_D166V_local_interactions.csv,246,36599c484fa3a91fd42b08c273efff0a2f3b74c02ba75a2252e0eddd0427c58a
result,RESULTS/STEP11_D166V_CATALYTIC_CONTEXT/tables/Table_S11_3_residue_distance_changes.csv,results/STEP11_D166V_CATALYTIC_CONTEXT/tables/Table_S11_3_residue_distance_changes.csv,1483,12eae9785976e0c035b0d8ad825b6e7c100bcaad97675bc34ffc925a5d069612
result,RESULTS/STEP11_D166V_CATALYTIC_CONTEXT/tables/Table_S11_4_D166V_physicochemical_change.csv,results/STEP11_D166V_CATALYTIC_CONTEXT/tables/Table_S11_4_D166V_physicochemical_change.csv,466,7c0dd86fc47ce0ceb766ce4f8dd86520d97ebda9a7cfe5ff42156a58928f3587
result,RESULTS/STEP11_D166V_CATALYTIC_CONTEXT/tables/Table_S11_5_WT_D166_candidate_polar_contacts.csv,results/STEP11_D166V_CATALYTIC_CONTEXT/tables/Table_S11_5_WT_D166_candidate_polar_contacts.csv,637,718dca238663f08adbabc744f553e3c91ccd72e7116880e73eb8f097c3a3aa5f
result,RESULTS/STEP11_D166V_CATALYTIC_CONTEXT/tables/Table_S11_6_D166V_candidate_polar_contacts.csv,results/STEP11_D166V_CATALYTIC_CONTEXT/tables/Table_S11_6_D166V_candidate_polar_contacts.csv,468,ece286ea75e220f7a6c5e87befca6ea9859d2f201a191bce329d166c08b01f77
result,RESULTS/STEP11_D166V_CATALYTIC_CONTEXT/tables/Table_S11_7_candidate_polar_contact_summary.csv,results/STEP11_D166V_CATALYTIC_CONTEXT/tables/Table_S11_7_candidate_polar_contact_summary.csv,94,8b7973ad4da7b33ccee3dc17a68adcd443fcbe9319e191c0c8c42310475d09ba
result,RESULTS/STEP11_D166V_CATALYTIC_CONTEXT/tables/Table_S11_8_D166V_structural_impact_summary.csv,results/STEP11_D166V_CATALYTIC_CONTEXT/tables/Table_S11_8_D166V_structural_impact_summary.csv,816,693985807ac8c73fb68f87fbe3ad7073d6d4dd97c8a8c2e1679579ce1ad9c344
result,RESULTS/STEP12_INTEGRATED_INTERPRETATION/QC/Step12_final_QC_report.json,results/STEP12_INTEGRATED_INTERPRETATION/QC/Step12_final_QC_report.json,6601,e72dd9428c6f144f8757584d0fd8d10def7c7d6a2303967afdeffa939a815ea1
result,RESULTS/STEP12_INTEGRATED_INTERPRETATION/Step12_final_summary.txt,results/STEP12_INTEGRATED_INTERPRETATION/Step12_final_summary.txt,4065,1cf8c8ce052eb03dae9df03171a1dbe3c689a831e3a202797f333035d78d9926
result,RESULTS/STEP12_INTEGRATED_INTERPRETATION/tables/Table_S12_1_integrated_evidence.csv,results/STEP12_INTEGRATED_INTERPRETATION/tables/Table_S12_1_integrated_evidence.csv,1537,c790014eb3ebbabe47bc0ee9d3818c3b56b734784076d6ff06ac966a03d68819
result,RESULTS/STEP12_INTEGRATED_INTERPRETATION/tables/Table_S12_2_computational_evidence.csv,results/STEP12_INTEGRATED_INTERPRETATION/tables/Table_S12_2_computational_evidence.csv,496,25d75db193e25146beb8c10b855a54642d906dfd4b4c007f4676766d7f6ddf71
result,RESULTS/STEP12_INTEGRATED_INTERPRETATION/tables/Table_S12_3_structural_evidence.csv,results/STEP12_INTEGRATED_INTERPRETATION/tables/Table_S12_3_structural_evidence.csv,564,659c6d1f2f40539b7d5fbc90884467b6e9687ef1a32f44be09594441790387ef
result,RESULTS/STEP12_INTEGRATED_INTERPRETATION/tables/Table_S12_4_functional_interpretation.csv,results/STEP12_INTEGRATED_INTERPRETATION/tables/Table_S12_4_functional_interpretation.csv,633,40c88612c1cc70d9d7c6a8fcf250978c5405852429f36400ebaa032bc0ce68f3
result,RESULTS/STEP13_COMPARATIVE_STRUCTURAL_ANALYSIS/QC/Step13_final_QC_report.json,results/STEP13_COMPARATIVE_STRUCTURAL_ANALYSIS/QC/Step13_final_QC_report.json,2776,e554255fc0d0d64016acebde514d5a015479efa0ee5ec49ea27a9201e5c7da0a
result,RESULTS/STEP13_COMPARATIVE_STRUCTURAL_ANALYSIS/Step13_final_summary.txt,results/STEP13_COMPARATIVE_STRUCTURAL_ANALYSIS/Step13_final_summary.txt,2718,d8ab71fdcb09060ee311e743214a778c623e4c6cf03d1fd14e16407d14266b1d
result,RESULTS/STEP13_COMPARATIVE_STRUCTURAL_ANALYSIS/tables/Table_S13_1_all9_structural_comparison.csv,results/STEP13_COMPARATIVE_STRUCTURAL_ANALYSIS/tables/Table_S13_1_all9_structural_comparison.csv,4334,9a74362946f3312d7e10d196aae73536f008684e1302fbffb9099b4e63ab88bb
result,RESULTS/STEP13_COMPARATIVE_STRUCTURAL_ANALYSIS/tables/Table_S13_2_all9_heavy_atom_contacts.csv,results/STEP13_COMPARATIVE_STRUCTURAL_ANALYSIS/tables/Table_S13_2_all9_heavy_atom_contacts.csv,11942,f6c9f1bee0c153a7ca685c8343892970e6cb5d5c02dcd234d6dd18a632a6cd7a
result,RESULTS/STEP13_COMPARATIVE_STRUCTURAL_ANALYSIS/tables/Table_S13_3_all9_candidate_polar_contacts.csv,results/STEP13_COMPARATIVE_STRUCTURAL_ANALYSIS/tables/Table_S13_3_all9_candidate_polar_contacts.csv,11339,b6501a3971202894ce06c0aac4fc55fc28a900d1e7acce716fcd34321bc28e4e
result,RESULTS/STEP13_COMPARATIVE_STRUCTURAL_ANALYSIS/tables/Table_S13_4_all9_local_distance_profiles.csv,results/STEP13_COMPARATIVE_STRUCTURAL_ANALYSIS/tables/Table_S13_4_all9_local_distance_profiles.csv,11964,748fd665349d36d1642fb92294b36e49a072ba5bfa8c753be3271c2575de431d
result,RESULTS/STEP13_COMPARATIVE_STRUCTURAL_ANALYSIS/tables/Table_S13_5_all9_local_RMSD_and_pLDDT.csv,results/STEP13_COMPARATIVE_STRUCTURAL_ANALYSIS/tables/Table_S13_5_all9_local_RMSD_and_pLDDT.csv,980,773fd853d1abf296390f7de14886289479d075901842c81e741501c622fa02ff
result,RESULTS/STEP13_COMPARATIVE_STRUCTURAL_ANALYSIS/tables/Table_S13_6_final_structural_ranking.csv,results/STEP13_COMPARATIVE_STRUCTURAL_ANALYSIS/tables/Table_S13_6_final_structural_ranking.csv,2968,ec16933d58c166f70fc80b666bbd3a814eba79f0c0d8abfd19e45162fca62083
result,RESULTS/STEP13_COMPARATIVE_STRUCTURAL_ANALYSIS/tables/Table_S13_7_mutant_validation.csv,results/STEP13_COMPARATIVE_STRUCTURAL_ANALYSIS/tables/Table_S13_7_mutant_validation.csv,2319,c42e984eac66b205e744782adfc209b5ddf4a1b18b94e0b1c68f5080fd632424
result,RESULTS/STEP13_COMPARATIVE_STRUCTURAL_ANALYSIS/tables/Table_S13_8_candidate_WT_validation.csv,results/STEP13_COMPARATIVE_STRUCTURAL_ANALYSIS/tables/Table_S13_8_candidate_WT_validation.csv,413,2c444b2db6b95df9037d3cca7c2716880c3f8f06a7b8f0e948f24a74da0bacdc
result,RESULTS/STEP13_COMPARATIVE_STRUCTURAL_ANALYSIS/tables/Table_S13_9_PyMOL_3D_figure_inventory.csv,results/STEP13_COMPARATIVE_STRUCTURAL_ANALYSIS/tables/Table_S13_9_PyMOL_3D_figure_inventory.csv,1686,0b5326245b026988f98ef41b61ea92048f937338137e1cbac69a41679b20e446
result,RESULTS/STEP14_FINAL_VARIANT_EVIDENCE_MATRIX/QC/Step14_final_QC_report.json,results/STEP14_FINAL_VARIANT_EVIDENCE_MATRIX/QC/Step14_final_QC_report.json,9002,e7cb0c498c1a4ac62a3ec9637752080396581f074321e4e9598d693866bb8eaf
result,RESULTS/STEP14_FINAL_VARIANT_EVIDENCE_MATRIX/Step14_final_summary.txt,results/STEP14_FINAL_VARIANT_EVIDENCE_MATRIX/Step14_final_summary.txt,2051,d4170194124dc0b726f32e8d5f8376dbc6d7c4d5c9c4e9920c314098a329152e
result,RESULTS/STEP14_FINAL_VARIANT_EVIDENCE_MATRIX/tables/Table_S14_1_final_variant_evidence_matrix.csv,results/STEP14_FINAL_VARIANT_EVIDENCE_MATRIX/tables/Table_S14_1_final_variant_evidence_matrix.csv,60143,ed137620bfa947c901763f31953e4777efc5b27aed612f40c91895fa8dfce68c
result,RESULTS/STEP14_FINAL_VARIANT_EVIDENCE_MATRIX/tables/Table_S14_2_top_candidate_evidence.csv,results/STEP14_FINAL_VARIANT_EVIDENCE_MATRIX/tables/Table_S14_2_top_candidate_evidence.csv,11932,64be71ffd3a0c07bcdb80f894c598e7a887b7105cda883024a86358e70c72262
result,RESULTS/STEP14_FINAL_VARIANT_EVIDENCE_MATRIX/tables/Table_S14_3_structural_comparison_summary.csv,results/STEP14_FINAL_VARIANT_EVIDENCE_MATRIX/tables/Table_S14_3_structural_comparison_summary.csv,2152,4fc0383fb543ace53f3d02792299d6a1944a5279930d4a6f6224d461883f4e5d
result,RESULTS/STEP14_FINAL_VARIANT_EVIDENCE_MATRIX/tables/Table_S14_4_downstream_candidate_prioritization.csv,results/STEP14_FINAL_VARIANT_EVIDENCE_MATRIX/tables/Table_S14_4_downstream_candidate_prioritization.csv,3189,fb2d0e0d4b076e7159834555be5b4bc7e3eeca71ef116acbe8f0a89009bf28b5
result,RESULTS/STEP15_THERAPEUTIC_SITE_MAPPING/QC/Step15_final_QC_report.json,results/STEP15_THERAPEUTIC_SITE_MAPPING/QC/Step15_final_QC_report.json,6011,406206ff32f5d965095c42142c77a3c170e8f0e68e6c88ef6c953a216d7b6ee4
result,RESULTS/STEP15_THERAPEUTIC_SITE_MAPPING/Step15_final_site_recommendation.json,results/STEP15_THERAPEUTIC_SITE_MAPPING/Step15_final_site_recommendation.json,897,022263929b78fd925ea50bc85e5ae34f137505b785c88a595e407f789fae128a
result,RESULTS/STEP15_THERAPEUTIC_SITE_MAPPING/Step15_final_summary.txt,results/STEP15_THERAPEUTIC_SITE_MAPPING/Step15_final_summary.txt,2457,5275820e6b893df5c9632879bdfcc89361566328592046f9db52e4d857a4214c
result,RESULTS/STEP15_THERAPEUTIC_SITE_MAPPING/tables/Table_S15_1_PNPLA3_functional_architecture.csv,results/STEP15_THERAPEUTIC_SITE_MAPPING/tables/Table_S15_1_PNPLA3_functional_architecture.csv,47745,c7605a75cb0e405b397c52876d6f55f99622c1b282c8178e08d0a26b1f947160
result,RESULTS/STEP15_THERAPEUTIC_SITE_MAPPING/tables/Table_S15_2_catalytic_mechanistic_residues.csv,results/STEP15_THERAPEUTIC_SITE_MAPPING/tables/Table_S15_2_catalytic_mechanistic_residues.csv,249,063ef7e011087eb210e34b8539fba000053e8f97a307d4ab20f7e2a76c51c387
result,RESULTS/STEP15_THERAPEUTIC_SITE_MAPPING/tables/Table_S15_3_D166V_mechanistic_neighborhood.csv,results/STEP15_THERAPEUTIC_SITE_MAPPING/tables/Table_S15_3_D166V_mechanistic_neighborhood.csv,4671,f20581bb36c51a4e28fff84b56fbc0751106e74b6485f08c1442599f23733f70
result,RESULTS/STEP15_THERAPEUTIC_SITE_MAPPING/tables/Table_S15_4_nine_structural_candidates_site_mapping.csv,results/STEP15_THERAPEUTIC_SITE_MAPPING/tables/Table_S15_4_nine_structural_candidates_site_mapping.csv,1832,1178de6ac915b9d04fdf420ebbfe6d5bbf8cbba62e2fafa851acfe9f9202d9d2
result,RESULTS/STEP15_THERAPEUTIC_SITE_MAPPING/tables/Table_S15_5_candidate_therapeutic_regions.csv,results/STEP15_THERAPEUTIC_SITE_MAPPING/tables/Table_S15_5_candidate_therapeutic_regions.csv,1809,d3e86a67cae5f28fda1cef66c42e593f1167f0baf261580d4173c125659a3917
result,RESULTS/STEP15_THERAPEUTIC_SITE_MAPPING/tables/Table_S15_6_therapeutic_region_prioritization.csv,results/STEP15_THERAPEUTIC_SITE_MAPPING/tables/Table_S15_6_therapeutic_region_prioritization.csv,2482,c18ab698b6b1213c21a86ea2d2c46421653ec8fcbf1b4c145345d7c81d2c6185
result,RESULTS/STEP15_THERAPEUTIC_SITE_MAPPING/tables/Table_S15_7_D166V_mechanistic_summary.csv,results/STEP15_THERAPEUTIC_SITE_MAPPING/tables/Table_S15_7_D166V_mechanistic_summary.csv,885,4e63f650da8f47039c86bc28ba3a14cd4da0d28512deb1986fc1a9a271ad55a6
result,RESULTS/STEP15_THERAPEUTIC_SITE_MAPPING/tables/Table_S15_8_residue_accessibility.csv,results/STEP15_THERAPEUTIC_SITE_MAPPING/tables/Table_S15_8_residue_accessibility.csv,25110,9c8810254a1be57e4ec8e1b0ecf51ab35ca4617d8ef0ff281a69147c83f73290
result,RESULTS/STEP15_THERAPEUTIC_SITE_MAPPING/tables/Table_S15_9_catalytic_neighborhood.csv,results/STEP15_THERAPEUTIC_SITE_MAPPING/tables/Table_S15_9_catalytic_neighborhood.csv,3858,fc6808b424d4734f2d1c6965b48642f0846d9dcecc371e8f1d4d835a0ba19a48
result,RESULTS/STEP16_WT_vs_D166V_POCKET_DISCOVERY/QC/Step16_QC_Summary.json,results/STEP16_WT_vs_D166V_POCKET_DISCOVERY/QC/Step16_QC_Summary.json,1148,5df138741578d32e239c84766ab03006072fce92c27f3b9b34d6521926e1daac
result,RESULTS/STEP16_WT_vs_D166V_POCKET_DISCOVERY/QC/Step16_final_QC_report.json,results/STEP16_WT_vs_D166V_POCKET_DISCOVERY/QC/Step16_final_QC_report.json,1524,ea36648457561be69745a4369033c68c7001583129a0b892ce8ada7ca5271401
result,RESULTS/STEP16_WT_vs_D166V_POCKET_DISCOVERY/STEP16_ANALYSIS_SUMMARY.txt,results/STEP16_WT_vs_D166V_POCKET_DISCOVERY/STEP16_ANALYSIS_SUMMARY.txt,644,ac2717f189111f298ddb9130d6a99c159b34c6e454efdbe35a5632bd7fd0a2a7
result,RESULTS/STEP16_WT_vs_D166V_POCKET_DISCOVERY/Step16_D166V_mechanistic_pocket_summary.json,results/STEP16_WT_vs_D166V_POCKET_DISCOVERY/Step16_D166V_mechanistic_pocket_summary.json,874,0c07c5222113b67cbd3889226b9339b52919b6792d236b672c1af360eb7477eb
result,RESULTS/STEP16_WT_vs_D166V_POCKET_DISCOVERY/pockets/D166V/PNPLA3_D166V_mutant_info.txt,results/STEP16_WT_vs_D166V_POCKET_DISCOVERY/pockets/D166V/PNPLA3_D166V_mutant_info.txt,19651,5bf01ac325e5c2951cd69e058ffa5f0a89c4b1ecaf5160729d6878d24f3ad783
result,RESULTS/STEP16_WT_vs_D166V_POCKET_DISCOVERY/pockets/WT/PNPLA3_WT_info.txt,results/STEP16_WT_vs_D166V_POCKET_DISCOVERY/pockets/WT/PNPLA3_WT_info.txt,19652,b664e5a236fe93158cee609f99d275d9d85d8b630e6e4c2ef9cf0d523f8b2525
result,RESULTS/STEP16_WT_vs_D166V_POCKET_DISCOVERY/tables/Table_16_01_WT_Pocket_Descriptors.csv,results/STEP16_WT_vs_D166V_POCKET_DISCOVERY/tables/Table_16_01_WT_Pocket_Descriptors.csv,15052,28b98666900b067a5eb40d08a37a177ecbafffcfaa43f37338305eae83f0cfb7
result,RESULTS/STEP16_WT_vs_D166V_POCKET_DISCOVERY/tables/Table_16_02_D166V_Pocket_Descriptors.csv,results/STEP16_WT_vs_D166V_POCKET_DISCOVERY/tables/Table_16_02_D166V_Pocket_Descriptors.csv,15251,799013da5adb1bd5bd76324aadba6778121b0b92e8d56cce27b684a9e255a752
result,RESULTS/STEP16_WT_vs_D166V_POCKET_DISCOVERY/tables/Table_16_03_WT_vs_D166V_Pocket_Comparison.csv,results/STEP16_WT_vs_D166V_POCKET_DISCOVERY/tables/Table_16_03_WT_vs_D166V_Pocket_Comparison.csv,14550,028c631fa017f8d0a1731ac0bd52c0539569f23737a5a009fa934842c49aa584
result,RESULTS/STEP16_WT_vs_D166V_POCKET_DISCOVERY/tables/Table_16_04_D166V_Pocket_Prioritization.csv,results/STEP16_WT_vs_D166V_POCKET_DISCOVERY/tables/Table_16_04_D166V_Pocket_Prioritization.csv,6996,170106fd4ba16cea1997546ee0f76a40e8cfed755593e27931d19c01c76ab122
result,RESULTS/STEP16_WT_vs_D166V_POCKET_DISCOVERY/tables/Table_S16_1_WT_pockets.csv,results/STEP16_WT_vs_D166V_POCKET_DISCOVERY/tables/Table_S16_1_WT_pockets.csv,11073,e43a03bf098082c382223dac835c32cc8847b9a0daf6001bed4ac6b7c85e5629
result,RESULTS/STEP16_WT_vs_D166V_POCKET_DISCOVERY/tables/Table_S16_2_D166V_pockets.csv,results/STEP16_WT_vs_D166V_POCKET_DISCOVERY/tables/Table_S16_2_D166V_pockets.csv,11160,c5d53758af51cedc1765688bdfa92db0daade1870d7979575b02f6cf4fee84de
result,RESULTS/STEP16_WT_vs_D166V_POCKET_DISCOVERY/tables/Table_S16_3_WT_vs_D166V_pocket_comparison.csv,results/STEP16_WT_vs_D166V_POCKET_DISCOVERY/tables/Table_S16_3_WT_vs_D166V_pocket_comparison.csv,4808,d475d7a5cf6d6be11864e0950b55d42d270e07cc4de7da783c6e4a84df5c86d5
result,RESULTS/STEP16_WT_vs_D166V_POCKET_DISCOVERY/tables/Table_S16_4_D166V_centered_pockets.csv,results/STEP16_WT_vs_D166V_POCKET_DISCOVERY/tables/Table_S16_4_D166V_centered_pockets.csv,7730,5a60acd08eddca568ccd72bb6a0d09dee68ecc9bb961d3769487ba3a3c3779fb
result,RESULTS/STEP16_WT_vs_D166V_POCKET_DISCOVERY/tables/Table_S16_5_pocket_lining_residue_changes.csv,results/STEP16_WT_vs_D166V_POCKET_DISCOVERY/tables/Table_S16_5_pocket_lining_residue_changes.csv,2860,b839a60c0026ffdead2503e652e68a677203e1560be14573a38160e84cce1315
result,RESULTS/STEP16_WT_vs_D166V_POCKET_DISCOVERY/tables/Table_S16_6_final_therapeutic_pocket_prioritization.csv,results/STEP16_WT_vs_D166V_POCKET_DISCOVERY/tables/Table_S16_6_final_therapeutic_pocket_prioritization.csv,4681,327825e988970b565d5137d275083fe9ff4430fbe29886c408b04ebb527d2194
result,RESULTS/STEP17_FINAL_STRUCTURAL_REMODELING/QC/Step17_Final_QC_Summary.json,results/STEP17_FINAL_STRUCTURAL_REMODELING/QC/Step17_Final_QC_Summary.json,1536,1702d9c93f86b27ee27e0d0cd72eee52de46da8e9ed64829629a44dc667635ea
result,RESULTS/STEP17_FINAL_STRUCTURAL_REMODELING/STEP17_FINAL_INTERPRETATION.txt,results/STEP17_FINAL_STRUCTURAL_REMODELING/STEP17_FINAL_INTERPRETATION.txt,4937,6ef3d40089bf81ddf055a5a8a966d11fb23f542e247b03c7b950abf780c32621
result,RESULTS/STEP17_FINAL_STRUCTURAL_REMODELING/tables/Table_17_01_Final_Structural_Summary.csv,results/STEP17_FINAL_STRUCTURAL_REMODELING/tables/Table_17_01_Final_Structural_Summary.csv,1082,defc2612f79ee9034fa7d2fbb7ff755296333f86fcdcc3a85448f7e90fe884d4
result,RESULTS/STEP17_FINAL_STRUCTURAL_REMODELING/tables/Table_17_02_Residue166_Atom_Comparison.csv,results/STEP17_FINAL_STRUCTURAL_REMODELING/tables/Table_17_02_Residue166_Atom_Comparison.csv,798,7eb00a1aa309c933eade55d98442d2ae01629aaa03875039e41eabf4eff60ea0
result,RESULTS/STEP17_FINAL_STRUCTURAL_REMODELING/tables/Table_17_03_Local_Residue_Displacement.csv,results/STEP17_FINAL_STRUCTURAL_REMODELING/tables/Table_17_03_Local_Residue_Displacement.csv,1954,7a7415db9c54cdfc0930647d6d24d27e872d56b56a8b7bd8e0646b6ab77c205b
result,RESULTS/STEP17_FINAL_STRUCTURAL_REMODELING/tables/Table_17_04_Pocket_Residue_Comparison.csv,results/STEP17_FINAL_STRUCTURAL_REMODELING/tables/Table_17_04_Pocket_Residue_Comparison.csv,927,c1a609a4a1199935a9162f7002cc2111a8c3b0b0d96d829b5c14eaaf8e2c53fb
result,RESULTS/STEP17_FINAL_STRUCTURAL_REMODELING/tables/Table_17_05_D166_Contact_Comparison.csv,results/STEP17_FINAL_STRUCTURAL_REMODELING/tables/Table_17_05_D166_Contact_Comparison.csv,1107,38b01605c122ab6d464a369455d1ce6551e3e829feb7d649da54a362689b1667
result,RESULTS/STEP17_FINAL_STRUCTURAL_REMODELING/tables/Table_17_06_Residue166_Sidechain_Comparison.csv,results/STEP17_FINAL_STRUCTURAL_REMODELING/tables/Table_17_06_Residue166_Sidechain_Comparison.csv,2,7eb70257593da06f682a3ddda54a9d260d4fc514f645237f5ca74b08f8da61a6
result,RESULTS/STEP17_STRUCTURAL_ENSEMBLE_POCKET_DYNAMICS/QC/Step17_QC_Summary.json,results/STEP17_STRUCTURAL_ENSEMBLE_POCKET_DYNAMICS/QC/Step17_QC_Summary.json,723,216cfbc299e4df113b61f0bc6468c7b5550d01b62e244eb3d39f589cc107156e
result,RESULTS/STEP17_STRUCTURAL_ENSEMBLE_POCKET_DYNAMICS/STEP17_ANALYSIS_SUMMARY.txt,results/STEP17_STRUCTURAL_ENSEMBLE_POCKET_DYNAMICS/STEP17_ANALYSIS_SUMMARY.txt,2216,0a8305dd3d3267ef8e4c15b0b48ebc1f103c439491b7bb3c9e14db6a06c660ec
result,RESULTS/STEP17_STRUCTURAL_ENSEMBLE_POCKET_DYNAMICS/STEP17_INTERPRETATION.txt,results/STEP17_STRUCTURAL_ENSEMBLE_POCKET_DYNAMICS/STEP17_INTERPRETATION.txt,3516,54990afedb2bb497b15c0a785552f1065658efa0209cd2e3abda0af822f5fcf2
result,RESULTS/STEP17_STRUCTURAL_ENSEMBLE_POCKET_DYNAMICS/tables/Table_17_01_WT_RMSF.csv,results/STEP17_STRUCTURAL_ENSEMBLE_POCKET_DYNAMICS/tables/Table_17_01_WT_RMSF.csv,9171,02c77ee9bf22eaeca6beba111606fc839e94743ed5d268b19facd27a4afd9a69
result,RESULTS/STEP17_STRUCTURAL_ENSEMBLE_POCKET_DYNAMICS/tables/Table_17_02_D166V_RMSF.csv,results/STEP17_STRUCTURAL_ENSEMBLE_POCKET_DYNAMICS/tables/Table_17_02_D166V_RMSF.csv,9174,a737f14b5c1d9b33314b784731e68547b684b48e68d776ea0de9989ba5745c58
result,RESULTS/STEP17_STRUCTURAL_ENSEMBLE_POCKET_DYNAMICS/tables/Table_17_02_WT_Residue166_Ensemble_Mobility.csv,results/STEP17_STRUCTURAL_ENSEMBLE_POCKET_DYNAMICS/tables/Table_17_02_WT_Residue166_Ensemble_Mobility.csv,694,fae1d51a6187ccab92d747ea0011640db7c378309088aa34324d08dc9bae64a5
result,RESULTS/STEP17_STRUCTURAL_ENSEMBLE_POCKET_DYNAMICS/tables/Table_17_03_D166V_Residue166_Ensemble_Mobility.csv,results/STEP17_STRUCTURAL_ENSEMBLE_POCKET_DYNAMICS/tables/Table_17_03_D166V_Residue166_Ensemble_Mobility.csv,694,cdc57e8a6d08d015d9585d5a5ccd0df290bf5682db96075bf31a93f6754d992f
result,RESULTS/STEP17_STRUCTURAL_ENSEMBLE_POCKET_DYNAMICS/tables/Table_17_03_WT_Pocket1_Local_Dynamics.csv,results/STEP17_STRUCTURAL_ENSEMBLE_POCKET_DYNAMICS/tables/Table_17_03_WT_Pocket1_Local_Dynamics.csv,2900,9858f2883b8c7bf0a003cadd44bbecf01a1479f9ec5d10b585ee13b9317a199b
result,RESULTS/STEP17_STRUCTURAL_ENSEMBLE_POCKET_DYNAMICS/tables/Table_17_04_D166V_Pocket1_Local_Dynamics.csv,results/STEP17_STRUCTURAL_ENSEMBLE_POCKET_DYNAMICS/tables/Table_17_04_D166V_Pocket1_Local_Dynamics.csv,2887,9f08f5d06badb1a856dddf46420df2320b6a959c44667567a6b7f2f2995ce9b3
result,RESULTS/STEP17_STRUCTURAL_ENSEMBLE_POCKET_DYNAMICS/tables/Table_17_04_WT_Pocket_Region_Dynamics.csv,results/STEP17_STRUCTURAL_ENSEMBLE_POCKET_DYNAMICS/tables/Table_17_04_WT_Pocket_Region_Dynamics.csv,1474,8e58009ead6ddc0ea0c50fe67c231f2c89776f0519571c9439ee4b168b00ceff
result,RESULTS/STEP17_STRUCTURAL_ENSEMBLE_POCKET_DYNAMICS/tables/Table_17_05_D166V_Pocket_Region_Dynamics.csv,results/STEP17_STRUCTURAL_ENSEMBLE_POCKET_DYNAMICS/tables/Table_17_05_D166V_Pocket_Region_Dynamics.csv,1469,8aa48b2ef3812a7b7e409c3ddf6e4e2f2cf0de40fcb9f06c0f9b870544e23b2e
result,RESULTS/STEP17_STRUCTURAL_ENSEMBLE_POCKET_DYNAMICS/tables/Table_17_05_WT_vs_D166V_RMSF.csv,results/STEP17_STRUCTURAL_ENSEMBLE_POCKET_DYNAMICS/tables/Table_17_05_WT_vs_D166V_RMSF.csv,20909,33c4aeb677039ee5cb34a7c7554f91ea6b9eb39ef8e6dde8ebd09ac158171279
result,RESULTS/STEP17_STRUCTURAL_ENSEMBLE_POCKET_DYNAMICS/tables/Table_17_06_WT_vs_D166V_Pocket1_Comparison.csv,results/STEP17_STRUCTURAL_ENSEMBLE_POCKET_DYNAMICS/tables/Table_17_06_WT_vs_D166V_Pocket1_Comparison.csv,6144,c006aa2bda355f687b9d0d87c5fee8a1ca76851fac148bbd146d614a3d271c4c
result,RESULTS/STEP17_STRUCTURAL_ENSEMBLE_POCKET_DYNAMICS/tables/Table_17_06_WT_vs_D166V_RMSF.csv,results/STEP17_STRUCTURAL_ENSEMBLE_POCKET_DYNAMICS/tables/Table_17_06_WT_vs_D166V_RMSF.csv,28097,7b61aab63596afe18e5d985228edd9ea5043b75b2d4c18a8247619685737131d
result,RESULTS/STEP17_STRUCTURAL_ENSEMBLE_POCKET_DYNAMICS/tables/Table_17_07_Ensemble_Dynamics_Summary.csv,results/STEP17_STRUCTURAL_ENSEMBLE_POCKET_DYNAMICS/tables/Table_17_07_Ensemble_Dynamics_Summary.csv,544,5d3ac86d3f6c517afe9f21c0584cea396204167a280c663ad9eb6b8516693227
result,RESULTS/STEP17_STRUCTURAL_ENSEMBLE_POCKET_DYNAMICS/tables/Table_17_07_Static_WT_vs_D166V_Structural_Difference.csv,results/STEP17_STRUCTURAL_ENSEMBLE_POCKET_DYNAMICS/tables/Table_17_07_Static_WT_vs_D166V_Structural_Difference.csv,16939,197167fdefb02c4d2a8f6212e7f34e36809e0ae1b110a10cad62f236270aa80c
result,RESULTS/STEP17_STRUCTURAL_ENSEMBLE_POCKET_DYNAMICS/tables/Table_17_08_Dynamic_Therapeutic_Pocket_Summary.csv,results/STEP17_STRUCTURAL_ENSEMBLE_POCKET_DYNAMICS/tables/Table_17_08_Dynamic_Therapeutic_Pocket_Summary.csv,486,cf5e45d98f6668731350a62eb9e75896e8c9e5fcda481120c814185575978fe1
result,RESULTS/STEP17_STRUCTURAL_ENSEMBLE_POCKET_DYNAMICS/tables/Table_17_08_Step17_Summary.csv,results/STEP17_STRUCTURAL_ENSEMBLE_POCKET_DYNAMICS/tables/Table_17_08_Step17_Summary.csv,572,8b52faebb610d931071924eaaf2cb31cc572cd995de13ede60ca2a19d36199e7
result,RESULTS/STEP17_STRUCTURAL_ENSEMBLE_POCKET_DYNAMICS/tables/Table_17_09_WT_Pocket1_Geometry.csv,results/STEP17_STRUCTURAL_ENSEMBLE_POCKET_DYNAMICS/tables/Table_17_09_WT_Pocket1_Geometry.csv,2957,3307a31867cd356cc32f1a6a37267ce0957fffeea8b1fae60cf28d6add86c884
result,RESULTS/STEP17_STRUCTURAL_ENSEMBLE_POCKET_DYNAMICS/tables/Table_17_10_D166V_Pocket1_Geometry.csv,results/STEP17_STRUCTURAL_ENSEMBLE_POCKET_DYNAMICS/tables/Table_17_10_D166V_Pocket1_Geometry.csv,2973,fb4279f6abd6ff3d8f70397eac7317147e93e3fc7b7c607d0e5a0168937eedfb
result,RESULTS/STEP17_STRUCTURAL_ENSEMBLE_POCKET_DYNAMICS/tables/Table_17_11_WT_D166_Mobility.csv,results/STEP17_STRUCTURAL_ENSEMBLE_POCKET_DYNAMICS/tables/Table_17_11_WT_D166_Mobility.csv,391,5842bbfc38eccf9a0b663afd5114116c4fa81db76812b9eb6ce60fb521b5d258
result,RESULTS/STEP17_STRUCTURAL_ENSEMBLE_POCKET_DYNAMICS/tables/Table_17_12_D166V_V166_Mobility.csv,results/STEP17_STRUCTURAL_ENSEMBLE_POCKET_DYNAMICS/tables/Table_17_12_D166V_V166_Mobility.csv,391,245ea7e773c57e544b5dde70e5a010e1ae33ddfb4244d9a670d13ef06f292879
result,RESULTS/STEP18_THERAPEUTIC_COMPOUND_LIBRARY/QC/STEP18_MANIFEST.txt,results/STEP18_THERAPEUTIC_COMPOUND_LIBRARY/QC/STEP18_MANIFEST.txt,1289,ee075e6b3178ea5e9a317e1ede167a9769d97ae9e27ee83e87655a07e4b773f7
result,RESULTS/STEP18_THERAPEUTIC_COMPOUND_LIBRARY/QC/STEP18_QC.json,results/STEP18_THERAPEUTIC_COMPOUND_LIBRARY/QC/STEP18_QC.json,1828,ed7b03ccbfd20da5aac6328b8c5b16e955a2ef7d891cbe349062b653325b524a
result,RESULTS/STEP18_THERAPEUTIC_COMPOUND_LIBRARY/reports/STEP18_INTERPRETATION.txt,results/STEP18_THERAPEUTIC_COMPOUND_LIBRARY/reports/STEP18_INTERPRETATION.txt,2546,efcf10c7eff847bdadb38b19f9a0aeb7f5d2a5f837bb9ce1ecd6dc7e41989fdd
result,RESULTS/STEP18_THERAPEUTIC_COMPOUND_LIBRARY/tables/STEP18_MASTER_COMPOUND_LIBRARY.csv,results/STEP18_THERAPEUTIC_COMPOUND_LIBRARY/tables/STEP18_MASTER_COMPOUND_LIBRARY.csv,10679,b5dab87830b25febd6ea1c53e64354a3e5b81d6f2ccdac400b442927a1f21928
result,RESULTS/STEP18_THERAPEUTIC_COMPOUND_LIBRARY/tables/STEP18_SCREENING_READY_LIBRARY.csv,results/STEP18_THERAPEUTIC_COMPOUND_LIBRARY/tables/STEP18_SCREENING_READY_LIBRARY.csv,10730,e5d751c6267390af7b1d56128b813db32ce06254cc8d39682fb777021632f912
result,RESULTS/STEP18_THERAPEUTIC_COMPOUND_LIBRARY/tables/STEP18_SEARCH_PROVENANCE.csv,results/STEP18_THERAPEUTIC_COMPOUND_LIBRARY/tables/STEP18_SEARCH_PROVENANCE.csv,1180,d8f89baa5dc4aa6e9f2b08757cc199aca05a5fa588d6185899aeb26c736ea4a2
result,RESULTS/STEP18_THERAPEUTIC_COMPOUND_LIBRARY/tables/STEP18_SOURCE_SUMMARY.csv,results/STEP18_THERAPEUTIC_COMPOUND_LIBRARY/tables/STEP18_SOURCE_SUMMARY.csv,378,f3b06b705cf04f3348907610231e4970b3ed875f4cdaea1fae0437eed38aa333
result,RESULTS/STEP18_THERAPEUTIC_COMPOUND_LIBRARY/tables/Table_18_01_Search_Provenance.csv,results/STEP18_THERAPEUTIC_COMPOUND_LIBRARY/tables/Table_18_01_Search_Provenance.csv,2,7eb70257593da06f682a3ddda54a9d260d4fc514f645237f5ca74b08f8da61a6
result,RESULTS/STEP19_DRUG_LIKENESS_FILTERING/QC/STEP19_QC.json,results/STEP19_DRUG_LIKENESS_FILTERING/QC/STEP19_QC.json,832,73a68f042f0b33d4cddc0c40622e58e6ad985c7906dd8b88981b578e740c434c
result,RESULTS/STEP19_DRUG_LIKENESS_FILTERING/reports/STEP19_INTERPRETATION.txt,results/STEP19_DRUG_LIKENESS_FILTERING/reports/STEP19_INTERPRETATION.txt,1375,f23a0eefe7f018942b0e45051c50d8ac82b4fea0a739b476f63d544b0bb95953
result,RESULTS/STEP19_DRUG_LIKENESS_FILTERING/tables/STEP19_CLASS_SUMMARY.csv,results/STEP19_DRUG_LIKENESS_FILTERING/tables/STEP19_CLASS_SUMMARY.csv,80,e532c592caabe0f745b4e963993a4b16f35d0d6b94ded853578ffc473692fa47
result,RESULTS/STEP19_DRUG_LIKENESS_FILTERING/tables/STEP19_MASTER_DRUG_LIKENESS_TABLE.csv,results/STEP19_DRUG_LIKENESS_FILTERING/tables/STEP19_MASTER_DRUG_LIKENESS_TABLE.csv,12578,ac9ae73259f9c703a62b656691f1c2d3cc3f321138a8811ef218f7b700b044bb
result,RESULTS/STEP19_DRUG_LIKENESS_FILTERING/tables/STEP19_PROPERTY_FILTER_SUMMARY.csv,results/STEP19_DRUG_LIKENESS_FILTERING/tables/STEP19_PROPERTY_FILTER_SUMMARY.csv,165,2c820fdbe6d71332788986071e3b438160b275cad7c7f513b1bb07830592e3c5
result,RESULTS/STEP19_DRUG_LIKENESS_FILTERING/tables/STEP19_SCREENING_READY_LIBRARY.csv,results/STEP19_DRUG_LIKENESS_FILTERING/tables/STEP19_SCREENING_READY_LIBRARY.csv,7149,d4ad70758a57fe832a2213581be4fee88d4c4f2de3f844ab838c3f57a2ab7abc
result,RESULTS/STEP20_PHARMACOPHORE_SHAPE_SCREENING/QC/STEP20_CONFORMER_FAILURES.csv,results/STEP20_PHARMACOPHORE_SHAPE_SCREENING/QC/STEP20_CONFORMER_FAILURES.csv,2,7eb70257593da06f682a3ddda54a9d260d4fc514f645237f5ca74b08f8da61a6
result,RESULTS/STEP20_PHARMACOPHORE_SHAPE_SCREENING/QC/STEP20_MANIFEST.txt,results/STEP20_PHARMACOPHORE_SHAPE_SCREENING/QC/STEP20_MANIFEST.txt,2379,5e5c37e4806497bea458713b44ace88d8afc2182adbf6af1e96e16889ee08113
result,RESULTS/STEP20_PHARMACOPHORE_SHAPE_SCREENING/QC/STEP20_QC.json,results/STEP20_PHARMACOPHORE_SHAPE_SCREENING/QC/STEP20_QC.json,1166,5cb08ac8f54249a889b39efa8ec179cfd40aa13fb91413b63e755ec2ce3c1328
result,RESULTS/STEP20_PHARMACOPHORE_SHAPE_SCREENING/reports/STEP20_INTERPRETATION.txt,results/STEP20_PHARMACOPHORE_SHAPE_SCREENING/reports/STEP20_INTERPRETATION.txt,2595,13dabfc1fd53882e071c51b635056a192745ad5c358e6bf0938641979da40e8f
result,RESULTS/STEP20_PHARMACOPHORE_SHAPE_SCREENING/tables/STEP20_CLASS_SUMMARY.csv,results/STEP20_PHARMACOPHORE_SHAPE_SCREENING/tables/STEP20_CLASS_SUMMARY.csv,77,0223c71f906402476e2230015a5686c1813ef38382481df07fdaf71ca5781898
result,RESULTS/STEP20_PHARMACOPHORE_SHAPE_SCREENING/tables/STEP20_PHARMACOPHORE_SHAPE_SCREENING.csv,results/STEP20_PHARMACOPHORE_SHAPE_SCREENING/tables/STEP20_PHARMACOPHORE_SHAPE_SCREENING.csv,4255,35eaf1a77bac87bf7df7a4a3bbdab3aaa4bdad7bf3576b5f657391bc537c6cd6
result,RESULTS/STEP20_PHARMACOPHORE_SHAPE_SCREENING/tables/STEP20_POCKET_PHARMACOPHORE_FEATURES.csv,results/STEP20_PHARMACOPHORE_SHAPE_SCREENING/tables/STEP20_POCKET_PHARMACOPHORE_FEATURES.csv,4569,9b657152edf06993277d6cf0e78ccd63e6f5578c52391dc92173c7fe0ec4d61a
result,RESULTS/STEP20_PHARMACOPHORE_SHAPE_SCREENING/tables/STEP20_POCKET_SUMMARY.csv,results/STEP20_PHARMACOPHORE_SHAPE_SCREENING/tables/STEP20_POCKET_SUMMARY.csv,193,54516f8b20080087923e0f870e358db89a1d9298a22c0addbc4191947071d7b8
result,RESULTS/STEP21_VIRTUAL_SCREENING_DOCKING/qc/STEP21_INTERPRETATION.txt,results/STEP21_VIRTUAL_SCREENING_DOCKING/qc/STEP21_INTERPRETATION.txt,1173,1a3ba2075cbd1afd767fbcd090a0152dea5f110775e696bb5f83f7d6e7a4118d
result,RESULTS/STEP21_VIRTUAL_SCREENING_DOCKING/qc/STEP21_MANIFEST.txt,results/STEP21_VIRTUAL_SCREENING_DOCKING/qc/STEP21_MANIFEST.txt,1010,4a1c6531291d5d198dc3626f176e5ba4d557c18013896b9795f8caabc8377355
result,RESULTS/STEP21_VIRTUAL_SCREENING_DOCKING/qc/STEP21_QC.json,results/STEP21_VIRTUAL_SCREENING_DOCKING/qc/STEP21_QC.json,840,e0bebfc94335eaf222f4e11425734843465b5fc2614a125be79cd990ce32dd67
result,RESULTS/STEP21_VIRTUAL_SCREENING_DOCKING/tables/STEP21_BEST_DOCKING_RESULTS.csv,results/STEP21_VIRTUAL_SCREENING_DOCKING/tables/STEP21_BEST_DOCKING_RESULTS.csv,3118,2610b2e1561710ecc690ce851c0e6cde5db3daacaff089d78a1fd189f134196b
result,RESULTS/STEP21_VIRTUAL_SCREENING_DOCKING/tables/STEP21_COMPLETE_DOCKING_SUMMARY.csv,results/STEP21_VIRTUAL_SCREENING_DOCKING/tables/STEP21_COMPLETE_DOCKING_SUMMARY.csv,3118,2610b2e1561710ecc690ce851c0e6cde5db3daacaff089d78a1fd189f134196b
result,RESULTS/STEP21_VIRTUAL_SCREENING_DOCKING/tables/STEP21_DOCKING_FAILURES.csv,results/STEP21_VIRTUAL_SCREENING_DOCKING/tables/STEP21_DOCKING_FAILURES.csv,29692,d26598e4561d3ed0aa5ebcac6918458e9e9a2e5b695437c04cd6d46dc611a12e
result,RESULTS/STEP21_VIRTUAL_SCREENING_DOCKING/tables/STEP21_POSE_LEVEL_RESULTS.csv,results/STEP21_VIRTUAL_SCREENING_DOCKING/tables/STEP21_POSE_LEVEL_RESULTS.csv,3394,50084d9eab201e62148a645b62ef77d47086ff7fec23dfe566bb94090241ae90
result,RESULTS/STEP22_WT_vs_D166V_DIFFERENTIAL_DOCKING/qc/STEP22_INTERPRETATION.txt,results/STEP22_WT_vs_D166V_DIFFERENTIAL_DOCKING/qc/STEP22_INTERPRETATION.txt,1072,f32960d46ef5826c12d1cc7d2923f24e04f3e440badd4865202f232a784c8655
result,RESULTS/STEP22_WT_vs_D166V_DIFFERENTIAL_DOCKING/qc/STEP22_MANIFEST.txt,results/STEP22_WT_vs_D166V_DIFFERENTIAL_DOCKING/qc/STEP22_MANIFEST.txt,1179,62373c84d8f7ae314c445ec6f91d1c45fe1ed2bc9cc3d29b706a86a2de610b7e
result,RESULTS/STEP22_WT_vs_D166V_DIFFERENTIAL_DOCKING/qc/STEP22_QC.json,results/STEP22_WT_vs_D166V_DIFFERENTIAL_DOCKING/qc/STEP22_QC.json,1265,e0fd4e62a2a1dd9b14a87038533007b55d396b65ead8b33c25d985fceb911b93
result,RESULTS/STEP22_WT_vs_D166V_DIFFERENTIAL_DOCKING/tables/STEP22_D166V_POSE_LEVEL_RESULTS.csv,results/STEP22_WT_vs_D166V_DIFFERENTIAL_DOCKING/tables/STEP22_D166V_POSE_LEVEL_RESULTS.csv,2689,463bee3b9f38c2d44e098debabff5092152ebbde0ddb4a66bd176615569e7d82
result,RESULTS/STEP22_WT_vs_D166V_DIFFERENTIAL_DOCKING/tables/STEP22_WT_POSE_LEVEL_RESULTS.csv,results/STEP22_WT_vs_D166V_DIFFERENTIAL_DOCKING/tables/STEP22_WT_POSE_LEVEL_RESULTS.csv,2661,e6dfb1aac25903697204b6e2773c883af8cb9c162dc265337b77e96b0f3ed790
result,RESULTS/STEP22_WT_vs_D166V_DIFFERENTIAL_DOCKING/tables/STEP22_WT_vs_D166V_DIFFERENTIAL_DOCKING.csv,results/STEP22_WT_vs_D166V_DIFFERENTIAL_DOCKING/tables/STEP22_WT_vs_D166V_DIFFERENTIAL_DOCKING.csv,4329,5d3b52be2e9dc1e5b681082efd256e8c0d68367a7d31238783b2c50a99f5098d
result,RESULTS/STEP23_LEAD_PRIORITIZATION/qc/STEP23_INTERPRETATION.txt,results/STEP23_LEAD_PRIORITIZATION/qc/STEP23_INTERPRETATION.txt,1331,cb493050190b33e5cba751cb042a84c85aa6a37cf0bc961d12ad4b69e098cb7e
result,RESULTS/STEP23_LEAD_PRIORITIZATION/qc/STEP23_QC.json,results/STEP23_LEAD_PRIORITIZATION/qc/STEP23_QC.json,1356,1c6a9c6eab55eb950f60a0ec0b5115852972a0a68fe4ba598b99cc0616afab6b
result,RESULTS/STEP23_LEAD_PRIORITIZATION/tables/STEP23_EVIDENCE_COMPONENT_SCORES.csv,results/STEP23_LEAD_PRIORITIZATION/tables/STEP23_EVIDENCE_COMPONENT_SCORES.csv,1055,0d23fc10e8e7f138008c9fc0269dcd1ed3326c65682e66b9ed83d699a1beb751
result,RESULTS/STEP23_LEAD_PRIORITIZATION/tables/STEP23_LEAD_PRIORITIZATION.csv,results/STEP23_LEAD_PRIORITIZATION/tables/STEP23_LEAD_PRIORITIZATION.csv,5687,8963a8754916010cf10ac61206aa6f188f11fbf182edc1c948cfadeba95f52a1
result,RESULTS/STEP23_LEAD_PRIORITIZATION/tables/STEP23_TOP_LEADS.csv,results/STEP23_LEAD_PRIORITIZATION/tables/STEP23_TOP_LEADS.csv,3177,ceb74ca96d88eb27baf7a7bbfdaeb8ac2287cd86f6e8df3d16ee7ac2ad24af0a
result,RESULTS/STEP24_INTERACTION_FINGERPRINTING/qc/STEP24_INTERPRETATION.txt,results/STEP24_INTERACTION_FINGERPRINTING/qc/STEP24_INTERPRETATION.txt,480,ef41bbc85ba4e900b1e5ac16848666962e58f6cd2541bcaf022f69d60585dafb
result,RESULTS/STEP24_INTERACTION_FINGERPRINTING/qc/STEP24_QC.json,results/STEP24_INTERACTION_FINGERPRINTING/qc/STEP24_QC.json,855,b48b1cdf6f39ff3ad1fa17a03e5b27001ff7541719e8c4a2c0204fa7dc844312
result,RESULTS/STEP24_INTERACTION_FINGERPRINTING/tables/STEP24_ATOM_LEVEL_CONTACTS.csv,results/STEP24_INTERACTION_FINGERPRINTING/tables/STEP24_ATOM_LEVEL_CONTACTS.csv,80052,1b3e4efb7cc84f2ba2b5143032908294c2c2aed39a0ff0316234737acae8b852
result,RESULTS/STEP24_INTERACTION_FINGERPRINTING/tables/STEP24_INTERACTION_TYPE_MATRIX.csv,results/STEP24_INTERACTION_FINGERPRINTING/tables/STEP24_INTERACTION_TYPE_MATRIX.csv,418,ca453b57a2389d8883b1b446f7131fabd630364b093deb95d1b5ad543b7596ad
result,RESULTS/STEP24_INTERACTION_FINGERPRINTING/tables/STEP24_INTERACTION_TYPE_SUMMARY.csv,results/STEP24_INTERACTION_FINGERPRINTING/tables/STEP24_INTERACTION_TYPE_SUMMARY.csv,1230,94ac4b8d842a2e466663e7f737ad14d14a0d29dcf6da321c8b495670aa630fae
result,RESULTS/STEP24_INTERACTION_FINGERPRINTING/tables/STEP24_LEAD_INTERACTION_SUMMARY.csv,results/STEP24_INTERACTION_FINGERPRINTING/tables/STEP24_LEAD_INTERACTION_SUMMARY.csv,453,ec60a20e06113063c0ae4da8e0b521fad94aae9b87453bd56e07411586a546d5
result,RESULTS/STEP24_INTERACTION_FINGERPRINTING/tables/STEP24_RESIDUE_INTERACTION_FINGERPRINT.csv,results/STEP24_INTERACTION_FINGERPRINTING/tables/STEP24_RESIDUE_INTERACTION_FINGERPRINT.csv,12197,0a382b9c9e17a16b1ccbb4ba928d98caf8a4b80f4beeb42000417573a6a68815
result,RESULTS/STEP24_INTERACTION_FINGERPRINTING/tables/STEP24_TOP_INTERACTING_RESIDUES.csv,results/STEP24_INTERACTION_FINGERPRINTING/tables/STEP24_TOP_INTERACTING_RESIDUES.csv,5687,50a8f43f0f7cb9c4638cd9f195d139eb463179967af963bc39e786f41d5f511e
result,RESULTS/STEP24_INTERACTION_FINGERPRINTING/tables/STEP24_WT_vs_D166V_INTERACTION_COMPARISON.csv,results/STEP24_INTERACTION_FINGERPRINTING/tables/STEP24_WT_vs_D166V_INTERACTION_COMPARISON.csv,545,44a066ba6d5fc3ed5261866de6fadf063260b5600fcd674205503058ef5fff61
result,RESULTS/STEP25_D166V_FUNCTIONAL_MECHANISM/qc/STEP25_INTERPRETATION.txt,results/STEP25_D166V_FUNCTIONAL_MECHANISM/qc/STEP25_INTERPRETATION.txt,571,52b490721fd00e24986521c262ec2e81805893ce99c9cb07e8ac55c9185b34f5
result,RESULTS/STEP25_D166V_FUNCTIONAL_MECHANISM/qc/STEP25_QC.json,results/STEP25_D166V_FUNCTIONAL_MECHANISM/qc/STEP25_QC.json,845,9eca7bff1ead25a8eef5b20f790ac917ee6e17b78bb7f107e98b7da9d9f91646
result,RESULTS/STEP25_D166V_FUNCTIONAL_MECHANISM/tables/STEP25_D166V_Candidate_HBond_Geometry.csv,results/STEP25_D166V_FUNCTIONAL_MECHANISM/tables/STEP25_D166V_Candidate_HBond_Geometry.csv,706,06ec25a467b73a195271a10aa0e7b5630d0cbe77a2c0392881f4853ccaa09066
result,RESULTS/STEP25_D166V_FUNCTIONAL_MECHANISM/tables/STEP25_D166V_Contacts.csv,results/STEP25_D166V_FUNCTIONAL_MECHANISM/tables/STEP25_D166V_Contacts.csv,2605,5193f94a36c14cee56edccf9f1f6dbc5dc552f1405973ec81809ded9722d5706
result,RESULTS/STEP25_D166V_FUNCTIONAL_MECHANISM/tables/STEP25_D166V_FUNCTIONAL_MECHANISM_SUMMARY.csv,results/STEP25_D166V_FUNCTIONAL_MECHANISM/tables/STEP25_D166V_FUNCTIONAL_MECHANISM_SUMMARY.csv,1240,49cf80e01de57d8b8c8357f3b8da046a4c2fe085b755f60e3be7e130dff476cb
result,RESULTS/STEP25_D166V_FUNCTIONAL_MECHANISM/tables/STEP25_D166V_Local_Atom_Environment.csv,results/STEP25_D166V_FUNCTIONAL_MECHANISM/tables/STEP25_D166V_Local_Atom_Environment.csv,6060,05e64e0dbdc54c1bda4fc8d141ac3295555a9c2fbe9a36d3ebd6b312d6866bd5
result,RESULTS/STEP25_D166V_FUNCTIONAL_MECHANISM/tables/STEP25_D166V_Local_Environment.csv,results/STEP25_D166V_FUNCTIONAL_MECHANISM/tables/STEP25_D166V_Local_Environment.csv,1745,1a79ddac6e5e56cb9f431c1b108db1fa1b735f2f0ca89296e1be60ac89d2e3d6
result,RESULTS/STEP25_D166V_FUNCTIONAL_MECHANISM/tables/STEP25_D166V_Local_Residue_Environment.csv,results/STEP25_D166V_FUNCTIONAL_MECHANISM/tables/STEP25_D166V_Local_Residue_Environment.csv,1737,e13924e6696e14c7b16e5b4cf9c8ff5e8d6af68dc8e347c50ec5ae7833bac9a2
result,RESULTS/STEP25_D166V_FUNCTIONAL_MECHANISM/tables/STEP25_D166V_Residue_166_Contact_Summary.csv,results/STEP25_D166V_FUNCTIONAL_MECHANISM/tables/STEP25_D166V_Residue_166_Contact_Summary.csv,320,9bb8e2fa2d6515f0f358897b5982f88a560fe6def73dc342c2125ae2d1c74981
result,RESULTS/STEP25_D166V_FUNCTIONAL_MECHANISM/tables/STEP25_D166V_Target_Residue_Metrics.csv,results/STEP25_D166V_FUNCTIONAL_MECHANISM/tables/STEP25_D166V_Target_Residue_Metrics.csv,545,8009210ab93e97853a01c0be9d899c49bf66a922377616017d4c2a30a797f890
result,RESULTS/STEP25_D166V_FUNCTIONAL_MECHANISM/tables/STEP25_WT_D166_Candidate_HBond_Geometry.csv,results/STEP25_D166V_FUNCTIONAL_MECHANISM/tables/STEP25_WT_D166_Candidate_HBond_Geometry.csv,991,9962e82add3953c58b8671fc317ed9615c89faa8b134372c5ae4754b957532f3
result,RESULTS/STEP25_D166V_FUNCTIONAL_MECHANISM/tables/STEP25_WT_D166_Contacts.csv,results/STEP25_D166V_FUNCTIONAL_MECHANISM/tables/STEP25_WT_D166_Contacts.csv,3148,2835f88d0ac3d39ee734793936d7457ddad34fa18cda76857616c351c8cdf9c8
result,RESULTS/STEP25_D166V_FUNCTIONAL_MECHANISM/tables/STEP25_WT_D166_Local_Atom_Environment.csv,results/STEP25_D166V_FUNCTIONAL_MECHANISM/tables/STEP25_WT_D166_Local_Atom_Environment.csv,6310,246085769909a3b9961109d661b0d04a302a01e5975aa2dab9e0fb5ef5366e22
result,RESULTS/STEP25_D166V_FUNCTIONAL_MECHANISM/tables/STEP25_WT_D166_Local_Environment.csv,results/STEP25_D166V_FUNCTIONAL_MECHANISM/tables/STEP25_WT_D166_Local_Environment.csv,1823,9740f4fb7972fce0d7cdce927a85193ab972086ec209db100144c5719fb59575
result,RESULTS/STEP25_D166V_FUNCTIONAL_MECHANISM/tables/STEP25_WT_Local_Residue_Environment.csv,results/STEP25_D166V_FUNCTIONAL_MECHANISM/tables/STEP25_WT_Local_Residue_Environment.csv,1815,91435367f7902156e09d04b60aa57c5610112f5f8ff85cebae37ddceb87217a8
result,RESULTS/STEP25_D166V_FUNCTIONAL_MECHANISM/tables/STEP25_WT_Residue_166_Contact_Summary.csv,results/STEP25_D166V_FUNCTIONAL_MECHANISM/tables/STEP25_WT_Residue_166_Contact_Summary.csv,345,2b80ad91d24b4e2726c0697d93e0d08d6a14c0dce229babcfb9835055e70ac42
result,RESULTS/STEP25_D166V_FUNCTIONAL_MECHANISM/tables/STEP25_WT_vs_D166V_Contact_Comparison.csv,results/STEP25_D166V_FUNCTIONAL_MECHANISM/tables/STEP25_WT_vs_D166V_Contact_Comparison.csv,4666,8599694d214f84de8f67071f207ab06fee87222ef0ce7ca1cf0e360b77e8e39d
result,RESULTS/STEP25_D166V_FUNCTIONAL_MECHANISM/tables/STEP25_WT_vs_D166V_Local_Environment.csv,results/STEP25_D166V_FUNCTIONAL_MECHANISM/tables/STEP25_WT_vs_D166V_Local_Environment.csv,3821,d9225549c6b7a325ef9bccb4ee14ec9bf82f3c948ba66cdfa15926dbb8cce231
result,RESULTS/STEP25_WT_CID71236597_MD/md/NVT_equilibration.csv,results/STEP25_WT_CID71236597_MD/md/NVT_equilibration.csv,0,e3b0c44298fc1c149afbf4c8996fb92427ae41e4649b934ca495991b7852b855
result,RESULTS/STEP26_D166V_MASLD_MECHANISTIC_LINK/qc/STEP26_INTERPRETATION.txt,results/STEP26_D166V_MASLD_MECHANISTIC_LINK/qc/STEP26_INTERPRETATION.txt,965,b93a6012b2b97b24162bd21f5237f17c6808dacd69bbe98c97bf70561908ed25
result,RESULTS/STEP26_D166V_MASLD_MECHANISTIC_LINK/qc/STEP26_QC.json,results/STEP26_D166V_MASLD_MECHANISTIC_LINK/qc/STEP26_QC.json,485,b75fe6eb3d813b5ded7817b7f6f9972dbcd1cff445b2a669a14848eeebe2df7b
result,RESULTS/STEP26_D166V_MASLD_MECHANISTIC_LINK/tables/STEP26_Catalytic_Site_Geometry.csv,results/STEP26_D166V_MASLD_MECHANISTIC_LINK/tables/STEP26_Catalytic_Site_Geometry.csv,565,3fc99caa73071a8444d9c60d9d4813dfe46ed40eeece277a999c6da65a9ed15f
result,RESULTS/STEP26_D166V_MASLD_MECHANISTIC_LINK/tables/STEP26_ESTABLISHED_BIOLOGICAL_CONTEXT.csv,results/STEP26_D166V_MASLD_MECHANISTIC_LINK/tables/STEP26_ESTABLISHED_BIOLOGICAL_CONTEXT.csv,1114,47f9661ba524667b391c0d08b1f5a8f525e6a328b4479049af9475a51e701f11
result,RESULTS/STEP26_D166V_MASLD_MECHANISTIC_LINK/tables/STEP26_FINAL_MECHANISTIC_INTEGRATION.csv,results/STEP26_D166V_MASLD_MECHANISTIC_LINK/tables/STEP26_FINAL_MECHANISTIC_INTEGRATION.csv,1424,a0219f5ca3c2194e6a8e89a04e6db3545d6ab20a51dde0eca912033ae2e6800e
result,RESULTS/STEP26_D166V_MASLD_MECHANISTIC_LINK/tables/STEP26_MASLD_MECHANISTIC_EVIDENCE_MATRIX.csv,results/STEP26_D166V_MASLD_MECHANISTIC_LINK/tables/STEP26_MASLD_MECHANISTIC_EVIDENCE_MATRIX.csv,2075,8ed65821f19f190db1fbe9bc7eaf17c6b9b48418f1da23b1f740ea6636031feb
result,RESULTS/STEP26_D166V_MASLD_MECHANISTIC_LINK/tables/STEP26_Step25_Summary_CarryForward.csv,results/STEP26_D166V_MASLD_MECHANISTIC_LINK/tables/STEP26_Step25_Summary_CarryForward.csv,1234,47f49d17b75e4655df9553fa52deb4f9c126d25c510b34408bdfb617b3319bb8
result,RESULTS/STEP27_ORTHOGONAL_STRUCTURAL_VALIDATION/QC/STEP27_INTERPRETATION.txt,results/STEP27_ORTHOGONAL_STRUCTURAL_VALIDATION/QC/STEP27_INTERPRETATION.txt,979,12b7f31ca2c2f9d713f41010bd67c77bd0625a7a4e0b4eb68155952d3d4e56e6
result,RESULTS/STEP27_ORTHOGONAL_STRUCTURAL_VALIDATION/QC/STEP27_METHOD_CONTROL.json,results/STEP27_ORTHOGONAL_STRUCTURAL_VALIDATION/QC/STEP27_METHOD_CONTROL.json,192,c3988a91b17a964bc8700743471bdda293ed633debe3258cc59b9f2c37352cca
result,RESULTS/STEP27_ORTHOGONAL_STRUCTURAL_VALIDATION/QC/STEP27_QC.json,results/STEP27_ORTHOGONAL_STRUCTURAL_VALIDATION/QC/STEP27_QC.json,385,69b895d375a084ace02a0ff1aa2744b644b6bc397cc73020699ddab38b83fb23
result,RESULTS/STEP27_ORTHOGONAL_STRUCTURAL_VALIDATION/tables/STEP27_BACKBONE_RMSD_CONTROL.csv,results/STEP27_ORTHOGONAL_STRUCTURAL_VALIDATION/tables/STEP27_BACKBONE_RMSD_CONTROL.csv,83,eda321dc27186a92a56efadc35b3e600df4c55ba38b6bcd6359b0e8b71497d58
result,RESULTS/STEP27_ORTHOGONAL_STRUCTURAL_VALIDATION/tables/STEP27_INDEPENDENT_CONTACT_COMPARISON.csv,results/STEP27_ORTHOGONAL_STRUCTURAL_VALIDATION/tables/STEP27_INDEPENDENT_CONTACT_COMPARISON.csv,432,f6ac20e384d9ee1c183fec5f9e81a11910df21f2645ac96adf1811bfd8fe2fdb
result,RESULTS/STEP27_ORTHOGONAL_STRUCTURAL_VALIDATION/tables/STEP27_ORTHOGONAL_EVIDENCE_MATRIX.csv,results/STEP27_ORTHOGONAL_STRUCTURAL_VALIDATION/tables/STEP27_ORTHOGONAL_EVIDENCE_MATRIX.csv,778,e2c03f15187ddfa11546facdb99841445a2123661fe374d51feb6df3f91f6b95
result,RESULTS/STEP27_ORTHOGONAL_STRUCTURAL_VALIDATION/tables/STEP27_RESIDUE_166_INDEPENDENT_METRICS.csv,results/STEP27_ORTHOGONAL_STRUCTURAL_VALIDATION/tables/STEP27_RESIDUE_166_INDEPENDENT_METRICS.csv,395,1a9831b3c79321733e732b52565e2e7e63f6b5b3b49ec0c2eab4c1dd59ecc04d
result,RESULTS/STEP28_MUTATION_SPECIFIC_THERAPEUTIC_VULNERABILITY/QC/STEP28_INTERPRETATION.txt,results/STEP28_MUTATION_SPECIFIC_THERAPEUTIC_VULNERABILITY/QC/STEP28_INTERPRETATION.txt,631,82994ce71561d67ac34d497a79dade40d57059741c91d01c831e1a7fef3252ff
result,RESULTS/STEP28_MUTATION_SPECIFIC_THERAPEUTIC_VULNERABILITY/QC/STEP28_QC.json,results/STEP28_MUTATION_SPECIFIC_THERAPEUTIC_VULNERABILITY/QC/STEP28_QC.json,435,c6e9b016cb8080ef578c90412b8d3fd2d35afb9795d6c6752588aa4f97780944
result,RESULTS/STEP28_MUTATION_SPECIFIC_THERAPEUTIC_VULNERABILITY/tables/STEP28_DOCKING_PREFERENCE_COUNTS.csv,results/STEP28_MUTATION_SPECIFIC_THERAPEUTIC_VULNERABILITY/tables/STEP28_DOCKING_PREFERENCE_COUNTS.csv,70,5d8fc15897244a0476fe4d770b3666ee1bd25868fb70149eaef9ff6e2257eb6e
result,RESULTS/STEP28_MUTATION_SPECIFIC_THERAPEUTIC_VULNERABILITY/tables/STEP28_FULL_THERAPEUTIC_VULNERABILITY_ANALYSIS.csv,results/STEP28_MUTATION_SPECIFIC_THERAPEUTIC_VULNERABILITY/tables/STEP28_FULL_THERAPEUTIC_VULNERABILITY_ANALYSIS.csv,7005,089d287bd41b7dd02f750b2c3e6e560f16612907ee84245d26284c19d90b8379
result,RESULTS/STEP28_MUTATION_SPECIFIC_THERAPEUTIC_VULNERABILITY/tables/STEP28_INTERPRETATION_COUNTS.csv,results/STEP28_MUTATION_SPECIFIC_THERAPEUTIC_VULNERABILITY/tables/STEP28_INTERPRETATION_COUNTS.csv,83,f9684ab8ae6682b9da157c220e18218ca48a69947049d2f34bab935192447639
result,RESULTS/STEP28_MUTATION_SPECIFIC_THERAPEUTIC_VULNERABILITY/tables/STEP28_STRUCTURAL_CONTEXT.json,results/STEP28_MUTATION_SPECIFIC_THERAPEUTIC_VULNERABILITY/tables/STEP28_STRUCTURAL_CONTEXT.json,451,35b1c542ad9833f66de068aaf70fbc10217ff28e59de53abadea9ce0fa6a6d8d
result,RESULTS/STEP28_MUTATION_SPECIFIC_THERAPEUTIC_VULNERABILITY/tables/STEP28_THERAPEUTIC_VULNERABILITY_SUMMARY.csv,results/STEP28_MUTATION_SPECIFIC_THERAPEUTIC_VULNERABILITY/tables/STEP28_THERAPEUTIC_VULNERABILITY_SUMMARY.csv,1714,ef3bcf70baa8ad3a8059b063517579db8cb718c76bf774e4570f2238aa77295d
result,RESULTS/STEP29_LEAD_VALIDATION_RESCORING/QC/STEP29_INTERPRETATION.txt,results/STEP29_LEAD_VALIDATION_RESCORING/QC/STEP29_INTERPRETATION.txt,732,a34e89ae0185c5c893fd0f45ec0ba1ea86170ef2ceff297f238516c71c494789
result,RESULTS/STEP29_LEAD_VALIDATION_RESCORING/QC/STEP29_QC.json,results/STEP29_LEAD_VALIDATION_RESCORING/QC/STEP29_QC.json,508,dd57ea18f2a1575a2c9afb45a7eb4acad661c8162c6a45767375059bdec61182
result,RESULTS/STEP29_LEAD_VALIDATION_RESCORING/tables/STEP29_FULL_LEAD_VALIDATION.csv,results/STEP29_LEAD_VALIDATION_RESCORING/tables/STEP29_FULL_LEAD_VALIDATION.csv,4186,dca40b7044ffffd0d292b28f9e9cf947f7f7476d41ddc5528e08fe2b51d11300
result,RESULTS/STEP29_LEAD_VALIDATION_RESCORING/tables/STEP29_INTERACTION_CONSISTENCY.csv,results/STEP29_LEAD_VALIDATION_RESCORING/tables/STEP29_INTERACTION_CONSISTENCY.csv,533,357755a0d7b653986d129d2f5bb7e5ab6126347aacfa45b5e656c6ef561ed809
result,RESULTS/STEP29_LEAD_VALIDATION_RESCORING/tables/STEP29_TOP_LEAD_VALIDATION.csv,results/STEP29_LEAD_VALIDATION_RESCORING/tables/STEP29_TOP_LEAD_VALIDATION.csv,1223,255e848288180cfbc95441ecfbacc745028ca90029657207f0923a8ea5679f4d
result,RESULTS/STEP29_LEAD_VALIDATION_RESCORING/tables/STEP29_VALIDATION_CLASS_COUNTS.csv,results/STEP29_LEAD_VALIDATION_RESCORING/tables/STEP29_VALIDATION_CLASS_COUNTS.csv,81,f9afdd8aab3c68dab115b320032963500a81e468e758f5148f10f3afa8c46d1a
result,RESULTS/STEP30_ADMET_DRUG_DEVELOPMENT_FEASIBILITY/QC/STEP30_INTERPRETATION.txt,results/STEP30_ADMET_DRUG_DEVELOPMENT_FEASIBILITY/QC/STEP30_INTERPRETATION.txt,732,daa1d053ec5e9938bd15e21cfb6e653b1d1f2396a23e3d6326229692386244dc
result,RESULTS/STEP30_ADMET_DRUG_DEVELOPMENT_FEASIBILITY/QC/STEP30_PROVENANCE.json,results/STEP30_ADMET_DRUG_DEVELOPMENT_FEASIBILITY/QC/STEP30_PROVENANCE.json,1043,18bb8388aa28a1f744556508a01c4779d78035ebd9bf96ad2459035a7d014103
result,RESULTS/STEP30_ADMET_DRUG_DEVELOPMENT_FEASIBILITY/QC/STEP30_QC.json,results/STEP30_ADMET_DRUG_DEVELOPMENT_FEASIBILITY/QC/STEP30_QC.json,420,d3c6d913f838c89f21a939cad4282b7ce13e655d4ac383b2e4f071ec3e53d2f8
result,RESULTS/STEP30_ADMET_DRUG_DEVELOPMENT_FEASIBILITY/tables/STEP30_ADMET_DEVELOPMENT_SUMMARY.csv,results/STEP30_ADMET_DRUG_DEVELOPMENT_FEASIBILITY/tables/STEP30_ADMET_DEVELOPMENT_SUMMARY.csv,1806,6f72ae69bfa18c0e0d9705f67638979403a22f7ba183896378869bb79dcdf9dd
result,RESULTS/STEP30_ADMET_DRUG_DEVELOPMENT_FEASIBILITY/tables/STEP30_DEVELOPMENT_CLASS_COUNTS.csv,results/STEP30_ADMET_DRUG_DEVELOPMENT_FEASIBILITY/tables/STEP30_DEVELOPMENT_CLASS_COUNTS.csv,96,861356eb01a446d922b9119b90a7c71bcd3aedb6a6893d19d8227dc547571b69
result,RESULTS/STEP30_ADMET_DRUG_DEVELOPMENT_FEASIBILITY/tables/STEP30_FULL_ADMET_DEVELOPMENT_ANALYSIS.csv,results/STEP30_ADMET_DRUG_DEVELOPMENT_FEASIBILITY/tables/STEP30_FULL_ADMET_DEVELOPMENT_ANALYSIS.csv,4044,7394c3730247cede59a00bd5c4c7756d13d2dc04bae2c3a65a00f2c7a7ffa055
result,RESULTS/STEP31_INDEPENDENT_BIOLOGICAL_VALIDATION/QC/STEP31_INTERPRETATION.txt,results/STEP31_INDEPENDENT_BIOLOGICAL_VALIDATION/QC/STEP31_INTERPRETATION.txt,1097,38aaadb16da36a25292c4b4232320cff3192e780723ed386c58dd5f6739798ff
result,RESULTS/STEP31_INDEPENDENT_BIOLOGICAL_VALIDATION/QC/STEP31_QC.json,results/STEP31_INDEPENDENT_BIOLOGICAL_VALIDATION/QC/STEP31_QC.json,355,056fb651034d019b312e634d7c64cdec2817175212118a07efcc3017a7e6cbd4
result,RESULTS/STEP31_INDEPENDENT_BIOLOGICAL_VALIDATION/tables/STEP31_COMPUTATION_LITERATURE_MATCHING.csv,results/STEP31_INDEPENDENT_BIOLOGICAL_VALIDATION/tables/STEP31_COMPUTATION_LITERATURE_MATCHING.csv,1270,fa7eb68560d9d96068cf4ba5d11ad02063d89eb3173c302504a57425c2272cf6
result,RESULTS/STEP31_INDEPENDENT_BIOLOGICAL_VALIDATION/tables/STEP31_D166V_LITERATURE_SEARCH_STATUS.csv,results/STEP31_INDEPENDENT_BIOLOGICAL_VALIDATION/tables/STEP31_D166V_LITERATURE_SEARCH_STATUS.csv,282,483506adaa641fc440db6786b89918557de9a0744264666499d540f55b554f44
result,RESULTS/STEP31_INDEPENDENT_BIOLOGICAL_VALIDATION/tables/STEP31_EVIDENCE_STATUS_SUMMARY.csv,results/STEP31_INDEPENDENT_BIOLOGICAL_VALIDATION/tables/STEP31_EVIDENCE_STATUS_SUMMARY.csv,942,2b4f64a9c8d193f4d08afb056ee27adcc5177c1e3580e8a13acddd95ad368753
result,RESULTS/STEP31_INDEPENDENT_BIOLOGICAL_VALIDATION/tables/STEP31_LITERATURE_EVIDENCE.csv,results/STEP31_INDEPENDENT_BIOLOGICAL_VALIDATION/tables/STEP31_LITERATURE_EVIDENCE.csv,3004,57a1494f62aa20841cc65bf758705a77c45b1845ca1796ccf9afe4704510ced7
result,RESULTS/STEP31_INDEPENDENT_BIOLOGICAL_VALIDATION/tables/STEP31_REFERENCES.csv,results/STEP31_INDEPENDENT_BIOLOGICAL_VALIDATION/tables/STEP31_REFERENCES.csv,1369,5fa7a4a702afdb974ce0341012599ff6eec32a63081681f49564ad1ea9369cff
result,RESULTS/STEP32_FINAL_EVIDENCE_INTEGRATION/QC/STEP32_FINAL_SCIENTIFIC_CONCLUSION.txt,results/STEP32_FINAL_EVIDENCE_INTEGRATION/QC/STEP32_FINAL_SCIENTIFIC_CONCLUSION.txt,1188,388178ccf335ea31399ad561f5e55d0991c22b7d2f50e897c43021d16b8a1d25
result,RESULTS/STEP32_FINAL_EVIDENCE_INTEGRATION/QC/STEP32_QC.json,results/STEP32_FINAL_EVIDENCE_INTEGRATION/QC/STEP32_QC.json,417,5a468f184c7a209564cb15b24457a37d7af80e6f56d5f25dbfdc07d1a2cdfb52
result,RESULTS/STEP32_FINAL_EVIDENCE_INTEGRATION/QC/STEP32_REMAINING_EVIDENCE_GAP.txt,results/STEP32_FINAL_EVIDENCE_INTEGRATION/QC/STEP32_REMAINING_EVIDENCE_GAP.txt,358,d80be9d5b7d25bcc1945e5be8fad16194c5b034c9395f2b504e5b006cc1700d1
result,RESULTS/STEP32_FINAL_EVIDENCE_INTEGRATION/tables/STEP32_EVIDENCE_COMPLETENESS_PROFILE.csv,results/STEP32_FINAL_EVIDENCE_INTEGRATION/tables/STEP32_EVIDENCE_COMPLETENESS_PROFILE.csv,731,a67d99ae1ed1d299237de14841721ab1ca41821287e5e60b77ef9e69997a5e21
result,RESULTS/STEP32_FINAL_EVIDENCE_INTEGRATION/tables/STEP32_MASTER_EVIDENCE_CHAIN.csv,results/STEP32_FINAL_EVIDENCE_INTEGRATION/tables/STEP32_MASTER_EVIDENCE_CHAIN.csv,2800,119a2cf342edef7d9e92a95338f5581b18cf013ebed86b0fde289c858cb7723b
result,RESULTS/STEP32_FINAL_EVIDENCE_INTEGRATION/tables/STEP32_QUANTITATIVE_EVIDENCE_SUMMARY.json,results/STEP32_FINAL_EVIDENCE_INTEGRATION/tables/STEP32_QUANTITATIVE_EVIDENCE_SUMMARY.json,2063,e52b9766601633ab05b42944f4c87878316952ea312119df426b7d5966fbc7ac
result,RESULTS/STEP32_FINAL_EVIDENCE_INTEGRATION/tables/STEP32_THESIS_CLAIM_GUIDANCE.csv,results/STEP32_FINAL_EVIDENCE_INTEGRATION/tables/STEP32_THESIS_CLAIM_GUIDANCE.csv,1220,a39916569eae2c14c38e44c46556ad29138b5e5e6d5f4d61ff0620406686a812
result,RESULTS/STEP33_FINAL_PUBLICATION_PACKAGE/README.txt,results/STEP33_FINAL_PUBLICATION_PACKAGE/README.txt,1943,18bb9a9abc72086efc0484559f4951d008a7b9775ed314dd02e60a15c1efac8d
result,RESULTS/STEP33_FINAL_PUBLICATION_PACKAGE/manuscript_support/STEP33_FINAL_SCIENTIFIC_CONCLUSION.txt,results/STEP33_FINAL_PUBLICATION_PACKAGE/manuscript_support/STEP33_FINAL_SCIENTIFIC_CONCLUSION.txt,1313,ea162cbb4944a80f767b6538f08fe1ced45fb1dd838468de48c93bbe0d5e1f2a
result,RESULTS/STEP33_FINAL_PUBLICATION_PACKAGE/manuscript_support/STEP33_LIMITATIONS.csv,results/STEP33_FINAL_PUBLICATION_PACKAGE/manuscript_support/STEP33_LIMITATIONS.csv,1047,af2e59159ad16bd2c405fa9e1583ab99c73cbe4f0b38e0c30b4c4168148b2477
result,RESULTS/STEP33_FINAL_PUBLICATION_PACKAGE/manuscript_support/STEP33_THESIS_CLAIM_GUIDANCE.csv,results/STEP33_FINAL_PUBLICATION_PACKAGE/manuscript_support/STEP33_THESIS_CLAIM_GUIDANCE.csv,949,86ea3759a088be0b12a7954f0297cb4cc951974f64be345a42234fc7baf0ed49
result,RESULTS/STEP33_FINAL_PUBLICATION_PACKAGE/qc/STEP33_FIGURE_INVENTORY.csv,results/STEP33_FINAL_PUBLICATION_PACKAGE/qc/STEP33_FIGURE_INVENTORY.csv,12485,57f0d86d71aca9c7c6e978d3667c81f626d16c82f9fb0c3b927b85a2a377d6f0
result,RESULTS/STEP33_FINAL_PUBLICATION_PACKAGE/qc/STEP33_FINAL_QC_REPORT.txt,results/STEP33_FINAL_PUBLICATION_PACKAGE/qc/STEP33_FINAL_QC_REPORT.txt,2502,e1353afc5cfc0726b08384ebaa159e49f296a9a6d34a434f1d49360df4116ff3
result,RESULTS/STEP33_FINAL_PUBLICATION_PACKAGE/qc/STEP33_PROVENANCE_NOTES.json,results/STEP33_FINAL_PUBLICATION_PACKAGE/qc/STEP33_PROVENANCE_NOTES.json,802,0c69f891f39f52b5935da462a7e79d353c3f4b90c9d7598bd5fab8771f37948c
result,RESULTS/STEP33_FINAL_PUBLICATION_PACKAGE/qc/STEP33_QC.json,results/STEP33_FINAL_PUBLICATION_PACKAGE/qc/STEP33_QC.json,730,bf60f4e76e2b9c81c544b9de292eed8e3d3f7864b479ff43de6422d56b7bc640
result,RESULTS/STEP33_FINAL_PUBLICATION_PACKAGE/qc/STEP33_REPRODUCIBILITY_MANIFEST.csv,results/STEP33_FINAL_PUBLICATION_PACKAGE/qc/STEP33_REPRODUCIBILITY_MANIFEST.csv,2996,41eef40ca5647552b8e471d8520e88cd85ce0cd044ccfcb5bfb33036317ff253
result,RESULTS/STEP33_FINAL_PUBLICATION_PACKAGE/qc/STEP33_RESULTS_FILE_MANIFEST.csv,results/STEP33_FINAL_PUBLICATION_PACKAGE/qc/STEP33_RESULTS_FILE_MANIFEST.csv,71709,e04c4e890090239e0aeaf1871a084b4aaf07202b31aeaa855801046ff4d163df
result,RESULTS/STEP33_FINAL_PUBLICATION_PACKAGE/tables/STEP33_FINAL_THERAPEUTIC_LEAD.csv,results/STEP33_FINAL_PUBLICATION_PACKAGE/tables/STEP33_FINAL_THERAPEUTIC_LEAD.csv,720,16ea794a43e9e937407cd3882ff6e213c05d061fc556c2fb22ae78221774092a
result,RESULTS/STEP33_FINAL_PUBLICATION_PACKAGE/tables/STEP33_FINAL_VARIANT_EVIDENCE.csv,results/STEP33_FINAL_PUBLICATION_PACKAGE/tables/STEP33_FINAL_VARIANT_EVIDENCE.csv,587,a74e6b7125f715170451f84d38777cc0812e32c03c6fdb9ceeb7735e5b8dd299
result,RESULTS/STEP33_FINAL_PUBLICATION_PACKAGE/tables/STEP33_MASTER_SCIENTIFIC_EVIDENCE.csv,results/STEP33_FINAL_PUBLICATION_PACKAGE/tables/STEP33_MASTER_SCIENTIFIC_EVIDENCE.csv,3345,1400976e16e60557886b52bcfbc9f39fb72a5261d877cadbd10987e3c6b80c13
result,RESULTS/STEP33_FINAL_PUBLICATION_PACKAGE/tables/STEP33_STEP_STATUS.csv,results/STEP33_FINAL_PUBLICATION_PACKAGE/tables/STEP33_STEP_STATUS.csv,4654,7db90685bcf291dfe318b52bb24c2e39f775c892aab138f005e2ae234f0662bf
figure,RESULTS/STEP10_STRUCTURAL_ANALYSIS/figures/Figure_S10_1_WT_D166V_RMSD_comparison.png,figures/STEP10_STRUCTURAL_ANALYSIS/figures/Figure_S10_1_WT_D166V_RMSD_comparison.png,65259,17a60eaa03d7636f36b77664ee93a0bad1119c146c5200aaab2a4b231f7715b0
figure,RESULTS/STEP10_STRUCTURAL_ANALYSIS/figures/Figure_S10_2_D166V_local_distance_comparison.png,figures/STEP10_STRUCTURAL_ANALYSIS/figures/Figure_S10_2_D166V_local_distance_comparison.png,210590,32ad136106652ee9e21885f8cf0145c42144368f48f8ebab4a414d288e4d0d0a
figure,RESULTS/STEP10_STRUCTURAL_ANALYSIS/figures/Figure_S10_3_D166V_contact_comparison.png,figures/STEP10_STRUCTURAL_ANALYSIS/figures/Figure_S10_3_D166V_contact_comparison.png,48623,7021839a96e963102db6ffe7f4aff07e6a70763d81e22210876f878bf6fc0649
figure,RESULTS/STEP10_STRUCTURAL_ANALYSIS/figures/Figure_S10_4_D166V_candidate_polar_contact_comparison.png,figures/STEP10_STRUCTURAL_ANALYSIS/figures/Figure_S10_4_D166V_candidate_polar_contact_comparison.png,62907,ea128e931d12687737078daf016e90ca9244e3490dfa0fa7fe80b36db683ef93
figure,RESULTS/STEP10_STRUCTURAL_ANALYSIS/figures/Figure_S10_5_local_pLDDT_around_D166.png,figures/STEP10_STRUCTURAL_ANALYSIS/figures/Figure_S10_5_local_pLDDT_around_D166.png,119281,7653e9b5f2805f1480a91246e7bb7b064b3eb6b9cbf87ffbb2a9f9f8cdd5deff
figure,RESULTS/STEP10_STRUCTURAL_ANALYSIS/figures/Figure_S10_6_PNPLA3_WT_D166_3D.png,figures/STEP10_STRUCTURAL_ANALYSIS/figures/Figure_S10_6_PNPLA3_WT_D166_3D.png,801659,29da3fa05f6e7da3fca003fff4d5a9b776a357321dd1f389bc857c0eae4a1249
figure,RESULTS/STEP10_STRUCTURAL_ANALYSIS/figures/Figure_S10_7_PNPLA3_D166V_3D.png,figures/STEP10_STRUCTURAL_ANALYSIS/figures/Figure_S10_7_PNPLA3_D166V_3D.png,760204,9e9b0f018ee5f9e67b16c7a1ff0f2470ad99ae4bb9cce4f3af0f512e1ed16dc4
figure,RESULTS/STEP10_STRUCTURAL_ANALYSIS/figures/Figure_S10_8_PNPLA3_WT_vs_D166V_3D.png,figures/STEP10_STRUCTURAL_ANALYSIS/figures/Figure_S10_8_PNPLA3_WT_vs_D166V_3D.png,838720,e7fc2201895a5f8e2b986ed55d38cec352181eaad9bb6d8262ea91d5c5dceeba
figure,RESULTS/STEP11_D166V_CATALYTIC_CONTEXT/figures/Figure_S11_1_catalytic_context_distance_comparison.png,figures/STEP11_D166V_CATALYTIC_CONTEXT/figures/Figure_S11_1_catalytic_context_distance_comparison.png,375624,c65b1aa29c5b417300cb9e5a9fa608afe6ecd70bdd98a882d837ae0bc3ea8022
figure,RESULTS/STEP11_D166V_CATALYTIC_CONTEXT/figures/Figure_S11_2_local_distance_comparison.png,figures/STEP11_D166V_CATALYTIC_CONTEXT/figures/Figure_S11_2_local_distance_comparison.png,458635,c334bd913fd01bfafce8a6c0fb2ef822f7df49eabf401fe42dcdb93535b44cd5
figure,RESULTS/STEP11_D166V_CATALYTIC_CONTEXT/figures/Figure_S11_3_local_contact_status.png,figures/STEP11_D166V_CATALYTIC_CONTEXT/figures/Figure_S11_3_local_contact_status.png,177180,af72519c42bd9fdf715ab616f22ba661b2192d0cf9a8c748b6f7111c2d0e4c33
figure,RESULTS/STEP11_D166V_CATALYTIC_CONTEXT/figures/Figure_S11_4_D166V_polar_contact_comparison.png,figures/STEP11_D166V_CATALYTIC_CONTEXT/figures/Figure_S11_4_D166V_polar_contact_comparison.png,186742,152530e49f747868be142cd16dff1268b86c73aab6ad7115bc9dee5dc7365d10
figure,RESULTS/STEP11_D166V_CATALYTIC_CONTEXT/figures/Figure_S11_5_D166V_physicochemical_change.png,figures/STEP11_D166V_CATALYTIC_CONTEXT/figures/Figure_S11_5_D166V_physicochemical_change.png,199660,7add7012b98d23c64cb44b77bbc1868582513a339a35420a2eb50287bf26e2d2
figure,RESULTS/STEP12_INTEGRATED_INTERPRETATION/figures/Figure_S12_1_integrated_evidence_profile.png,figures/STEP12_INTEGRATED_INTERPRETATION/figures/Figure_S12_1_integrated_evidence_profile.png,203640,895bed290e0d29515d1a4e98808d303b568f863df132da03033d041f48dfde17
figure,RESULTS/STEP12_INTEGRATED_INTERPRETATION/figures/Figure_S12_2_structural_impact_summary.png,figures/STEP12_INTEGRATED_INTERPRETATION/figures/Figure_S12_2_structural_impact_summary.png,185839,a86849a7338f16d1548d8c34d479e4774138f2d19d79eb769d90f73227029df4
figure,RESULTS/STEP12_INTEGRATED_INTERPRETATION/figures/Figure_S12_3_D166V_mechanistic_evidence.png,figures/STEP12_INTEGRATED_INTERPRETATION/figures/Figure_S12_3_D166V_mechanistic_evidence.png,194505,6c5207080f2f16443d3707486f9a2332ed93f26a7520a660b5cf8daa19dbf633
figure,RESULTS/STEP13_COMPARATIVE_STRUCTURAL_ANALYSIS/figures/Figure_S13_1_comparative_structural_impact_ranking.png,figures/STEP13_COMPARATIVE_STRUCTURAL_ANALYSIS/figures/Figure_S13_1_comparative_structural_impact_ranking.png,158221,c50e2a9399c887716f26a9de6dd8ecc3a7d459c3c6b7fc42799851764e510a3b
figure,RESULTS/STEP13_COMPARATIVE_STRUCTURAL_ANALYSIS/figures/Figure_S13_2_local_CA_RMSD_comparison.png,figures/STEP13_COMPARATIVE_STRUCTURAL_ANALYSIS/figures/Figure_S13_2_local_CA_RMSD_comparison.png,156409,30a81df9eb098879de5de8242aedfa4dd36bf716e6c30e716ae01a2ddad0b02b
figure,RESULTS/STEP13_COMPARATIVE_STRUCTURAL_ANALYSIS/figures/Figure_S13_3_polar_contact_comparison.png,figures/STEP13_COMPARATIVE_STRUCTURAL_ANALYSIS/figures/Figure_S13_3_polar_contact_comparison.png,166384,1df15264d2868bf66313ba02e3dd2e86b72327927f0bf916a914a79d43b38240
figure,RESULTS/STEP13_COMPARATIVE_STRUCTURAL_ANALYSIS/figures/Figure_S13_4_contact_changes_comparison.png,figures/STEP13_COMPARATIVE_STRUCTURAL_ANALYSIS/figures/Figure_S13_4_contact_changes_comparison.png,161542,41db507e4b3dfc8a77b859b6c6f560942ea898c58872b6f55667f2f0c539ea2a
figure,RESULTS/STEP13_COMPARATIVE_STRUCTURAL_ANALYSIS/figures/Figure_S13_5_variant_residue_pLDDT.png,figures/STEP13_COMPARATIVE_STRUCTURAL_ANALYSIS/figures/Figure_S13_5_variant_residue_pLDDT.png,146361,5b33fce8ef1a6520bf8ecee87785970d4dbd755a72cdf28a6279884c3f879249
figure,RESULTS/STEP13_COMPARATIVE_STRUCTURAL_ANALYSIS/figures/Figure_S13_6_catalytic_context_distance_comparison.png,figures/STEP13_COMPARATIVE_STRUCTURAL_ANALYSIS/figures/Figure_S13_6_catalytic_context_distance_comparison.png,179758,2272b5306d3b0673a0e9eaf1a1bf66ed302cf152423b1033c45266288f3e9835
figure,RESULTS/STEP13_COMPARATIVE_STRUCTURAL_ANALYSIS/figures/Figure_S13_7_physicochemical_impact_comparison.png,figures/STEP13_COMPARATIVE_STRUCTURAL_ANALYSIS/figures/Figure_S13_7_physicochemical_impact_comparison.png,148223,704456e1aaf5bcbab9efffc7cf4816c11ebac44170a4813f35d16ae1c249f69d
figure,RESULTS/STEP13_COMPARATIVE_STRUCTURAL_ANALYSIS/figures/PyMOL_3D/Figure_S13_Arg247Thr_3D.png,figures/STEP13_COMPARATIVE_STRUCTURAL_ANALYSIS/figures/PyMOL_3D/Figure_S13_Arg247Thr_3D.png,739105,52de2a0909f3c41b3a8783ee049bf79663ed163245ba72e8352c537892ffe69f
figure,RESULTS/STEP13_COMPARATIVE_STRUCTURAL_ANALYSIS/figures/PyMOL_3D/Figure_S13_Asp166Val_3D.png,figures/STEP13_COMPARATIVE_STRUCTURAL_ANALYSIS/figures/PyMOL_3D/Figure_S13_Asp166Val_3D.png,841512,55f82c5d63e4b95ba9a6f06ca1502314699aa3a40d8d86b1ff6075edad9435c0
figure,RESULTS/STEP13_COMPARATIVE_STRUCTURAL_ANALYSIS/figures/PyMOL_3D/Figure_S13_Cys28Arg_3D.png,figures/STEP13_COMPARATIVE_STRUCTURAL_ANALYSIS/figures/PyMOL_3D/Figure_S13_Cys28Arg_3D.png,815817,39b27a344c5c7bab15e0e7641fa97e0ba370c3134c6dc5535667227051dff571
figure,RESULTS/STEP13_COMPARATIVE_STRUCTURAL_ANALYSIS/figures/PyMOL_3D/Figure_S13_Gly49Trp_3D.png,figures/STEP13_COMPARATIVE_STRUCTURAL_ANALYSIS/figures/PyMOL_3D/Figure_S13_Gly49Trp_3D.png,1053109,d82111c1b58c7aefff1690966ab7155c13f3c1e39a2c5dbb68b9b1bc27d898a0
figure,RESULTS/STEP13_COMPARATIVE_STRUCTURAL_ANALYSIS/figures/PyMOL_3D/Figure_S13_Leu142Phe_3D.png,figures/STEP13_COMPARATIVE_STRUCTURAL_ANALYSIS/figures/PyMOL_3D/Figure_S13_Leu142Phe_3D.png,897282,7970d28051123dc3a214b4ab9990da4615b584f42da7e9c9d47b48e70479f92b
figure,RESULTS/STEP13_COMPARATIVE_STRUCTURAL_ANALYSIS/figures/PyMOL_3D/Figure_S13_Leu51Ser_3D.png,figures/STEP13_COMPARATIVE_STRUCTURAL_ANALYSIS/figures/PyMOL_3D/Figure_S13_Leu51Ser_3D.png,976083,f15d3de6acd9171634094d46beb47817475623b5bdbd7bd91384ad23a875d899
figure,RESULTS/STEP13_COMPARATIVE_STRUCTURAL_ANALYSIS/figures/PyMOL_3D/Figure_S13_Pro186His_3D.png,figures/STEP13_COMPARATIVE_STRUCTURAL_ANALYSIS/figures/PyMOL_3D/Figure_S13_Pro186His_3D.png,1033340,9c225aec16f1768e5ceee11b4ab4dcdb87d91bdf931c5c5a89ce1d5de0f297b9
figure,RESULTS/STEP13_COMPARATIVE_STRUCTURAL_ANALYSIS/figures/PyMOL_3D/Figure_S13_Pro186Ser_3D.png,figures/STEP13_COMPARATIVE_STRUCTURAL_ANALYSIS/figures/PyMOL_3D/Figure_S13_Pro186Ser_3D.png,956596,1eb28dbbc22acb6cf29e63966bc38edf4e97670afebfb7ca561d2ad16942fa20
figure,RESULTS/STEP13_COMPARATIVE_STRUCTURAL_ANALYSIS/figures/PyMOL_3D/Figure_S13_Tyr21Cys_3D.png,figures/STEP13_COMPARATIVE_STRUCTURAL_ANALYSIS/figures/PyMOL_3D/Figure_S13_Tyr21Cys_3D.png,1027707,db0ffc4125c84ce2f7ee56a48e06fd9463deea631c35c3a44fa717690b4fa0d9
figure,RESULTS/STEP14_FINAL_VARIANT_EVIDENCE_MATRIX/figures/Figure_S14_1_integrated_variant_evidence.png,figures/STEP14_FINAL_VARIANT_EVIDENCE_MATRIX/figures/Figure_S14_1_integrated_variant_evidence.png,344956,a0c68216ec6babcca235294dec31a2226f2d988de14b7b97401bc14b2100a584
figure,RESULTS/STEP14_FINAL_VARIANT_EVIDENCE_MATRIX/figures/Figure_S14_2_computational_vs_structural_priority.png,figures/STEP14_FINAL_VARIANT_EVIDENCE_MATRIX/figures/Figure_S14_2_computational_vs_structural_priority.png,306656,3c8fa6b507a99f30857d2690dd2d9ebda0dd1c8d92d013a237c3b3105148dfb3
figure,RESULTS/STEP14_FINAL_VARIANT_EVIDENCE_MATRIX/figures/Figure_S14_3_top_candidate_evidence_profile.png,figures/STEP14_FINAL_VARIANT_EVIDENCE_MATRIX/figures/Figure_S14_3_top_candidate_evidence_profile.png,260697,814351bbacd75bc7f9ed566d9c08d2ceb07b119f2aaf08d645e59ea777c9876d
figure,RESULTS/STEP15_THERAPEUTIC_SITE_MAPPING/figures/Figure_S15_1_PNPLA3_functional_architecture.png,figures/STEP15_THERAPEUTIC_SITE_MAPPING/figures/Figure_S15_1_PNPLA3_functional_architecture.png,1297175,a413fc063f43ad2154e772ea033a9c2b010de8982be503ce05a8cb855c2ef4d5
figure,RESULTS/STEP15_THERAPEUTIC_SITE_MAPPING/figures/Figure_S15_2_D166V_mechanistic_neighborhood.png,figures/STEP15_THERAPEUTIC_SITE_MAPPING/figures/Figure_S15_2_D166V_mechanistic_neighborhood.png,297938,13d1fdbf58c3b43cc25998fd31cac6cc6fd2dbfe1398fc395d1cf5a8c3a29f3c
figure,RESULTS/STEP15_THERAPEUTIC_SITE_MAPPING/figures/Figure_S15_3_therapeutic_region_prioritization.png,figures/STEP15_THERAPEUTIC_SITE_MAPPING/figures/Figure_S15_3_therapeutic_region_prioritization.png,277028,dbe9622759e4382e3de132708f62e3b71e4262d540e1977fc8defe90b23f8079
figure,RESULTS/STEP15_THERAPEUTIC_SITE_MAPPING/figures/Figure_S15_4_variant_D166_spatial_relationship.png,figures/STEP15_THERAPEUTIC_SITE_MAPPING/figures/Figure_S15_4_variant_D166_spatial_relationship.png,311514,452539a73d40fd1588f70340de76612247ab9a0d863b5e7c0a5137d04b87afb7
figure,RESULTS/STEP15_THERAPEUTIC_SITE_MAPPING/figures/Figure_S15_5_candidate_residue_accessibility.png,figures/STEP15_THERAPEUTIC_SITE_MAPPING/figures/Figure_S15_5_candidate_residue_accessibility.png,295651,57f369847eafe0af5dcae3f63f5d66a911632ccd070ddbe095c005c8c57500aa
figure,RESULTS/STEP16_WT_vs_D166V_POCKET_DISCOVERY/figures/Figure_16_01_D166_Pocket_Proximity.png,figures/STEP16_WT_vs_D166V_POCKET_DISCOVERY/figures/Figure_16_01_D166_Pocket_Proximity.png,149570,41a0b038ad2363813dfdf6168fa43c4656b4b13179560078de7462c554ac3336
figure,RESULTS/STEP16_WT_vs_D166V_POCKET_DISCOVERY/figures/Figure_16_02_WT_vs_D166V_Pocket_Score.png,figures/STEP16_WT_vs_D166V_POCKET_DISCOVERY/figures/Figure_16_02_WT_vs_D166V_Pocket_Score.png,130508,7e49897955e176e17c971ed34371131e55e27b5a8fdefba81aeb241819a85773
figure,RESULTS/STEP16_WT_vs_D166V_POCKET_DISCOVERY/figures/Figure_16_03_WT_vs_D166V_Druggability.png,figures/STEP16_WT_vs_D166V_POCKET_DISCOVERY/figures/Figure_16_03_WT_vs_D166V_Druggability.png,125037,8a189ae7da30972a1a8a2b57262f7242b6345b7cfdec79f8cc599bfb2beccaaf
figure,RESULTS/STEP16_WT_vs_D166V_POCKET_DISCOVERY/figures/Figure_16_04_D166V_Pocket_Prioritization.png,figures/STEP16_WT_vs_D166V_POCKET_DISCOVERY/figures/Figure_16_04_D166V_Pocket_Prioritization.png,197721,8aaa7309ed3f9d5cc58eda5bd6d5ef52ac81197fd9fabe700905a35db5495e4b
figure,RESULTS/STEP16_WT_vs_D166V_POCKET_DISCOVERY/figures/Figure_S16_3_D166V_pocket_proximity.png,figures/STEP16_WT_vs_D166V_POCKET_DISCOVERY/figures/Figure_S16_3_D166V_pocket_proximity.png,314574,ee566c59b99d400d7b720f0f0c670728644b203fe2e4131c3fdb3edd05cdc0f0
figure,RESULTS/STEP16_WT_vs_D166V_POCKET_DISCOVERY/figures/Figure_S16_4_therapeutic_pocket_prioritization.png,figures/STEP16_WT_vs_D166V_POCKET_DISCOVERY/figures/Figure_S16_4_therapeutic_pocket_prioritization.png,186521,959d00f99ffb4c09245a93c979b304f2fd3b2e0b051699694e215c5a0706d38e
figure,RESULTS/STEP16_WT_vs_D166V_POCKET_DISCOVERY/figures/Figure_S16_5_pocket_remodeling_categories.png,figures/STEP16_WT_vs_D166V_POCKET_DISCOVERY/figures/Figure_S16_5_pocket_remodeling_categories.png,225797,96bad9bd9a224690f54f11aad31a7cf8fb95072eb309677b8a92ec9408124c8c
figure,RESULTS/STEP17_FINAL_STRUCTURAL_REMODELING/figures/Figure_17_01_Local_Residue_Displacement.png,figures/STEP17_FINAL_STRUCTURAL_REMODELING/figures/Figure_17_01_Local_Residue_Displacement.png,123365,dabece211ecac3ad09de0af57b8b1dc4175d559fc61dca7cd5250286dec5a3bd
figure,RESULTS/STEP17_FINAL_STRUCTURAL_REMODELING/figures/Figure_17_02_Pocket_Compactness.png,figures/STEP17_FINAL_STRUCTURAL_REMODELING/figures/Figure_17_02_Pocket_Compactness.png,59998,eb1404fbb65e370d12d63ac23a116425168b4f1d4d10ac4bcd9329040c73a550
figure,RESULTS/STEP17_FINAL_STRUCTURAL_REMODELING/figures/Figure_17_03_Residue166_Atom_Displacement.png,figures/STEP17_FINAL_STRUCTURAL_REMODELING/figures/Figure_17_03_Residue166_Atom_Displacement.png,73622,b85bf3fcf0342cf071450683e928c936da25c6e1e3dcb123b1e55fed9ad2b455
figure,RESULTS/STEP17_FINAL_STRUCTURAL_REMODELING/figures/Figure_17_04_Global_Local_Pocket_RMSD.png,figures/STEP17_FINAL_STRUCTURAL_REMODELING/figures/Figure_17_04_Global_Local_Pocket_RMSD.png,86630,4034134246efdf6261549c91e708204d8e0b6250d0ad20bbb566ccb9a43bd3b7
figure,RESULTS/STEP17_STRUCTURAL_ENSEMBLE_POCKET_DYNAMICS/figures/Figure_17_01_Ensemble_RMSD.png,figures/STEP17_STRUCTURAL_ENSEMBLE_POCKET_DYNAMICS/figures/Figure_17_01_Ensemble_RMSD.png,135097,3012bb4041634405af16ae13b1cae8bd3d1f496c2f6c240389a8ae72b50292f9
figure,RESULTS/STEP17_STRUCTURAL_ENSEMBLE_POCKET_DYNAMICS/figures/Figure_17_02_RMSF.png,figures/STEP17_STRUCTURAL_ENSEMBLE_POCKET_DYNAMICS/figures/Figure_17_02_RMSF.png,209210,811b220978b5eeb5f6eb3e33d55dba1de1582d49710eb5d0f99425e8f6c80ee4
figure,RESULTS/STEP17_STRUCTURAL_ENSEMBLE_POCKET_DYNAMICS/figures/Figure_17_02_WT_vs_D166V_RMSF.png,figures/STEP17_STRUCTURAL_ENSEMBLE_POCKET_DYNAMICS/figures/Figure_17_02_WT_vs_D166V_RMSF.png,172057,bb9e852d0402620767fe3b6b53b7f00dfe8024f853f4a75e46da651cd6dc17e0
figure,RESULTS/STEP17_STRUCTURAL_ENSEMBLE_POCKET_DYNAMICS/figures/Figure_17_03_D166_Ensemble_Displacement.png,figures/STEP17_STRUCTURAL_ENSEMBLE_POCKET_DYNAMICS/figures/Figure_17_03_D166_Ensemble_Displacement.png,188235,d8c6bcf88f720696016fab712cd2f2852e18ede536e6e58f2146c58bc7c8c7af
figure,RESULTS/STEP17_STRUCTURAL_ENSEMBLE_POCKET_DYNAMICS/figures/Figure_17_03_Pocket_RMSF.png,figures/STEP17_STRUCTURAL_ENSEMBLE_POCKET_DYNAMICS/figures/Figure_17_03_Pocket_RMSF.png,199208,8e69111fd5d3d974ffdab0836662dd609df8f9304523d0f11eb4c4cd954dd8f9
figure,RESULTS/STEP17_STRUCTURAL_ENSEMBLE_POCKET_DYNAMICS/figures/Figure_17_04_Pocket_Center_Displacement.png,figures/STEP17_STRUCTURAL_ENSEMBLE_POCKET_DYNAMICS/figures/Figure_17_04_Pocket_Center_Displacement.png,150136,8883cdfa11fd4a371845ed1bfcf794bbece03a016746330f4cd99c65e52ea933
figure,RESULTS/STEP17_STRUCTURAL_ENSEMBLE_POCKET_DYNAMICS/figures/Figure_17_04_Pocket_Region_Dynamics.png,figures/STEP17_STRUCTURAL_ENSEMBLE_POCKET_DYNAMICS/figures/Figure_17_04_Pocket_Region_Dynamics.png,156288,d725684b3797229ea1ee37aba1262ec4dddf37ed05dc50492ac4f5151cd8a0b4
figure,RESULTS/STEP17_STRUCTURAL_ENSEMBLE_POCKET_DYNAMICS/figures/Figure_17_05_Mean_RMSF_Comparison.png,figures/STEP17_STRUCTURAL_ENSEMBLE_POCKET_DYNAMICS/figures/Figure_17_05_Mean_RMSF_Comparison.png,52916,9dd4dfd93e736eb9a1850371bbb44e39b2df747131fc92856f90dfd442758ba8
figure,RESULTS/STEP17_STRUCTURAL_ENSEMBLE_POCKET_DYNAMICS/figures/Figure_17_05_Pocket_Compactness.png,figures/STEP17_STRUCTURAL_ENSEMBLE_POCKET_DYNAMICS/figures/Figure_17_05_Pocket_Compactness.png,154385,a1b97b7d54ebd1b1bf6d710f56d7605817f9fd0ad1ff6481de9e72e279950cac
figure,RESULTS/STEP17_STRUCTURAL_ENSEMBLE_POCKET_DYNAMICS/figures/Figure_17_06_Static_WT_D166V_Displacement.png,figures/STEP17_STRUCTURAL_ENSEMBLE_POCKET_DYNAMICS/figures/Figure_17_06_Static_WT_D166V_Displacement.png,102584,1feb52439e7b5b1d5691c80456ea2ff24e1d901899031435e262386823ebf6ff
figure,RESULTS/STEP20_PHARMACOPHORE_SHAPE_SCREENING/figures/Figure_20_01_Compound_Screening_Scores.png,figures/STEP20_PHARMACOPHORE_SHAPE_SCREENING/figures/Figure_20_01_Compound_Screening_Scores.png,120384,06698df3a645bfa1b92b9aefb5f7e60fae8ee593ae6127003205406c8fa6a6ce
figure,RESULTS/STEP20_PHARMACOPHORE_SHAPE_SCREENING/figures/Figure_20_02_Pharmacophore_Matching.png,figures/STEP20_PHARMACOPHORE_SHAPE_SCREENING/figures/Figure_20_02_Pharmacophore_Matching.png,119674,c7eb1ed812d874f2667eb4090f3d8362e1d6dd54976b52f4700387187f107c84
figure,RESULTS/STEP20_PHARMACOPHORE_SHAPE_SCREENING/figures/Figure_20_03_Pocket_Chemical_Feature_Map.png,figures/STEP20_PHARMACOPHORE_SHAPE_SCREENING/figures/Figure_20_03_Pocket_Chemical_Feature_Map.png,124111,2df725056bf73c8b49c1eee4c45fd12781ae3482c7d6143f3bf9a1f79843fa6c
figure,RESULTS/STEP21_VIRTUAL_SCREENING_DOCKING/figures/Figure_21_01_Docking_Scores.png,figures/STEP21_VIRTUAL_SCREENING_DOCKING/figures/Figure_21_01_Docking_Scores.png,154178,62a02d0d6fdfbb49625b6670523adb5b7a0dce425f7b652d7ef4118d7588b298
figure,RESULTS/STEP21_VIRTUAL_SCREENING_DOCKING/figures/Figure_21_02_Step20_vs_Docking.png,figures/STEP21_VIRTUAL_SCREENING_DOCKING/figures/Figure_21_02_Step20_vs_Docking.png,146517,ebd18342282b28502c76adb5bde3cbd7c1ba4024551bbd89f5d491fd53f97b5c
figure,RESULTS/STEP21_VIRTUAL_SCREENING_DOCKING/figures/Figure_21_03_Top_Docking_Candidates.png,figures/STEP21_VIRTUAL_SCREENING_DOCKING/figures/Figure_21_03_Top_Docking_Candidates.png,92993,0e42a0724ebf0b75730f1229da49ac1d5539c9a3d2f4d2dbbc2bea70e18584ba
figure,RESULTS/STEP23_LEAD_PRIORITIZATION/figures/Figure_23_01_Lead_Prioritization.png,figures/STEP23_LEAD_PRIORITIZATION/figures/Figure_23_01_Lead_Prioritization.png,127614,05a462cfada333e50093515773dddede36b77517ac19ef554cd6ae2119b32a3d
figure,RESULTS/STEP23_LEAD_PRIORITIZATION/figures/Figure_23_02_Step20_vs_Docking.png,figures/STEP23_LEAD_PRIORITIZATION/figures/Figure_23_02_Step20_vs_Docking.png,141561,b77025a74384d74a71dabc11a010f4945fc4492add0ac194231578193f3adc08
figure,RESULTS/STEP23_LEAD_PRIORITIZATION/figures/Figure_23_03_WT_vs_D166V.png,figures/STEP23_LEAD_PRIORITIZATION/figures/Figure_23_03_WT_vs_D166V.png,147066,5bac42cd70133c5f2617b775e41a66786879c52f44acb1ed54c1c99738bb0b84
figure,RESULTS/STEP24_INTERACTION_FINGERPRINTING/figures/Figure_24_01_Contact_Counts.png,figures/STEP24_INTERACTION_FINGERPRINTING/figures/Figure_24_01_Contact_Counts.png,102837,d3001dea94a6f2f3ebaef39ee2c3055c4ef335b13172478f83451a31b5079c4a
figure,RESULTS/STEP24_INTERACTION_FINGERPRINTING/figures/Figure_24_02_Residue_Comparison.png,figures/STEP24_INTERACTION_FINGERPRINTING/figures/Figure_24_02_Residue_Comparison.png,116068,d06d08cdcdbb4f80a90586d3e61ff39a84c6cda5a371d3ed3306cb5fcfbb6d61
figure,RESULTS/STEP24_INTERACTION_FINGERPRINTING/figures/Figure_24_03_Interaction_Types.png,figures/STEP24_INTERACTION_FINGERPRINTING/figures/Figure_24_03_Interaction_Types.png,190985,ddeec770315c2c491acd83b500a4c34db8b87126c126289db05cbf8101465638
figure,RESULTS/STEP24_INTERACTION_FINGERPRINTING/figures/Figure_24_CID_117902000_D166V_3D.png,figures/STEP24_INTERACTION_FINGERPRINTING/figures/Figure_24_CID_117902000_D166V_3D.png,471862,8c00e5b92cc7937ed19e3b27b58e349aa19cc990f9d0eb3b4336a6693318b3cc
figure,RESULTS/STEP24_INTERACTION_FINGERPRINTING/figures/Figure_24_CID_117902000_WT_3D.png,figures/STEP24_INTERACTION_FINGERPRINTING/figures/Figure_24_CID_117902000_WT_3D.png,477718,f73bfe4731222ef7c6e309f79740d91d41386b657e268a5abcfebb2f155fc6ba
figure,RESULTS/STEP24_INTERACTION_FINGERPRINTING/figures/Figure_24_CID_171523990_D166V_3D.png,figures/STEP24_INTERACTION_FINGERPRINTING/figures/Figure_24_CID_171523990_D166V_3D.png,466317,c89328c602fe0bc499b279c2962db94dabe320da6d78b080fbb375f18c8105be
figure,RESULTS/STEP24_INTERACTION_FINGERPRINTING/figures/Figure_24_CID_171523990_WT_3D.png,figures/STEP24_INTERACTION_FINGERPRINTING/figures/Figure_24_CID_171523990_WT_3D.png,467998,07f77d05a7f94aaad1c71d40ecce83e2eb4f1bfcd5d99df9a958601a8256f6b2
figure,RESULTS/STEP24_INTERACTION_FINGERPRINTING/figures/Figure_24_CID_56593118_D166V_3D.png,figures/STEP24_INTERACTION_FINGERPRINTING/figures/Figure_24_CID_56593118_D166V_3D.png,477697,ce316e58fe373a6b9fbe0be1fb76ad60fff4906184e23c51465b53ff6767d82b
figure,RESULTS/STEP24_INTERACTION_FINGERPRINTING/figures/Figure_24_CID_56593118_WT_3D.png,figures/STEP24_INTERACTION_FINGERPRINTING/figures/Figure_24_CID_56593118_WT_3D.png,481218,c3cfcc18267eb06386e334ada8b0be67a56e89ca9ec01bb3a8e7bf758adb8d24
figure,RESULTS/STEP24_INTERACTION_FINGERPRINTING/figures/Figure_24_CID_71236597_D166V_3D.png,figures/STEP24_INTERACTION_FINGERPRINTING/figures/Figure_24_CID_71236597_D166V_3D.png,485979,e116a9e0ffaa1b9ff36a1d0d9a38cd5f01da43129cce467da0cab2bbec13941b
figure,RESULTS/STEP24_INTERACTION_FINGERPRINTING/figures/Figure_24_CID_71236597_WT_3D.png,figures/STEP24_INTERACTION_FINGERPRINTING/figures/Figure_24_CID_71236597_WT_3D.png,485123,79afd07d1917cf3a909fa5418347e1c1ccd946fcd868358028dfc3d48fc9d0c2
figure,RESULTS/STEP25_D166V_FUNCTIONAL_MECHANISM/figures/Figure_25_01_Local_Environment_Distance.png,figures/STEP25_D166V_FUNCTIONAL_MECHANISM/figures/Figure_25_01_Local_Environment_Distance.png,228038,c82e0a642843011cc396c87b25b46515cf9542785d21c76ab32a0c2406857e87
figure,RESULTS/STEP25_D166V_FUNCTIONAL_MECHANISM/figures/Figure_25_02_Contact_Remodeling.png,figures/STEP25_D166V_FUNCTIONAL_MECHANISM/figures/Figure_25_02_Contact_Remodeling.png,78249,917c30b0fb6e9eed806109e52a11149faa9eb3786bee12507cd76bd346cc0ad8
figure,RESULTS/STEP25_D166V_FUNCTIONAL_MECHANISM/figures/Figure_25_03_D166V_Physicochemical_Change.png,figures/STEP25_D166V_FUNCTIONAL_MECHANISM/figures/Figure_25_03_D166V_Physicochemical_Change.png,71309,645ab753e0c111d61115ccf667ea34bcf0f152a5fab085992337598fdee253fa
figure,RESULTS/STEP26_D166V_MASLD_MECHANISTIC_LINK/figures/Figure_26_01_Catalytic_Site_Geometry.png,figures/STEP26_D166V_MASLD_MECHANISTIC_LINK/figures/Figure_26_01_Catalytic_Site_Geometry.png,74323,be9424aefd9516fc530bb54ada0a3da182680e0c72ff27f9e8eb9ee2c244a0c2
figure,RESULTS/STEP26_D166V_MASLD_MECHANISTIC_LINK/figures/Figure_26_02_Mechanistic_Evidence_Layers.png,figures/STEP26_D166V_MASLD_MECHANISTIC_LINK/figures/Figure_26_02_Mechanistic_Evidence_Layers.png,69770,07662e1b0c38a41c2b6d21bf1fe7aedbdcf02beb0588e256b8a7a2b7dc613bfd
figure,RESULTS/STEP27_ORTHOGONAL_STRUCTURAL_VALIDATION/figures/Figure_27_01_Independent_Local_Descriptors.png,figures/STEP27_ORTHOGONAL_STRUCTURAL_VALIDATION/figures/Figure_27_01_Independent_Local_Descriptors.png,89844,c3b05e9df6f5e1ae34a4be4dc8170e9ea943e0f69570c3d40194aac13175dce2
figure,RESULTS/STEP27_ORTHOGONAL_STRUCTURAL_VALIDATION/figures/Figure_27_02_Independent_Contact_Remodeling.png,figures/STEP27_ORTHOGONAL_STRUCTURAL_VALIDATION/figures/Figure_27_02_Independent_Contact_Remodeling.png,60561,9a8fec5f601525ef8a7436b3473b6c7d7b1a8e372167b3ca70e33d1a4eed2158
figure,RESULTS/STEP28_MUTATION_SPECIFIC_THERAPEUTIC_VULNERABILITY/figures/Figure_28_01_Therapeutic_Vulnerability.png,figures/STEP28_MUTATION_SPECIFIC_THERAPEUTIC_VULNERABILITY/figures/Figure_28_01_Therapeutic_Vulnerability.png,153975,2fee8e915bfe67e510b092cb08a5f0d718cc8d9e88dd2173a40a065a4a490361
figure,RESULTS/STEP28_MUTATION_SPECIFIC_THERAPEUTIC_VULNERABILITY/figures/Figure_28_02_D166V_vs_WT_Docking_Preference.png,figures/STEP28_MUTATION_SPECIFIC_THERAPEUTIC_VULNERABILITY/figures/Figure_28_02_D166V_vs_WT_Docking_Preference.png,160731,d59d756b4931b6c04ba7af8af4b8c4f5cdebef304e33a678b2df4e2e16ed5865
figure,RESULTS/STEP29_LEAD_VALIDATION_RESCORING/figures/Figure_29_01_Lead_Validation_Scores.png,figures/STEP29_LEAD_VALIDATION_RESCORING/figures/Figure_29_01_Lead_Validation_Scores.png,148764,813f720a98712999a886f5003e37e3a4a472d7334ffd550d8f521ce65f351c65
figure,RESULTS/STEP29_LEAD_VALIDATION_RESCORING/figures/Figure_29_02_Interaction_Consistency.png,figures/STEP29_LEAD_VALIDATION_RESCORING/figures/Figure_29_02_Interaction_Consistency.png,175580,f3d1579c901236b7569f99c76944df75ff415afe051c01b666f1a9f72c4de4c1
figure,RESULTS/STEP30_ADMET_DRUG_DEVELOPMENT_FEASIBILITY/figures/Figure_30_01_Development_Priority.png,figures/STEP30_ADMET_DRUG_DEVELOPMENT_FEASIBILITY/figures/Figure_30_01_Development_Priority.png,150407,a3cb4a9e17a622eba0b898003b3a613807adb387d551a63d870196f1c9e46919
figure,RESULTS/STEP30_ADMET_DRUG_DEVELOPMENT_FEASIBILITY/figures/Figure_30_02_ADMET_Development_Profile.png,figures/STEP30_ADMET_DRUG_DEVELOPMENT_FEASIBILITY/figures/Figure_30_02_ADMET_Development_Profile.png,128567,248d72bd81264f064f070489bbc7b698ba6f6d9d3553a3866f4a82139f8baa2e
key_structure,RESULTS/STEP10_STRUCTURAL_ANALYSIS/structures/WT/PNPLA3_WT.pdb,structures/PNPLA3_WT.pdb,300278,165289f8745a98c3b5ea26777a01fb1519db00d54722343287b00033b2dcbabe
key_structure,RESULTS/STEP10_STRUCTURAL_ANALYSIS/structures/D166V/PNPLA3_D166V_mutant.pdb,structures/PNPLA3_D166V_mutant.pdb,300197,9736882ce300bf0e6cdf7c406f56d1ac336802730ef611cc7c9aec701bf509d8
key_structure,RESULTS/STEP21_VIRTUAL_SCREENING_DOCKING/ligands/CID_71236597.pdbqt,structures/CID_71236597.pdbqt,3182,ed2557f009409c8b8ed78e5152ad97621c09d7926ca85b32334465889bb6b4a1
key_structure,RESULTS/STEP25_WT_CID71236597_MD/preparation/CID_71236597_exact_docked_with_H.pdb,structures/CID_71236597_exact_docked_with_H.pdb,5258,9b84d79b0f0c590126bb75d53f9a3417f4654a25883af4c12a9479219afaf6aa
step33_documentation,RESULTS/STEP33_FINAL_PUBLICATION_PACKAGE/README.txt,docs/step33/README.txt,1943,18bb9a9abc72086efc0484559f4951d008a7b9775ed314dd02e60a15c1efac8d
step33_documentation,RESULTS/STEP33_FINAL_PUBLICATION_PACKAGE/manuscript_support/STEP33_FINAL_SCIENTIFIC_CONCLUSION.txt,docs/step33/manuscript_support/STEP33_FINAL_SCIENTIFIC_CONCLUSION.txt,1313,ea162cbb4944a80f767b6538f08fe1ced45fb1dd838468de48c93bbe0d5e1f2a
step33_documentation,RESULTS/STEP33_FINAL_PUBLICATION_PACKAGE/manuscript_support/STEP33_LIMITATIONS.csv,docs/step33/manuscript_support/STEP33_LIMITATIONS.csv,1047,af2e59159ad16bd2c405fa9e1583ab99c73cbe4f0b38e0c30b4c4168148b2477
step33_documentation,RESULTS/STEP33_FINAL_PUBLICATION_PACKAGE/manuscript_support/STEP33_THESIS_CLAIM_GUIDANCE.csv,docs/step33/manuscript_support/STEP33_THESIS_CLAIM_GUIDANCE.csv,949,86ea3759a088be0b12a7954f0297cb4cc951974f64be345a42234fc7baf0ed49
step33_documentation,RESULTS/STEP33_FINAL_PUBLICATION_PACKAGE/qc/STEP33_FIGURE_INVENTORY.csv,docs/step33/qc/STEP33_FIGURE_INVENTORY.csv,12485,57f0d86d71aca9c7c6e978d3667c81f626d16c82f9fb0c3b927b85a2a377d6f0
step33_documentation,RESULTS/STEP33_FINAL_PUBLICATION_PACKAGE/qc/STEP33_FINAL_QC_REPORT.txt,docs/step33/qc/STEP33_FINAL_QC_REPORT.txt,2502,e1353afc5cfc0726b08384ebaa159e49f296a9a6d34a434f1d49360df4116ff3
step33_documentation,RESULTS/STEP33_FINAL_PUBLICATION_PACKAGE/qc/STEP33_PROVENANCE_NOTES.json,docs/step33/qc/STEP33_PROVENANCE_NOTES.json,802,0c69f891f39f52b5935da462a7e79d353c3f4b90c9d7598bd5fab8771f37948c
step33_documentation,RESULTS/STEP33_FINAL_PUBLICATION_PACKAGE/qc/STEP33_QC.json,docs/step33/qc/STEP33_QC.json,730,bf60f4e76e2b9c81c544b9de292eed8e3d3f7864b479ff43de6422d56b7bc640
step33_documentation,RESULTS/STEP33_FINAL_PUBLICATION_PACKAGE/qc/STEP33_REPRODUCIBILITY_MANIFEST.csv,docs/step33/qc/STEP33_REPRODUCIBILITY_MANIFEST.csv,2996,41eef40ca5647552b8e471d8520e88cd85ce0cd044ccfcb5bfb33036317ff253
step33_documentation,RESULTS/STEP33_FINAL_PUBLICATION_PACKAGE/qc/STEP33_RESULTS_FILE_MANIFEST.csv,docs/step33/qc/STEP33_RESULTS_FILE_MANIFEST.csv,71709,e04c4e890090239e0aeaf1871a084b4aaf07202b31aeaa855801046ff4d163df
step33_documentation,RESULTS/STEP33_FINAL_PUBLICATION_PACKAGE/tables/STEP33_FINAL_THERAPEUTIC_LEAD.csv,docs/step33/tables/STEP33_FINAL_THERAPEUTIC_LEAD.csv,720,16ea794a43e9e937407cd3882ff6e213c05d061fc556c2fb22ae78221774092a
step33_documentation,RESULTS/STEP33_FINAL_PUBLICATION_PACKAGE/tables/STEP33_FINAL_VARIANT_EVIDENCE.csv,docs/step33/tables/STEP33_FINAL_VARIANT_EVIDENCE.csv,587,a74e6b7125f715170451f84d38777cc0812e32c03c6fdb9ceeb7735e5b8dd299
step33_documentation,RESULTS/STEP33_FINAL_PUBLICATION_PACKAGE/tables/STEP33_MASTER_SCIENTIFIC_EVIDENCE.csv,docs/step33/tables/STEP33_MASTER_SCIENTIFIC_EVIDENCE.csv,3345,1400976e16e60557886b52bcfbc9f39fb72a5261d877cadbd10987e3c6b80c13
step33_documentation,RESULTS/STEP33_FINAL_PUBLICATION_PACKAGE/tables/STEP33_STEP_STATUS.csv,docs/step33/tables/STEP33_STEP_STATUS.csv,4654,7db90685bcf291dfe318b52bb24c2e39f775c892aab138f005e2ae234f0662bf
