Protein_Position,Residue,Distance_to_D166_A,D166_Neighborhood,Residue_SASA_A2,Relative_SASA,Accessibility_Category
166,ASP,0.0,True,10.626484274657276,0.04369172115091986,Low
165,VAL,1.3343814611434937,True,15.975914941361392,0.0656863740356204,Low
167,GLY,1.3376822471618652,True,0.0,0.0,Low
47,SER,2.668748617172241,True,10.089345234722005,0.04148322692596778,Low
168,GLY,2.7715704441070557,True,12.986349192266566,0.05339451252284319,Low
147,PHE,2.8319966793060303,True,6.038141080199581,0.024826346092202984,Low
145,SER,2.994586229324341,True,0.0,0.0,Low
169,VAL,3.0230886936187744,True,38.86607737820446,0.15980128245127914,Intermediate
119,THR,3.0484068393707275,True,2.5158921167498254,0.010344310871751243,Low
144,CYS,3.276153326034546,True,0.0,0.0,Low
148,ILE,3.468670129776001,True,33.46136515277268,0.13757933459429153,Intermediate
146,CYS,3.776639699935913,True,9.35521262744339,0.03846477638899096,Low
170,SER,4.512538909912109,True,23.858830643675432,0.09809767261939596,Low
164,TYR,4.6949968338012695,True,17.187988511006136,0.0706699207148937,Low
46,ALA,4.837052345275879,True,0.0,0.0,Low
117,SER,4.890186786651611,True,0.0,0.0,Low
118,LEU,4.952881336212158,True,0.0,0.0,Low
172,ASN,5.028692722320557,True,10.459019060263795,0.04300317324922027,Low
149,PRO,5.3134660720825195,True,39.37371162713477,0.16188846514290695,Intermediate
48,ALA,5.642286777496338,True,12.486545363025332,0.05133952528784121,Low
14,GLY,5.716217517852783,True,9.005338689600848,0.037026239038811366,Low
171,ASP,6.116749286651611,True,8.928825200522668,0.036711647124620106,Low
143,VAL,6.1506853103637695,True,6.553639782739374,0.02694586417390231,Low
16,GLY,6.466217517852783,True,38.01352767183653,0.15629594963610144,Intermediate
126,ASN,6.63101053237915,True,55.33278239588516,0.22750558288700928,Intermediate
15,CYS,6.650701999664307,True,3.714442439017806,0.015272255534574985,Low
120,ARG,6.882256507873535,True,63.90639556904809,0.262756744638695,Intermediate
226,PHE,6.977752208709717,True,51.32419918169644,0.21102394178372538,Intermediate
152,SER,7.030514240264893,True,9.53129365968934,0.03918874898067903,Low
157,PRO,7.098824501037598,True,24.14068517357694,0.09925654221420158,Low
142,LEU,7.174806594848633,True,0.8380093683695652,0.0034455489415235025,Low
121,VAL,7.339720249176025,True,55.23583284659538,0.22710696632072136,Intermediate
156,PRO,7.420793056488037,True,10.95458697541044,0.045040744152286254,Low
90,LEU,7.437656402587891,True,17.713281128643498,0.07282970733662551,Low
141,ALA,7.664516448974609,True,0.0,0.0,Low
208,THR,7.6676764488220215,True,44.44900168289888,0.1827559648864789,Intermediate
45,GLY,7.767435073852539,True,0.3417463758483147,0.001405120166931559,Low
13,ALA,7.881438255310059,True,0.0,0.0,Low
125,GLU,7.9345784187316895,True,96.40812721186131,0.39639046197703104,High
124,GLY,7.98929500579834,True,12.955763169789991,0.05326875541158963,Low
49,GLY,7.99747371673584,True,0.0,0.0,Low
453,SER,8.029226303100586,True,36.160638577697235,0.14867763378183688,Intermediate
50,ALA,8.042256355285645,True,0.7547676350249476,0.003103293261525373,Low
94,LEU,8.12156867980957,True,22.123802324926377,0.0909639516697004,Low
449,ILE,8.13907241821289,True,56.14508306437285,0.2308454282564614,Intermediate
151,TYR,8.158123016357422,True,37.433397245433824,0.15391069255893244,Intermediate
163,ARG,8.242777824401855,True,24.381541919349104,0.10024684582747585,Intermediate
127,VAL,8.362333297729492,True,30.190705400997903,0.12413173046101492,Intermediate
51,LEU,8.369889259338379,True,47.696340345208505,0.19610768231710665,Intermediate
116,ILE,8.393009185791016,True,0.37738381751247385,0.0015516466307626867,Low
457,PHE,8.552271842956543,True,93.4994417656332,0.3844311469159417,High
173,VAL,8.64719295501709,True,5.529370621926226,0.02273449177631053,Low
225,ALA,8.746597290039062,True,9.159501877100254,0.037660094491458546,Low
174,PRO,8.846824645996094,True,1.5095352700498954,0.006206586523050747,Low
17,PHE,9.063823699951172,True,16.558607074773715,0.0680821637956073,Low
12,PHE,9.064180374145508,True,1.8869190875623691,0.007758233153813433,Low
456,PHE,9.158980369567871,True,100.74289413729065,0.41421323598816534,High
91,SER,9.207218170166016,True,21.140222024964974,0.08691987508851733,Low
140,ASP,9.257233619689941,True,40.879607885694256,0.16808008955137735,Intermediate
210,LEU,9.67982292175293,True,12.70525518958662,0.05223876990234378,Low
150,PHE,9.692855834960938,True,158.30981491278843,0.6509046745704018,High
155,ILE,9.853128433227539,True,53.83722197715599,0.22135645518959168,Intermediate
153,GLY,9.929879188537598,True,24.067105146639047,0.09895401148661986,Low
