VariationID,Protein_Change,Protein_Position,WT_Amino_Acid,Mutant_Amino_Acid,Candidate_Group,Integrated_Priority_Score,Structural_Relevance_Score,Distance_to_D166_A,Distance_to_Ser47_A,Distance_to_Asp166_A,Residue_SASA_A2,Relative_SASA,Accessibility_Category,Within_D166_10A,Within_Catalytic_10A,Nearby_Structural_Candidate_Count,Nearby_Structural_Candidate_Positions
3308171,p.Asp166Val,166,Asp,Val,VUS,14,17.0,0.0,2.668748617172241,0.0,10.626484274657276,0.04369172115091986,Low,True,True,4,"49,51,142,166"
3421686,p.Gly49Trp,49,Gly,Trp,VUS,14,16.0,7.99747371673584,3.166205883026123,7.99747371673584,0.0,0.0,Low,True,True,6,"21,49,51,142,166,186"
902366,p.Cys28Arg,28,Cys,Arg,VUS,14,16.0,23.850950241088867,18.688804626464844,23.850950241088867,0.0,0.0,Low,False,False,3,"21,28,247"
3308170,p.Tyr21Cys,21,Tyr,Cys,VUS,12,12.0,15.17779541015625,11.84284782409668,15.17779541015625,3.0190705400997904,0.012413173046101492,Low,False,False,5,"21,28,49,186,247"
2205093,p.Pro186Ser,186,Pro,Ser,VUS,12,13.0,12.260629653930664,10.273333549499512,12.260629653930664,2.094091415103348,0.008610040330218388,Low,False,False,3,"21,49,186"
3421694,p.Arg247Thr,247,Arg,Thr,VUS,12,12.0,25.56019401550293,23.106433868408203,25.56019401550293,33.196828652374094,0.13649166959513284,Intermediate,False,False,3,"21,28,247"
3935294,p.Leu142Phe,142,Leu,Phe,VUS,12,10.0,7.174806594848633,5.329698085784912,7.174806594848633,0.8380093683695652,0.0034455489415235025,Low,True,True,4,"49,51,142,166"
899625,p.Pro186His,186,Pro,His,VUS,11,13.0,12.260629653930664,10.273333549499512,12.260629653930664,2.094091415103348,0.008610040330218388,Low,False,False,3,"21,49,186"
2619470,p.Leu51Ser,51,Leu,Ser,VUS,11,13.0,8.369889259338379,3.0785539150238037,8.369889259338379,47.696340345208505,0.19610768231710665,Intermediate,True,True,4,"49,51,142,166"
