Protein_Position,Residue,Residue_SASA_A2,Relative_SASA,Accessibility_Category,Is_Catalytic_Residue,Catalytic_Roles,Is_D166_Neighborhood,Is_Structural_Candidate,Structural_Candidate_Variants,Functional_Region_Class
1,MET,99.51587051360565,0.4091682208518337,High,False,,False,False,,General structural region
2,TYR,139.036746121607,0.5716617635960708,High,False,,False,False,,General structural region
3,ASP,58.53457189170855,0.24067002092876905,Intermediate,False,,False,False,,General structural region
4,ALA,74.476625700252,0.3062171719500135,High,False,,False,False,,General structural region
5,GLU,178.96871090930304,0.7358455355208295,High,False,,False,False,,General structural region
6,ARG,164.77986869598828,0.6775068675836823,High,False,,False,False,,General structural region
7,GLY,21.88967251442372,0.09000130644017741,Low,False,,False,False,,General structural region
8,TRP,29.310143160135468,0.12051122165590199,Intermediate,False,,False,False,,General structural region
9,SER,10.93781087064027,0.04497176772765963,Low,False,,False,False,,General structural region
10,LEU,0.25158921167498255,0.0010344310871751243,Low,False,,False,False,,General structural region
11,SER,0.0,0.0,Low,False,,False,False,,General structural region
12,PHE,1.8869190875623691,0.007758233153813433,Low,False,,True,False,,D166V mechanistic neighborhood
13,ALA,0.0,0.0,Low,False,,True,False,,D166V mechanistic neighborhood
14,GLY,9.005338689600848,0.037026239038811366,Low,False,,True,False,,D166V mechanistic neighborhood
15,CYS,3.714442439017806,0.015272255534574985,Low,False,,True,False,,D166V mechanistic neighborhood
16,GLY,38.01352767183653,0.15629594963610144,Intermediate,False,,True,False,,D166V mechanistic neighborhood
17,PHE,16.558607074773715,0.0680821637956073,Low,False,,True,False,,D166V mechanistic neighborhood
18,LEU,0.0,0.0,Low,False,,False,False,,General structural region
19,GLY,5.521660629955541,0.02270279146880032,Low,False,,False,False,,General structural region
20,PHE,6.289730291874563,0.025860777179378108,Low,False,,False,False,,General structural region
21,TYR,3.0190705400997904,0.012413173046101492,Low,False,,False,True,p.Tyr21Cys,Structural candidate residue
22,HIS,0.0,0.0,Low,False,,False,False,,General structural region
23,VAL,8.073631320337967,0.03319544255712139,Low,False,,False,False,,General structural region
24,GLY,0.0,0.0,Low,False,,False,False,,General structural region
25,ALA,0.25158921167498255,0.0010344310871751243,Low,False,,False,False,,General structural region
26,THR,13.040086134606218,0.05361545666951703,Low,False,,False,False,,General structural region
27,ARG,58.26168660883306,0.23954802917896517,Intermediate,False,,False,False,,General structural region
28,CYS,0.0,0.0,Low,False,,False,True,p.Cys28Arg,Structural candidate residue
29,LEU,2.5158921167498254,0.010344310871751243,Low,False,,False,False,,General structural region
30,SER,53.50089353963817,0.2199736113508069,Intermediate,False,,False,False,,General structural region
31,GLU,64.59805122565628,0.26560054747130735,Intermediate,False,,False,False,,General structural region
32,HIS,10.993774416773155,0.04520186675091664,Low,False,,False,False,,General structural region
33,ALA,0.0,0.0,Low,False,,False,False,,General structural region
34,PRO,58.20894188617316,0.23933116463043946,Intermediate,False,,False,False,,General structural region
35,HIS,44.237944252442965,0.18188818376903995,Intermediate,False,,False,False,,General structural region
36,LEU,4.9059896276621595,0.020171406199914924,Low,False,,False,False,,General structural region
37,LEU,34.12957143821572,0.1403267232828059,Intermediate,False,,False,False,,General structural region
38,ARG,176.70011842125913,0.7265180187400377,High,False,,False,False,,General structural region
39,ASP,70.8568211219297,0.291334028271529,Intermediate,False,,False,False,,General structural region
40,ALA,22.979404612156042,0.09448183543854768,Low,False,,False,False,,General structural region
41,ARG,171.04276847760423,0.7032573287693359,High,False,,False,False,,General structural region
42,MET,25.309324915788867,0.10406150690646365,Intermediate,False,,False,False,,General structural region
43,LEU,5.91234647436209,0.024309130548615426,Low,False,,False,False,,General structural region
44,PHE,3.8996327809622295,0.016033681851214426,Low,False,,False,False,,General structural region
45,GLY,0.3417463758483147,0.001405120166931559,Low,False,,True,False,,D166V mechanistic neighborhood
46,ALA,0.0,0.0,Low,False,,True,False,,D166V mechanistic neighborhood
47,SER,10.089345234722005,0.04148322692596778,Low,True,Catalytic residue,True,False,,Catalytic residue
48,ALA,12.486545363025332,0.05133952528784121,Low,False,,True,False,,D166V mechanistic neighborhood
49,GLY,0.0,0.0,Low,False,,True,True,p.Gly49Trp,D166V-proximal structural candidate
50,ALA,0.7547676350249476,0.003103293261525373,Low,False,,True,False,,D166V mechanistic neighborhood
51,LEU,47.696340345208505,0.19610768231710665,Intermediate,False,,True,True,p.Leu51Ser,D166V-proximal structural candidate
52,HIS,22.733271299722798,0.09346983675913192,Low,False,,False,False,,General structural region
53,CYS,0.25158921167498255,0.0010344310871751243,Low,False,,False,False,,General structural region
54,VAL,0.880562240862439,0.0036205088051129352,Low,False,,False,False,,General structural region
55,GLY,11.876907527623782,0.04883294591323672,Low,False,,False,False,,General structural region
56,VAL,51.25687354213307,0.21074712651782174,Intermediate,False,,False,False,,General structural region
57,LEU,45.71126743117249,0.18794588110584926,Intermediate,False,,False,False,,General structural region
58,SER,19.367185671095232,0.07962988077229095,Low,False,,False,False,,General structural region
59,GLY,57.45748339540999,0.23624147720548214,Intermediate,False,,False,False,,General structural region
60,ILE,39.89634698098597,0.16403732619176176,Intermediate,False,,False,False,,General structural region
61,PRO,66.29375727635791,0.2725725914706453,Intermediate,False,,False,False,,General structural region
62,LEU,29.477956567714724,0.12120120118439237,Intermediate,False,,False,False,,General structural region
63,GLU,100.81757764864811,0.4145203037886216,High,False,,False,False,,General structural region
64,GLN,63.51425804703618,0.26114443685921446,Intermediate,False,,False,False,,General structural region
65,THR,32.92909034546272,0.1353908400879656,Intermediate,False,,False,False,,General structural region
66,LEU,0.880562240862439,0.0036205088051129352,Low,False,,False,False,,General structural region
67,GLN,80.62051671616224,0.3314783181683332,High,False,,False,False,,General structural region
68,VAL,56.0051041677044,0.23026989275834406,Intermediate,False,,False,False,,General structural region
69,LEU,42.628323076437454,0.17527008527447302,Intermediate,False,,False,False,,General structural region
70,SER,2.6786475601568007,0.011013494137386032,Low,False,,False,False,,General structural region
71,ASP,60.22288080070791,0.2476116509318862,Intermediate,False,,False,False,,General structural region
72,LEU,24.404153532473305,0.10033981545598705,Intermediate,False,,False,False,,General structural region
73,VAL,1.761124481724878,0.0072410176102258705,Low,False,,False,False,,General structural region
74,ARG,61.43979242303919,0.2526150896886736,Intermediate,False,,False,False,,General structural region
75,LYS,90.57476430380132,0.37240607928153263,High,False,,False,False,,General structural region
76,ALA,2.232206300130667,0.009177911781155026,Low,False,,False,False,,General structural region
77,ARG,112.9267863180508,0.464308376199702,High,False,,False,False,,General structural region
78,SER,71.69672722686389,0.2947873758116234,Intermediate,False,,False,False,,General structural region
79,ARG,90.16030707498261,0.37070200207194076,High,False,,False,False,,General structural region
80,ASN,71.69350578539702,0.29477413057278085,Intermediate,False,,False,False,,General structural region
81,ILE,66.02239173892858,0.27145684828739813,Intermediate,False,,False,False,,General structural region
82,GLY,12.970850668508856,0.05333078898448651,Low,False,,False,False,,General structural region
83,ILE,16.49617839275913,0.06782548279971992,Low,False,,False,False,,General structural region
84,PHE,146.74338444213421,0.6033482822798175,High,False,,False,False,,General structural region
85,HIS,8.467238845912355,0.03481379438504563,Low,False,,False,False,,General structural region
86,PRO,34.00523243697439,0.1398154925850505,Intermediate,False,,False,False,,General structural region
87,SER,47.618371251534164,0.19578710555708326,Intermediate,False,,False,False,,General structural region
88,PHE,13.759029141404731,0.056571453833259844,Low,False,,False,False,,General structural region
89,ASN,49.353927096049645,0.20292299547518747,Intermediate,False,,False,False,,General structural region
90,LEU,17.713281128643498,0.07282970733662551,Low,False,,True,False,,D166V mechanistic neighborhood
91,SER,21.140222024964974,0.08691987508851733,Low,False,,True,False,,D166V mechanistic neighborhood
92,LYS,95.60965347804026,0.3931074672609288,High,False,,False,False,,General structural region
93,PHE,55.07019760992261,0.22642594253275677,Intermediate,False,,False,False,,General structural region
94,LEU,22.123802324926377,0.0909639516697004,Low,False,,True,False,,D166V mechanistic neighborhood
95,ARG,89.67957664013947,0.36872543676915115,High,False,,False,False,,General structural region
96,GLN,108.54026296265052,0.4462728010920234,High,False,,False,False,,General structural region
97,GLY,21.097944041829287,0.08674604545660482,Low,False,,False,False,,General structural region
98,LEU,23.098690885212847,0.09497229140166993,Low,False,,False,False,,General structural region
99,CYS,57.12704544411767,0.23488285261691746,Intermediate,False,,False,False,,General structural region
100,LYS,173.22689793815945,0.7122375684122506,High,False,,False,False,,General structural region
101,CYS,31.02645282265689,0.12756797921045396,Intermediate,False,,False,False,,General structural region
102,LEU,11.294282153055347,0.046437430638085635,Low,False,,False,False,,General structural region
103,PRO,39.84125260882057,0.16381080085342606,Intermediate,False,,False,False,,General structural region
104,ALA,80.50515612492548,0.3310040029899687,High,False,,False,False,,General structural region
105,ASN,63.28662086135094,0.26020848662548957,Intermediate,False,,False,False,,General structural region
106,VAL,0.0,0.0,Low,False,,False,False,,General structural region
107,HIS,29.098443012182504,0.11964079794916124,Intermediate,False,,False,False,,General structural region
108,GLN,127.87127712133046,0.5257539595217966,High,False,,False,False,,General structural region
109,LEU,59.82822345958845,0.2459889826953672,Intermediate,False,,False,False,,General structural region
110,ILE,0.0,0.0,Low,False,,False,False,,General structural region
111,SER,40.233041937646696,0.16542167700611574,Intermediate,False,,False,False,,General structural region
112,GLY,50.1366771586395,0.20614134093936912,Intermediate,False,,False,False,,General structural region
113,LYS,103.51963923705273,0.4256300667546044,High,False,,False,False,,General structural region
114,ILE,0.7547676350249477,0.0031032932615253734,Low,False,,False,False,,General structural region
115,GLY,0.22322063001306672,0.0009177911781155026,Low,False,,False,False,,General structural region
116,ILE,0.37738381751247385,0.0015516466307626867,Low,False,,True,False,,D166V mechanistic neighborhood
117,SER,0.0,0.0,Low,False,,True,False,,D166V mechanistic neighborhood
118,LEU,0.0,0.0,Low,False,,True,False,,D166V mechanistic neighborhood
119,THR,2.5158921167498254,0.010344310871751243,Low,False,,True,False,,D166V mechanistic neighborhood
120,ARG,63.90639556904809,0.262756744638695,Intermediate,False,,True,False,,D166V mechanistic neighborhood
121,VAL,55.23583284659538,0.22710696632072136,Intermediate,False,,True,False,,D166V mechanistic neighborhood
122,SER,66.70030292767731,0.27424413953616383,Intermediate,False,,False,False,,General structural region
123,ASP,60.43337274448619,0.24847710700130407,Intermediate,False,,False,False,,General structural region
124,GLY,12.955763169789991,0.05326875541158963,Low,False,,True,False,,D166V mechanistic neighborhood
125,GLU,96.40812721186131,0.39639046197703104,High,False,,True,False,,D166V mechanistic neighborhood
126,ASN,55.33278239588516,0.22750558288700928,Intermediate,False,,True,False,,D166V mechanistic neighborhood
127,VAL,30.190705400997903,0.12413173046101492,Intermediate,False,,True,False,,D166V mechanistic neighborhood
128,LEU,67.12523344100494,0.27599127857264694,Intermediate,False,,False,False,,General structural region
129,VAL,8.93141701446188,0.03672230359471691,Low,False,,False,False,,General structural region
130,SER,41.663813552880285,0.1713044198613912,Intermediate,False,,False,False,,General structural region
131,ASP,73.48691536762529,0.30214789120243485,High,False,,False,False,,General structural region
132,PHE,15.37767061531686,0.06322664007299703,Low,False,,False,False,,General structural region
133,ARG,184.8409549534421,0.7599897814139472,High,False,,False,False,,General structural region
134,SER,37.59394702899859,0.15457080706087373,Intermediate,False,,False,False,,General structural region
135,LYS,42.14633076854514,0.17328833167008081,Intermediate,False,,False,False,,General structural region
136,ASP,92.92915892320254,0.3820863790430849,High,False,,False,False,,General structural region
137,GLU,36.00220675117976,0.14802622744586358,Intermediate,False,,False,False,,General structural region
138,VAL,0.0,0.0,Low,False,,False,False,,General structural region
139,VAL,0.25158921167498255,0.0010344310871751243,Low,False,,False,False,,General structural region
140,ASP,40.879607885694256,0.16808008955137735,Intermediate,False,,True,False,,D166V mechanistic neighborhood
141,ALA,0.0,0.0,Low,False,,True,False,,D166V mechanistic neighborhood
142,LEU,0.8380093683695652,0.0034455489415235025,Low,False,,True,True,p.Leu142Phe,D166V-proximal structural candidate
143,VAL,6.553639782739374,0.02694586417390231,Low,False,,True,False,,D166V mechanistic neighborhood
144,CYS,0.0,0.0,Low,False,,True,False,,D166V mechanistic neighborhood
145,SER,0.0,0.0,Low,False,,True,False,,D166V mechanistic neighborhood
146,CYS,9.35521262744339,0.03846477638899096,Low,False,,True,False,,D166V mechanistic neighborhood
147,PHE,6.038141080199581,0.024826346092202984,Low,False,,True,False,,D166V mechanistic neighborhood
148,ILE,33.46136515277268,0.13757933459429153,Intermediate,False,,True,False,,D166V mechanistic neighborhood
149,PRO,39.37371162713477,0.16188846514290695,Intermediate,False,,True,False,,D166V mechanistic neighborhood
150,PHE,158.30981491278843,0.6509046745704018,High,False,,True,False,,D166V mechanistic neighborhood
151,TYR,37.433397245433824,0.15391069255893244,Intermediate,False,,True,False,,D166V mechanistic neighborhood
152,SER,9.53129365968934,0.03918874898067903,Low,False,,True,False,,D166V mechanistic neighborhood
153,GLY,24.067105146639047,0.09895401148661986,Low,False,,True,False,,D166V mechanistic neighborhood
154,LEU,136.71030905882884,0.5620964137781183,High,False,,False,False,,General structural region
155,ILE,53.83722197715599,0.22135645518959168,Intermediate,False,,True,False,,D166V mechanistic neighborhood
156,PRO,10.95458697541044,0.045040744152286254,Low,False,,True,False,,D166V mechanistic neighborhood
157,PRO,24.14068517357694,0.09925654221420158,Low,False,,True,False,,D166V mechanistic neighborhood
158,SER,55.059541065842254,0.226382127218081,Intermediate,False,,False,False,,General structural region
159,PHE,9.643631776993955,0.03965063699265286,Low,False,,False,False,,General structural region
160,ARG,114.15424321972262,0.46935517279643874,High,False,,False,False,,General structural region
161,GLY,72.44147449032081,0.2978494694374967,Intermediate,False,,False,False,,General structural region
162,VAL,54.09168051012124,0.2224026837426517,Intermediate,False,,False,False,,General structural region
163,ARG,24.381541919349104,0.10024684582747585,Intermediate,False,,True,False,,D166V mechanistic neighborhood
164,TYR,17.187988511006136,0.0706699207148937,Low,False,,True,False,,D166V mechanistic neighborhood
165,VAL,15.975914941361392,0.0656863740356204,Low,False,,True,False,,D166V mechanistic neighborhood
166,ASP,10.626484274657276,0.04369172115091986,Low,True,Catalytic residue,True,True,p.Asp166Val,Catalytic residue
167,GLY,0.0,0.0,Low,False,,True,False,,D166V mechanistic neighborhood
168,GLY,12.986349192266566,0.05339451252284319,Low,False,,True,False,,D166V mechanistic neighborhood
169,VAL,38.86607737820446,0.15980128245127914,Intermediate,False,,True,False,,D166V mechanistic neighborhood
170,SER,23.858830643675432,0.09809767261939596,Low,False,,True,False,,D166V mechanistic neighborhood
171,ASP,8.928825200522668,0.036711647124620106,Low,False,,True,False,,D166V mechanistic neighborhood
172,ASN,10.459019060263795,0.04300317324922027,Low,False,,True,False,,D166V mechanistic neighborhood
173,VAL,5.529370621926226,0.02273449177631053,Low,False,,True,False,,D166V mechanistic neighborhood
174,PRO,1.5095352700498954,0.006206586523050747,Low,False,,True,False,,D166V mechanistic neighborhood
175,PHE,92.60932646510994,0.38077135986902744,High,False,,False,False,,General structural region
176,ILE,133.80230167301508,0.5501398866218319,High,False,,False,False,,General structural region
177,ASP,56.06744383792714,0.23052620777445035,Intermediate,False,,False,False,,General structural region
178,ALA,59.40436894174469,0.24424626770859098,Intermediate,False,,False,False,,General structural region
179,LYS,161.95098101215822,0.6658756480142954,High,False,,False,False,,General structural region
180,THR,23.35938024360773,0.0960441385394072,Low,False,,False,False,,General structural region
181,THR,4.521149763585166,0.018589103380429295,Low,False,,False,False,,General structural region
182,ILE,5.283373445174633,0.02172305283067761,Low,False,,False,False,,General structural region
183,THR,15.816159718938597,0.06502952644143101,Low,False,,False,False,,General structural region
184,VAL,0.4748098416880493,0.0019522222652906271,Low,False,,False,False,,General structural region
185,SER,0.0,0.0,Low,False,,False,False,,General structural region
186,PRO,2.094091415103348,0.008610040330218388,Low,False,,False,True,p.Pro186Ser;p.Pro186His,Structural candidate residue
187,PHE,3.7738381751247383,0.015516466307626866,Low,False,,False,False,,General structural region
188,TYR,44.5381077225302,0.18312233217558496,Intermediate,False,,False,False,,General structural region
189,GLY,3.9109713124478107,0.016080301216860167,Low,False,,False,False,,General structural region
190,GLU,137.42701891684942,0.5650432291549998,High,False,,False,False,,General structural region
191,TYR,20.397774669129852,0.08386723773434102,Low,False,,False,False,,General structural region
192,ASP,44.247693661644604,0.1819282693191819,Intermediate,False,,False,False,,General structural region
193,ILE,0.0,0.0,Low,False,,False,False,,General structural region
194,CYS,2.1252062723432767,0.008737971791936144,Low,False,,False,False,,General structural region
195,PRO,8.45101513785044,0.03474708918788408,Low,False,,False,False,,General structural region
196,LYS,71.33953468713543,0.29331874738855934,Intermediate,False,,False,False,,General structural region
197,VAL,47.4999659334173,0.1953002717173828,Intermediate,False,,False,False,,General structural region
198,LYS,142.59107336404378,0.5862756914711651,High,False,,False,False,,General structural region
199,SER,60.21388013775538,0.24757464391755005,Intermediate,False,,False,False,,General structural region
200,THR,130.54725956371948,0.536756495793972,High,False,,False,False,,General structural region
201,ASN,135.1099241652249,0.5555162910678964,High,False,,False,False,,General structural region
202,PHE,64.00804179935496,0.26317467202049155,Intermediate,False,,False,False,,General structural region
203,LEU,120.11159562684124,0.4938493491808462,High,False,,False,False,,General structural region
204,HIS,64.77725421560174,0.2663373562656121,Intermediate,False,,False,False,,General structural region
205,VAL,47.29877179489672,0.1944730443889234,Intermediate,False,,False,False,,General structural region
206,ASP,116.55997800806819,0.47924656216085315,High,False,,False,False,,General structural region
207,ILE,77.44692432340175,0.31842981498634887,High,False,,False,False,,General structural region
208,THR,44.44900168289888,0.1827559648864789,Intermediate,False,,True,False,,D166V mechanistic neighborhood
209,LYS,130.41669366403934,0.5362196626577062,High,False,,False,False,,General structural region
210,LEU,12.70525518958662,0.05223876990234378,Low,False,,True,False,,D166V mechanistic neighborhood
211,SER,22.75577557509801,0.09356236505908361,Low,False,,False,False,,General structural region
212,LEU,13.963201247961532,0.057410925338219405,Low,False,,False,False,,General structural region
213,ARG,51.89021600310291,0.21335116953736724,Intermediate,False,,False,False,,General structural region
214,LEU,104.72498587142798,0.4305859550501264,High,False,,False,False,,General structural region
215,CYS,27.499388059468565,0.11306614340743343,Intermediate,False,,False,False,,General structural region
216,THR,120.76050337041266,0.4965173902235842,High,False,,False,False,,General structural region
217,GLY,20.331119235999253,0.08359317808090687,Low,False,,False,False,,General structural region
218,ASN,3.8996327809622295,0.016033681851214426,Low,False,,False,False,,General structural region
219,LEU,123.10637249275021,0.5061626366569848,High,False,,False,False,,General structural region
220,TYR,96.24214901799057,0.39570802809049826,High,False,,False,False,,General structural region
221,LEU,17.73703942308627,0.07292739164584626,Low,False,,False,False,,General structural region
222,LEU,41.847050871391716,0.17205781615106874,Intermediate,False,,False,False,,General structural region
223,SER,55.37583268721486,0.22768258793172844,Intermediate,False,,False,False,,General structural region
224,ARG,73.56137373150926,0.3024540332893272,High,False,,False,False,,General structural region
225,ALA,9.159501877100254,0.037660094491458546,Low,False,,True,False,,D166V mechanistic neighborhood
226,PHE,51.32419918169644,0.21102394178372538,Intermediate,False,,True,False,,D166V mechanistic neighborhood
227,VAL,68.18067636392027,0.2803308246244587,Intermediate,False,,False,False,,General structural region
228,PRO,8.280803647878946,0.034047249733526345,Low,False,,False,False,,General structural region
229,PRO,2.7674813284248083,0.011378741958926368,Low,False,,False,False,,General structural region
230,ASP,68.59137938951795,0.2820194660985771,Intermediate,False,,False,False,,General structural region
231,LEU,24.074461709436203,0.09898425863911688,Low,False,,False,False,,General structural region
232,LYS,95.63917790399931,0.3932288595250872,High,False,,False,False,,General structural region
233,VAL,36.06049900286712,0.1482659011460409,Intermediate,False,,False,False,,General structural region
234,LEU,0.0,0.0,Low,False,,False,False,,General structural region
235,GLY,0.23971006445359616,0.0009855889325647484,Low,False,,False,False,,General structural region
236,GLU,25.933145733024435,0.10662640085354234,Intermediate,False,,False,False,,General structural region
237,ILE,18.617601663948708,0.0765479004509592,Low,False,,False,False,,General structural region
238,CYS,0.0,0.0,Low,False,,False,False,,General structural region
239,LEU,5.9123464743620895,0.024309130548615422,Low,False,,False,False,,General structural region
240,ARG,34.98428491652381,0.1438409526358978,Intermediate,False,,False,False,,General structural region
241,GLY,0.0,0.0,Low,False,,False,False,,General structural region
242,TYR,1.2418977559028248,0.005106171434165075,Low,False,,False,False,,General structural region
243,LEU,0.37738381751247385,0.0015516466307626867,Low,False,,False,False,,General structural region
244,ASP,3.013478505176401,0.012390180904559286,Low,False,,False,False,,General structural region
245,ALA,0.0,0.0,Low,False,,False,False,,General structural region
246,PHE,20.127136933998607,0.08275448697400996,Low,False,,False,False,,General structural region
247,ARG,33.196828652374094,0.13649166959513284,Intermediate,False,,False,True,p.Arg247Thr,Structural candidate residue
248,PHE,7.110896796630071,0.029237075211439166,Low,False,,False,False,,General structural region
249,LEU,0.0,0.0,Low,False,,False,False,,General structural region
250,GLU,102.92967038965652,0.42320435814751234,High,False,,False,False,,General structural region
251,GLU,123.88009178545794,0.5093438513195514,High,False,,False,False,,General structural region
252,LYS,110.76725945496398,0.4554292922918727,High,False,,False,False,,General structural region
253,GLY,66.75455954180175,0.2744672203589127,Intermediate,False,,False,False,,General structural region
254,ILE,28.432581140257206,0.11690304852223445,Intermediate,False,,False,False,,General structural region
255,CYS,42.05895522286717,0.17292907945848382,Intermediate,False,,False,False,,General structural region
256,ASN,98.7139907697493,0.40587122202704856,High,False,,False,False,,General structural region
257,ARG,205.7561172076947,0.8459843035362248,High,False,,False,False,,General structural region
258,PRO,89.53666297233379,0.36813783470236855,High,False,,False,False,,General structural region
259,GLN,159.52064624433808,0.6558831136789065,High,False,,False,False,,General structural region
260,PRO,104.35019386785473,0.4290449648894606,High,False,,False,False,,General structural region
261,GLY,67.8707870465763,0.27905668754477264,Intermediate,False,,False,False,,General structural region
262,LEU,153.74977092315487,0.6321556541717974,High,False,,False,False,,General structural region
263,LYS,196.84428409643712,0.8093425208754059,High,False,,False,False,,General structural region
264,SER,95.52193890215509,0.39274682109693027,High,False,,False,False,,General structural region
265,SER,111.64429525807275,0.45903530183918717,High,False,,False,False,,General structural region
266,SER,107.02807959179302,0.4400553266704848,High,False,,False,False,,General structural region
267,GLU,178.91307330340794,0.7356167766294179,High,False,,False,False,,General structural region
268,GLY,74.09507665447964,0.30464839961831747,High,False,,False,False,,General structural region
269,MET,187.15063031041637,0.7694862140098847,High,False,,False,False,,General structural region
270,ASP,136.89220334648087,0.5628442880787456,High,False,,False,False,,General structural region
271,PRO,107.002567241452,0.43995043040675413,High,False,,False,False,,General structural region
272,GLU,164.38023193051282,0.6758637260076437,High,False,,False,False,,General structural region
273,VAL,145.55863618359103,0.5984770860112871,High,False,,False,False,,General structural region
274,ALA,77.05654478427893,0.31682473530754524,High,False,,False,False,,General structural region
275,MET,163.12672075376724,0.670709804976156,High,False,,False,False,,General structural region
276,PRO,92.77563452620934,0.38145515003357267,High,False,,False,False,,General structural region
277,SER,96.20847114474407,0.3955695585639069,High,False,,False,False,,General structural region
278,TRP,243.21505298340833,1.0,High,False,,False,False,,General structural region
279,ALA,84.61550468814255,0.3479040612421093,High,False,,False,False,,General structural region
280,ASN,153.41951754043097,0.6307977884530731,High,False,,False,False,,General structural region
281,MET,189.75090167885082,0.7801774575679543,High,False,,False,False,,General structural region
282,SER,104.77833535067369,0.43080530610834133,High,False,,False,False,,General structural region
283,LEU,157.00865101147565,0.6455548251866897,High,False,,False,False,,General structural region
284,ASP,137.80584393999175,0.5666008014289831,High,False,,False,False,,General structural region
285,SER,108.81700193251442,0.4474106376135268,High,False,,False,False,,General structural region
286,SER,60.61904087031334,0.24924049776823912,Intermediate,False,,False,False,,General structural region
287,PRO,108.05870262374805,0.44429282356598054,High,False,,False,False,,General structural region
288,GLU,145.588634466442,0.5986004265795742,High,False,,False,False,,General structural region
289,SER,77.2564731227595,0.3176467581882351,High,False,,False,False,,General structural region
290,ALA,53.68840866014625,0.22074459619819983,Intermediate,False,,False,False,,General structural region
291,ALA,47.89307734915181,0.19691658374623294,Intermediate,False,,False,False,,General structural region
292,LEU,103.3035225334276,0.42474148399225425,High,False,,False,False,,General structural region
293,ALA,48.171524560021105,0.19806144385030014,Intermediate,False,,False,False,,General structural region
294,VAL,31.20379049196427,0.12829711857552228,Intermediate,False,,False,False,,General structural region
295,ARG,189.77959750974748,0.780295442990915,High,False,,False,False,,General structural region
296,LEU,108.31446099067374,0.44534439650025587,High,False,,False,False,,General structural region
297,GLU,65.6170699997471,0.26979033244386963,Intermediate,False,,False,False,,General structural region
298,GLY,25.89691269775303,0.10647742555441118,Intermediate,False,,False,False,,General structural region
299,ASP,71.25403624306797,0.29296721304469914,Intermediate,False,,False,False,,General structural region
300,GLU,105.48264377169423,0.4337011318904264,High,False,,False,False,,General structural region
301,LEU,24.34475779636638,0.1000956046829352,Intermediate,False,,False,False,,General structural region
302,LEU,38.09200727431708,0.1566186253978106,Intermediate,False,,False,False,,General structural region
303,ASP,70.96470341365398,0.2917775957662253,Intermediate,False,,False,False,,General structural region
304,HIS,96.29625117047618,0.3959304738306857,High,False,,False,False,,General structural region
305,LEU,3.2706597517747733,0.013447604133276617,Low,False,,False,False,,General structural region
306,ARG,96.00464330438223,0.39473150253957134,High,False,,False,False,,General structural region
307,LEU,153.60948703019966,0.6315788646547243,High,False,,False,False,,General structural region
308,SER,69.67611635493105,0.2864794571727607,Intermediate,False,,False,False,,General structural region
309,ILE,20.2600681911475,0.08330104548475296,Low,False,,False,False,,General structural region
310,LEU,30.76294126686153,0.1264845283608335,Intermediate,False,,False,False,,General structural region
311,PRO,88.61095604503927,0.3643317095635694,High,False,,False,False,,General structural region
312,TRP,190.18288899467655,0.781953611266201,High,False,,False,False,,General structural region
313,ASP,0.6696618900392002,0.002753373534346508,Low,False,,False,False,,General structural region
314,GLU,89.90967997605777,0.3696715267956348,High,False,,False,False,,General structural region
315,SER,80.35811126278033,0.3303994151556985,High,False,,False,False,,General structural region
316,ILE,10.440952284511775,0.04292889011776766,Low,False,,False,False,,General structural region
317,LEU,15.748238485767985,0.06475026234022735,Low,False,,False,False,,General structural region
318,ASP,140.49306543009897,0.5776495480305782,High,False,,False,False,,General structural region
319,THR,38.12590244105544,0.15675798834563218,Intermediate,False,,False,False,,General structural region
320,LEU,23.70839547945829,0.09747914526111026,Low,False,,False,False,,General structural region
321,SER,5.225213402178113,0.02148392271811633,Low,False,,False,False,,General structural region
322,PRO,99.58491093915909,0.4094520866105791,High,False,,False,False,,General structural region
323,ARG,173.57657945345198,0.7136753146002565,High,False,,False,False,,General structural region
324,LEU,0.0,0.0,Low,False,,False,False,,General structural region
325,ALA,39.35207128973929,0.1617994889996542,Intermediate,False,,False,False,,General structural region
326,THR,66.2553958120637,0.2724148649491013,Intermediate,False,,False,False,,General structural region
327,ALA,11.472478524354715,0.047170100631630504,Low,False,,False,False,,General structural region
328,LEU,5.003415651837735,0.020571981834442865,Low,False,,False,False,,General structural region
329,SER,7.6931477980739515,0.031631051218687374,Low,False,,False,False,,General structural region
330,GLU,74.42607878345268,0.3060093438728477,High,False,,False,False,,General structural region
331,GLU,21.509421993614843,0.08843787310764098,Low,False,,False,False,,General structural region
332,MET,34.02368405782647,0.1398913580408508,Intermediate,False,,False,False,,General structural region
333,LYS,60.029197686623284,0.2468153058384851,Intermediate,False,,False,False,,General structural region
334,ASP,92.9760956264441,0.38227936341089364,High,False,,False,False,,General structural region
335,LYS,114.6565197441816,0.4714203267344774,High,False,,False,False,,General structural region
336,GLY,25.34409711047635,0.10420447583154023,Intermediate,False,,False,False,,General structural region
337,GLY,46.944434177492205,0.19301615422913262,Intermediate,False,,False,False,,General structural region
338,TYR,176.3616144308287,0.7251262299248383,High,False,,False,False,,General structural region
339,MET,137.57502196475394,0.5656517566539726,High,False,,False,False,,General structural region
340,SER,29.571370516272275,0.12158528081849267,Intermediate,False,,False,False,,General structural region
341,LYS,136.12861830807486,0.5597047412906688,High,False,,False,False,,General structural region
342,ILE,47.41268725351282,0.19494141777790056,Intermediate,False,,False,False,,General structural region
343,CYS,81.34614869731902,0.33446181763621474,High,False,,False,False,,General structural region
344,ASN,110.2075389088341,0.4531279522256883,High,False,,False,False,,General structural region
345,LEU,92.4590352905561,0.38015342453685824,High,False,,False,False,,General structural region
346,LEU,127.37745279010657,0.5237235575167958,High,False,,False,False,,General structural region
347,PRO,93.60464323162638,0.38486369196076,High,False,,False,False,,General structural region
348,ILE,70.09223600986229,0.2881903695929703,Intermediate,False,,False,False,,General structural region
349,ARG,126.33810136656233,0.5194501730745296,High,False,,False,False,,General structural region
350,ILE,92.19831320723775,0.3790814428477309,High,False,,False,False,,General structural region
351,MET,101.89136223667266,0.4189352632035629,High,False,,False,False,,General structural region
352,SER,35.1002240844076,0.14431764668283945,Intermediate,False,,False,False,,General structural region
353,TYR,103.51000109259091,0.4255904386791889,High,False,,False,False,,General structural region
354,VAL,88.64908581687527,0.3644884834612714,High,False,,False,False,,General structural region
355,MET,81.54540421137295,0.335281074140324,High,False,,False,False,,General structural region
356,LEU,34.9283475503297,0.14361096125375283,Intermediate,False,,False,False,,General structural region
357,PRO,94.17889757076995,0.38722478899032065,High,False,,False,False,,General structural region
358,CYS,91.69693203668503,0.3770199702357256,High,False,,False,False,,General structural region
359,THR,56.48291423037663,0.23223445069508009,Intermediate,False,,False,False,,General structural region
360,LEU,51.42162520587201,0.2114245174182533,Intermediate,False,,False,False,,General structural region
361,PRO,74.0213735818295,0.304345362977509,High,False,,False,False,,General structural region
362,VAL,85.4977790970012,0.3515316097759529,High,False,,False,False,,General structural region
363,GLU,68.86015573100194,0.2831245635758386,Intermediate,False,,False,False,,General structural region
364,SER,21.721050146736165,0.08930800080132348,Low,False,,False,False,,General structural region
365,ALA,50.5653500942157,0.2079038672728253,Intermediate,False,,False,False,,General structural region
366,ILE,91.48379330109609,0.37614363164987547,High,False,,False,False,,General structural region
367,ALA,4.811751011033039,0.019783935870783816,Low,False,,False,False,,General structural region
368,ILE,108.33379618445964,0.4454238948435892,High,False,,False,False,,General structural region
369,VAL,88.43360790375635,0.36360252714205615,High,False,,False,False,,General structural region
370,GLN,108.20481940706345,0.4448935955228272,High,False,,False,False,,General structural region
371,ARG,108.04114635680226,0.44422063943621376,High,False,,False,False,,General structural region
372,LEU,94.4549938231368,0.3883599829225223,High,False,,False,False,,General structural region
373,VAL,86.48735983893096,0.35560035770002674,High,False,,False,False,,General structural region
374,THR,71.07290510063137,0.29222247648248906,Intermediate,False,,False,False,,General structural region
375,TRP,74.8477904733073,0.30774324843459944,High,False,,False,False,,General structural region
376,LEU,96.68158714439305,0.39751481644924536,High,False,,False,False,,General structural region
377,PRO,99.33202058452675,0.40841230576013315,High,False,,False,False,,General structural region
378,ASP,85.36357025883984,0.3509797983789399,High,False,,False,False,,General structural region
379,MET,77.02308158653045,0.3166871484380731,High,False,,False,False,,General structural region
380,PRO,72.98364793248348,0.30007866304830355,High,False,,False,False,,General structural region
381,ASP,106.01034232570545,0.43587081073035916,High,False,,False,False,,General structural region
382,ASP,12.835186225751336,0.0527729927416414,Low,False,,False,False,,General structural region
383,VAL,51.86806646589815,0.21326009977448432,Intermediate,False,,False,False,,General structural region
384,LEU,108.44840672045034,0.44589512610409227,High,False,,False,False,,General structural region
385,TRP,52.61928802821535,0.21634881304737721,Intermediate,False,,False,False,,General structural region
386,LEU,70.55658958400164,0.29009959999809254,Intermediate,False,,False,False,,General structural region
387,GLN,106.69555902637077,0.4386881392314535,High,False,,False,False,,General structural region
388,TRP,123.0491051856661,0.5059271771063457,High,False,,False,False,,General structural region
389,VAL,42.47602390057917,0.17464389386900656,Intermediate,False,,False,False,,General structural region
390,THR,86.03273473004222,0.35373112673215673,High,False,,False,False,,General structural region
391,SER,63.21670340784836,0.2599210148894891,Intermediate,False,,False,False,,General structural region
392,GLN,77.4894091280538,0.3186044949830469,High,False,,False,False,,General structural region
393,VAL,81.72394092187645,0.33601514346832595,High,False,,False,False,,General structural region
394,PHE,136.88607200481863,0.5628190785302944,High,False,,False,False,,General structural region
395,THR,70.30281696543241,0.2890561916421692,Intermediate,False,,False,False,,General structural region
396,ARG,134.71678526055467,0.5538998660158786,High,False,,False,False,,General structural region
397,VAL,73.53541239521815,0.3023472909805241,High,False,,False,False,,General structural region
398,LEU,78.36321170872326,0.3221972108530184,High,False,,False,False,,General structural region
399,MET,140.15552747940953,0.5762617311724151,High,False,,False,False,,General structural region
400,CYS,93.6334411642843,0.38498209718405796,High,False,,False,False,,General structural region
401,LEU,128.87682238992824,0.5298883469960224,High,False,,False,False,,General structural region
402,LEU,109.77727423298006,0.45135888131261703,High,False,,False,False,,General structural region
403,PRO,102.0246979738757,0.41948348476948766,High,False,,False,False,,General structural region
404,ALA,91.92309660081388,0.3779498656568954,High,False,,False,False,,General structural region
405,SER,106.11153826106533,0.4362868866850279,High,False,,False,False,,General structural region
406,ARG,228.4667873662688,0.9393612137232903,High,False,,False,False,,General structural region
407,SER,100.5652488537026,0.41348283184002993,High,False,,False,False,,General structural region
408,GLN,170.9379557837019,0.702826382195032,High,False,,False,False,,General structural region
409,MET,169.79740318881,0.6981369002698745,High,False,,False,False,,General structural region
410,PRO,108.3350868554415,0.4454292015504152,High,False,,False,False,,General structural region
411,VAL,148.90502009928977,0.6122360366792255,High,False,,False,False,,General structural region
412,SER,99.12013717700232,0.40754112856560776,High,False,,False,False,,General structural region
413,SER,97.97793655496423,0.4028448706324444,High,False,,False,False,,General structural region
414,GLN,175.59462600038128,0.7219726897921899,High,False,,False,False,,General structural region
415,GLN,172.8382567469716,0.7106396361032896,High,False,,False,False,,General structural region
416,ALA,90.5906044757601,0.37247120753640206,High,False,,False,False,,General structural region
417,SER,117.37656433253414,0.4826040283803542,High,False,,False,False,,General structural region
418,PRO,114.75345751249893,0.4718188948622649,High,False,,False,False,,General structural region
419,CYS,129.89596159173746,0.5340786271177003,High,False,,False,False,,General structural region
420,THR,132.820173050659,0.5461017787403141,High,False,,False,False,,General structural region
421,PRO,114.49946367344701,0.4707745769389444,High,False,,False,False,,General structural region
422,GLU,158.36892136057185,0.6511476959091651,High,False,,False,False,,General structural region
423,GLN,144.75522753130997,0.5951738009455562,High,False,,False,False,,General structural region
424,ASP,112.74494046328549,0.4635607010351318,High,False,,False,False,,General structural region
425,TRP,218.06907517764284,0.8966101090483043,High,False,,False,False,,General structural region
426,PRO,93.44017823821707,0.38418747973050577,High,False,,False,False,,General structural region
427,CYS,115.87191423906059,0.4764175276888193,High,False,,False,False,,General structural region
428,TRP,225.77359292312892,0.9282879088019719,High,False,,False,False,,General structural region
429,THR,125.62593765491084,0.5165220495767621,High,False,,False,False,,General structural region
430,PRO,123.72969981813978,0.5087255015691006,High,False,,False,False,,General structural region
431,CYS,130.14149145658183,0.5350881446694824,High,False,,False,False,,General structural region
432,SER,104.43710602861628,0.4294023118533736,High,False,,False,False,,General structural region
433,PRO,97.8747993771438,0.40242081308931416,High,False,,False,False,,General structural region
434,LYS,204.96160842560184,0.8427176110665483,High,False,,False,False,,General structural region
435,GLY,80.60570148880669,0.331417404063002,High,False,,False,False,,General structural region
436,CYS,135.74539767321141,0.5581290960739659,High,False,,False,False,,General structural region
437,PRO,121.96405275199066,0.5014658889567614,High,False,,False,False,,General structural region
438,ALA,98.41564026042256,0.40464452776751564,High,False,,False,False,,General structural region
439,GLU,177.6804720437659,0.7305488285541558,High,False,,False,False,,General structural region
440,THR,135.63082902512275,0.5576580370392421,High,False,,False,False,,General structural region
441,LYS,196.4715105661438,0.8078098298444821,High,False,,False,False,,General structural region
442,ALA,92.09232634308113,0.3786456685695498,High,False,,False,False,,General structural region
443,GLU,173.41569980265854,0.7130138438203026,High,False,,False,False,,General structural region
444,ALA,84.62965625405002,0.34796224664524894,High,False,,False,False,,General structural region
445,THR,88.88643445085091,0.36546436316552566,High,False,,False,False,,General structural region
446,PRO,59.462432118967726,0.24448499954903755,Intermediate,False,,False,False,,General structural region
447,ARG,181.06600674891308,0.7444687511231678,High,False,,False,False,,General structural region
448,SER,66.3352838952506,0.27274333180264076,Intermediate,False,,False,False,,General structural region
449,ILE,56.14508306437285,0.2308454282564614,Intermediate,False,,True,False,,D166V mechanistic neighborhood
450,LEU,121.99709707071868,0.5016017535684401,High,False,,False,False,,General structural region
451,ARG,171.00182959833717,0.7030890049803068,High,False,,False,False,,General structural region
452,SER,54.02586545302548,0.22213207936891563,Intermediate,False,,False,False,,General structural region
453,SER,36.160638577697235,0.14867763378183688,Intermediate,False,,True,False,,D166V mechanistic neighborhood
454,LEU,83.59667571860787,0.3437150566676096,High,False,,False,False,,General structural region
455,ASN,101.90956645710327,0.41901011145085393,High,False,,False,False,,General structural region
456,PHE,100.74289413729065,0.41421323598816534,High,False,,True,False,,D166V mechanistic neighborhood
457,PHE,93.4994417656332,0.3844311469159417,High,False,,True,False,,D166V mechanistic neighborhood
458,LEU,97.2515505915706,0.39985827110053473,High,False,,False,False,,General structural region
459,GLY,79.24990005526021,0.3258429076783602,High,False,,False,False,,General structural region
460,ASN,128.14970993323342,0.5268987604232521,High,False,,False,False,,General structural region
461,LYS,189.03527828828962,0.7772351092972245,High,False,,False,False,,General structural region
462,VAL,133.92874292334045,0.5506597609008881,High,False,,False,False,,General structural region
463,PRO,110.53877011227144,0.4544898383399492,High,False,,False,False,,General structural region
464,ALA,112.45311661269659,0.4623608417048427,High,False,,False,False,,General structural region
465,GLY,75.55149675573591,0.31063659847110653,High,False,,False,False,,General structural region
466,ALA,98.69975542803772,0.40581269217235016,High,False,,False,False,,General structural region
467,GLU,194.55031801172768,0.7999106783287774,High,False,,False,False,,General structural region
468,GLY,65.89245415777916,0.27092259853782247,Intermediate,False,,False,False,,General structural region
469,LEU,174.9311962447686,0.7192449402245761,High,False,,False,False,,General structural region
470,SER,100.30775344783886,0.41242411691796754,High,False,,False,False,,General structural region
471,THR,132.00990394542066,0.5427702863211601,High,False,,False,False,,General structural region
472,PHE,209.9557275811788,0.8632513695420883,High,False,,False,False,,General structural region
473,PRO,111.07818157089281,0.45670767581343064,High,False,,False,False,,General structural region
474,SER,105.21699069690668,0.4326088759978371,High,False,,False,False,,General structural region
475,PHE,200.37946464064723,0.8238777254231741,High,False,,False,False,,General structural region
476,SER,103.49254954540021,0.4255186851138703,High,False,,False,False,,General structural region
477,LEU,171.3514063938745,0.704526320603864,High,False,,False,False,,General structural region
478,GLU,147.11350856262302,0.6048700800301979,High,False,,False,False,,General structural region
479,LYS,182.50281676702625,0.7503763214009466,High,False,,False,False,,General structural region
480,SER,104.4447466437492,0.42943372691193676,High,False,,False,False,,General structural region
481,LEU,241.7039770239612,0.9937870787975026,High,False,,False,False,,General structural region
