Protein_Change,Position,Figure,Generated
p.Asp166Val,166,C:\Users\Asif Computer\Documents\Bioinformatics projects\MASLD_PNPLA3\RESULTS\STEP13_COMPARATIVE_STRUCTURAL_ANALYSIS\figures\PyMOL_3D\Figure_S13_Asp166Val_3D.png,True
p.Gly49Trp,49,C:\Users\Asif Computer\Documents\Bioinformatics projects\MASLD_PNPLA3\RESULTS\STEP13_COMPARATIVE_STRUCTURAL_ANALYSIS\figures\PyMOL_3D\Figure_S13_Gly49Trp_3D.png,True
p.Cys28Arg,28,C:\Users\Asif Computer\Documents\Bioinformatics projects\MASLD_PNPLA3\RESULTS\STEP13_COMPARATIVE_STRUCTURAL_ANALYSIS\figures\PyMOL_3D\Figure_S13_Cys28Arg_3D.png,True
p.Pro186Ser,186,C:\Users\Asif Computer\Documents\Bioinformatics projects\MASLD_PNPLA3\RESULTS\STEP13_COMPARATIVE_STRUCTURAL_ANALYSIS\figures\PyMOL_3D\Figure_S13_Pro186Ser_3D.png,True
p.Pro186His,186,C:\Users\Asif Computer\Documents\Bioinformatics projects\MASLD_PNPLA3\RESULTS\STEP13_COMPARATIVE_STRUCTURAL_ANALYSIS\figures\PyMOL_3D\Figure_S13_Pro186His_3D.png,True
p.Leu51Ser,51,C:\Users\Asif Computer\Documents\Bioinformatics projects\MASLD_PNPLA3\RESULTS\STEP13_COMPARATIVE_STRUCTURAL_ANALYSIS\figures\PyMOL_3D\Figure_S13_Leu51Ser_3D.png,True
p.Tyr21Cys,21,C:\Users\Asif Computer\Documents\Bioinformatics projects\MASLD_PNPLA3\RESULTS\STEP13_COMPARATIVE_STRUCTURAL_ANALYSIS\figures\PyMOL_3D\Figure_S13_Tyr21Cys_3D.png,True
p.Arg247Thr,247,C:\Users\Asif Computer\Documents\Bioinformatics projects\MASLD_PNPLA3\RESULTS\STEP13_COMPARATIVE_STRUCTURAL_ANALYSIS\figures\PyMOL_3D\Figure_S13_Arg247Thr_3D.png,True
p.Leu142Phe,142,C:\Users\Asif Computer\Documents\Bioinformatics projects\MASLD_PNPLA3\RESULTS\STEP13_COMPARATIVE_STRUCTURAL_ANALYSIS\figures\PyMOL_3D\Figure_S13_Leu142Phe_3D.png,True
