VariationID,Protein_Change,Residue_Position,Residue_Name,Residue_AA,WT_Contact,Mutant_Contact,WT_Min_Distance_A,Mutant_Min_Distance_A,Distance_Change_A,Contact_Status
3308171,p.Asp166Val,47,SER,S,True,True,2.668748617172241,3.5611412525177,0.892392635345459,Retained
3308171,p.Asp166Val,119,THR,T,True,True,3.0484068393707275,3.0484068393707275,0.0,Retained
3308171,p.Asp166Val,144,CYS,C,True,True,3.276153326034546,3.278083086013794,0.0019297599792480469,Retained
3308171,p.Asp166Val,145,SER,S,True,True,2.994586229324341,3.0017218589782715,0.007135629653930664,Retained
3308171,p.Asp166Val,146,CYS,C,True,True,3.776639461517334,4.232961177825928,0.45632171630859375,Retained
3308171,p.Asp166Val,147,PHE,F,True,True,2.8319966793060303,2.8443551063537598,0.012358427047729492,Retained
3308171,p.Asp166Val,148,ILE,I,True,True,3.468669891357422,3.7507786750793457,0.28210878372192383,Retained
3308171,p.Asp166Val,165,VAL,V,True,True,1.3343814611434937,1.3205974102020264,-0.013784050941467285,Retained
3308171,p.Asp166Val,167,GLY,G,True,True,1.3376822471618652,1.3553999662399292,0.017717719078063965,Retained
3308171,p.Asp166Val,168,GLY,G,True,True,2.7715704441070557,3.1381335258483887,0.366563081741333,Retained
3308171,p.Asp166Val,169,VAL,V,True,True,3.0230886936187744,3.0230886936187744,0.0,Retained
3421686,p.Gly49Trp,11,SER,S,False,True,,4.023695468902588,,Gained
3421686,p.Gly49Trp,12,PHE,F,True,True,3.6199212074279785,1.2508468627929688,-2.3690743446350098,Retained
3421686,p.Gly49Trp,13,ALA,A,True,True,3.620316743850708,0.9142501354217529,-2.706066608428955,Retained
3421686,p.Gly49Trp,14,GLY,G,True,True,4.374232292175293,2.6058523654937744,-1.7683799266815186,Retained
3421686,p.Gly49Trp,15,CYS,C,False,True,,2.0578789710998535,,Gained
3421686,p.Gly49Trp,22,HIS,H,True,True,3.882946014404297,2.0834341049194336,-1.7995119094848633,Retained
3421686,p.Gly49Trp,45,GLY,G,True,True,3.852475166320801,3.764885187149048,-0.08758997917175293,Retained
3421686,p.Gly49Trp,46,ALA,A,True,True,2.863274335861206,2.862889289855957,-0.00038504600524902344,Retained
3421686,p.Gly49Trp,47,SER,S,True,True,3.166205883026123,3.158144235610962,-0.008061647415161133,Retained
3421686,p.Gly49Trp,48,ALA,A,True,True,1.3374792337417603,1.33856999874115,0.0010907649993896484,Retained
3421686,p.Gly49Trp,50,ALA,A,True,True,1.338940978050232,1.3388404846191406,-0.0001004934310913086,Retained
3421686,p.Gly49Trp,51,LEU,L,True,True,3.4225027561187744,3.422880172729492,0.00037741661071777344,Retained
3421686,p.Gly49Trp,52,HIS,H,True,True,3.3394668102264404,3.3394668102264404,0.0,Retained
3421686,p.Gly49Trp,53,CYS,C,True,True,2.9459643363952637,2.9459643363952637,0.0,Retained
3421686,p.Gly49Trp,184,VAL,V,False,True,,2.25307035446167,,Gained
3421686,p.Gly49Trp,185,SER,S,False,True,,3.624767541885376,,Gained
3421686,p.Gly49Trp,186,PRO,P,False,True,,2.552297353744507,,Gained
3421686,p.Gly49Trp,187,PHE,F,False,True,,4.323769569396973,,Gained
902366,p.Cys28Arg,24,GLY,G,True,True,3.0092411041259766,3.02119517326355,0.011954069137573242,Retained
902366,p.Cys28Arg,25,ALA,A,True,True,3.304478645324707,3.3050763607025146,0.0005977153778076172,Retained
902366,p.Cys28Arg,26,THR,T,True,True,3.356550693511963,3.351375102996826,-0.005175590515136719,Retained
902366,p.Cys28Arg,27,ARG,R,True,True,1.3322927951812744,1.3243846893310547,-0.007908105850219727,Retained
902366,p.Cys28Arg,29,LEU,L,True,True,1.339118242263794,1.3421528339385986,0.0030345916748046875,Retained
902366,p.Cys28Arg,30,SER,S,True,True,3.2859857082366943,3.2882094383239746,0.0022237300872802734,Retained
902366,p.Cys28Arg,31,GLU,E,True,True,3.1086223125457764,3.1086223125457764,0.0,Retained
902366,p.Cys28Arg,32,HIS,H,True,True,2.966352701187134,2.966352701187134,0.0,Retained
902366,p.Cys28Arg,33,ALA,A,True,True,4.302394866943359,4.302394866943359,0.0,Retained
902366,p.Cys28Arg,242,TYR,Y,True,True,3.477207660675049,1.4796466827392578,-1.997560977935791,Retained
902366,p.Cys28Arg,243,LEU,L,False,True,,2.9532861709594727,,Gained
902366,p.Cys28Arg,245,ALA,A,True,True,3.714820623397827,3.6982460021972656,-0.016574621200561523,Retained
902366,p.Cys28Arg,246,PHE,F,True,True,3.249908208847046,1.7372578382492065,-1.5126503705978394,Retained
902366,p.Cys28Arg,247,ARG,R,False,True,,4.254615306854248,,Gained
902366,p.Cys28Arg,249,LEU,L,True,True,4.119865417480469,4.341488361358643,0.22162294387817383,Retained
902366,p.Cys28Arg,316,ILE,I,False,True,,3.800424098968506,,Gained
902366,p.Cys28Arg,320,LEU,L,False,True,,3.6683731079101562,,Gained
2205093,p.Pro186Ser,13,ALA,A,True,False,4.436670780181885,,,Lost
2205093,p.Pro186Ser,15,CYS,C,True,True,3.3939130306243896,3.6715784072875977,0.277665376663208,Retained
2205093,p.Pro186Ser,18,LEU,L,True,True,4.061657905578613,3.225008964538574,-0.8366489410400391,Retained
2205093,p.Pro186Ser,21,TYR,Y,True,True,3.58585524559021,3.5780670642852783,-0.007788181304931641,Retained
2205093,p.Pro186Ser,22,HIS,H,True,False,3.91585111618042,,,Lost
2205093,p.Pro186Ser,185,SER,S,True,True,1.3460452556610107,1.2935854196548462,-0.05245983600616455,Retained
2205093,p.Pro186Ser,187,PHE,F,True,True,1.3368152379989624,1.334899663925171,-0.001915574073791504,Retained
2205093,p.Pro186Ser,188,TYR,Y,True,True,4.119691848754883,4.119691848754883,0.0,Retained
2205093,p.Pro186Ser,195,PRO,P,True,True,3.3652656078338623,3.3652656078338623,0.0,Retained
2205093,p.Pro186Ser,221,LEU,L,True,True,3.2213873863220215,3.2213873863220215,0.0,Retained
899625,p.Pro186His,13,ALA,A,True,False,4.436670780181885,,,Lost
899625,p.Pro186His,15,CYS,C,True,False,3.3939130306243896,,,Lost
899625,p.Pro186His,18,LEU,L,True,True,4.061657905578613,3.572564125061035,-0.4890937805175781,Retained
899625,p.Pro186His,21,TYR,Y,True,True,3.58585524559021,2.353461980819702,-1.2323932647705078,Retained
899625,p.Pro186His,22,HIS,H,True,False,3.91585111618042,,,Lost
899625,p.Pro186His,185,SER,S,True,True,1.3460452556610107,1.3334240913391113,-0.012621164321899414,Retained
899625,p.Pro186His,187,PHE,F,True,True,1.3368152379989624,1.3352693319320679,-0.0015459060668945312,Retained
899625,p.Pro186His,188,TYR,Y,True,True,4.119691848754883,4.119691848754883,0.0,Retained
899625,p.Pro186His,195,PRO,P,True,True,3.3652656078338623,3.3652656078338623,0.0,Retained
899625,p.Pro186His,221,LEU,L,True,True,3.2213873863220215,3.032749652862549,-0.18863773345947266,Retained
899625,p.Pro186His,237,ILE,I,False,True,,1.8787959814071655,,Gained
2619470,p.Leu51Ser,47,SER,S,True,True,3.0785539150238037,3.0935893058776855,0.015035390853881836,Retained
2619470,p.Leu51Ser,48,ALA,A,True,True,3.5242865085601807,3.5288314819335938,0.004544973373413086,Retained
2619470,p.Leu51Ser,49,GLY,G,True,True,3.4225027561187744,3.4265263080596924,0.004023551940917969,Retained
2619470,p.Leu51Ser,50,ALA,A,True,True,1.340693473815918,1.3364057540893555,-0.0042877197265625,Retained
2619470,p.Leu51Ser,52,HIS,H,True,True,1.3355090618133545,1.3410255908966064,0.005516529083251953,Retained
2619470,p.Leu51Ser,53,CYS,C,True,True,3.4593966007232666,3.4522814750671387,-0.00711512565612793,Retained
2619470,p.Leu51Ser,54,VAL,V,True,True,3.4337644577026367,3.4337644577026367,0.0,Retained
2619470,p.Leu51Ser,55,GLY,G,True,True,3.0017032623291016,3.0017032623291016,0.0,Retained
2619470,p.Leu51Ser,94,LEU,L,True,False,4.087178707122803,,,Lost
2619470,p.Leu51Ser,98,LEU,L,True,False,3.780946731567383,,,Lost
2619470,p.Leu51Ser,142,LEU,L,True,True,3.790139675140381,3.7890818119049072,-0.0010578632354736328,Retained
2619470,p.Leu51Ser,146,CYS,C,True,True,3.543778419494629,3.8345699310302734,0.29079151153564453,Retained
3308170,p.Tyr21Cys,18,LEU,L,True,True,2.879255771636963,2.8886733055114746,0.009417533874511719,Retained
3308170,p.Tyr21Cys,19,GLY,G,True,True,3.2132320404052734,3.2195301055908203,0.006298065185546875,Retained
3308170,p.Tyr21Cys,20,PHE,F,True,True,1.3374667167663574,1.3407045602798462,0.0032378435134887695,Retained
3308170,p.Tyr21Cys,22,HIS,H,True,True,1.3380273580551147,1.3406102657318115,0.0025829076766967773,Retained
3308170,p.Tyr21Cys,23,VAL,V,True,True,3.305306911468506,3.289654493331909,-0.01565241813659668,Retained
3308170,p.Tyr21Cys,24,GLY,G,True,True,3.2844467163085938,3.2844467163085938,0.0,Retained
3308170,p.Tyr21Cys,25,ALA,A,True,True,2.9384422302246094,2.9384422302246094,0.0,Retained
3308170,p.Tyr21Cys,184,VAL,V,True,False,4.092416763305664,,,Lost
3308170,p.Tyr21Cys,185,SER,S,True,False,3.3843560218811035,,,Lost
3308170,p.Tyr21Cys,186,PRO,P,True,True,3.58585524559021,3.677846670150757,0.09199142456054688,Retained
3308170,p.Tyr21Cys,193,ILE,I,True,False,3.789534330368042,,,Lost
3308170,p.Tyr21Cys,194,CYS,C,True,False,3.1843032836914062,,,Lost
3308170,p.Tyr21Cys,195,PRO,P,True,False,3.43526291847229,,,Lost
3308170,p.Tyr21Cys,237,ILE,I,True,True,3.5144455432891846,3.635422468185425,0.12097692489624023,Retained
3308170,p.Tyr21Cys,238,CYS,C,True,True,4.206562519073486,4.206620693206787,5.817413330078125e-05,Retained
3308170,p.Tyr21Cys,240,ARG,R,True,False,3.9689249992370605,,,Lost
3308170,p.Tyr21Cys,241,GLY,G,True,True,3.328835964202881,3.66266131401062,0.33382534980773926,Retained
3308170,p.Tyr21Cys,244,ASP,D,True,False,2.7016384601593018,,,Lost
3421694,p.Arg247Thr,196,LYS,K,True,False,4.147665500640869,,,Lost
3421694,p.Arg247Thr,240,ARG,R,True,False,4.02186918258667,,,Lost
3421694,p.Arg247Thr,243,LEU,L,True,True,2.906545639038086,2.8800899982452393,-0.02645564079284668,Retained
3421694,p.Arg247Thr,244,ASP,D,True,True,2.725227117538452,3.5550830364227295,0.8298559188842773,Retained
3421694,p.Arg247Thr,245,ALA,A,True,True,3.369689464569092,3.362884283065796,-0.0068051815032958984,Retained
3421694,p.Arg247Thr,246,PHE,F,True,True,1.3384414911270142,1.3115586042404175,-0.02688288688659668,Retained
3421694,p.Arg247Thr,248,PHE,F,True,True,1.3342052698135376,1.3394356966018677,0.005230426788330078,Retained
3421694,p.Arg247Thr,249,LEU,L,True,True,3.348464012145996,3.350614070892334,0.0021500587463378906,Retained
3421694,p.Arg247Thr,250,GLU,E,True,True,3.2994818687438965,3.2994818687438965,0.0,Retained
3421694,p.Arg247Thr,251,GLU,E,True,True,2.8730688095092773,2.8730688095092773,0.0,Retained
3421694,p.Arg247Thr,313,ASP,D,True,True,2.775832414627075,4.160527229309082,1.3846948146820068,Retained
3421694,p.Arg247Thr,316,ILE,I,False,True,,3.393083333969116,,Gained
3935294,p.Leu142Phe,50,ALA,A,True,True,3.7358152866363525,2.829587459564209,-0.9062278270721436,Retained
3935294,p.Leu142Phe,51,LEU,L,True,True,3.790139675140381,3.6648404598236084,-0.12529921531677246,Retained
3935294,p.Leu142Phe,54,VAL,V,True,True,3.9090752601623535,1.581350564956665,-2.3277246952056885,Retained
3935294,p.Leu142Phe,98,LEU,L,True,True,3.8040664196014404,3.7850465774536133,-0.01901984214782715,Retained
3935294,p.Leu142Phe,102,LEU,L,True,False,4.409935474395752,,,Lost
3935294,p.Leu142Phe,110,ILE,I,False,True,,4.28980016708374,,Gained
3935294,p.Leu142Phe,114,ILE,I,False,True,,4.295350551605225,,Gained
3935294,p.Leu142Phe,116,ILE,I,True,True,3.953712224960327,3.627206563949585,-0.3265056610107422,Retained
3935294,p.Leu142Phe,138,VAL,V,True,True,2.99251389503479,2.5947813987731934,-0.3977324962615967,Retained
3935294,p.Leu142Phe,139,VAL,V,True,True,3.3354594707489014,3.3311991691589355,-0.00426030158996582,Retained
3935294,p.Leu142Phe,140,ASP,D,True,True,3.374553918838501,3.365192413330078,-0.009361505508422852,Retained
3935294,p.Leu142Phe,141,ALA,A,True,True,1.3359631299972534,1.325895071029663,-0.010068058967590332,Retained
3935294,p.Leu142Phe,143,VAL,V,True,True,1.3362847566604614,1.3376892805099487,0.0014045238494873047,Retained
3935294,p.Leu142Phe,144,CYS,C,True,True,3.321692943572998,3.3336472511291504,0.011954307556152344,Retained
3935294,p.Leu142Phe,145,SER,S,True,True,3.1996614933013916,3.1996614933013916,0.0,Retained
3935294,p.Leu142Phe,146,CYS,C,True,True,2.996656894683838,2.996656894683838,0.0,Retained
