Relative_Path,Size_bytes,SHA256
RESULTS/STEP10_STRUCTURAL_ANALYSIS/QC/Step10_final_QC_report.json,2543,790bf8ba9836bec599731d32521c3f9cd89598dff0b46c9dcf6d11ffe6126934
RESULTS/STEP10_STRUCTURAL_ANALYSIS/Step10_final_summary.txt,1992,cd74f010bf3099dd0fea9550cc415ea0478317cf338b2a3ec4bb8a88944e4f20
RESULTS/STEP10_STRUCTURAL_ANALYSIS/figures/Figure_S10_1_WT_D166V_RMSD_comparison.png,65259,17a60eaa03d7636f36b77664ee93a0bad1119c146c5200aaab2a4b231f7715b0
RESULTS/STEP10_STRUCTURAL_ANALYSIS/figures/Figure_S10_2_D166V_local_distance_comparison.png,210590,32ad136106652ee9e21885f8cf0145c42144368f48f8ebab4a414d288e4d0d0a
RESULTS/STEP10_STRUCTURAL_ANALYSIS/figures/Figure_S10_3_D166V_contact_comparison.png,48623,7021839a96e963102db6ffe7f4aff07e6a70763d81e22210876f878bf6fc0649
RESULTS/STEP10_STRUCTURAL_ANALYSIS/figures/Figure_S10_4_D166V_candidate_polar_contact_comparison.png,62907,ea128e931d12687737078daf016e90ca9244e3490dfa0fa7fe80b36db683ef93
RESULTS/STEP10_STRUCTURAL_ANALYSIS/figures/Figure_S10_5_local_pLDDT_around_D166.png,119281,7653e9b5f2805f1480a91246e7bb7b064b3eb6b9cbf87ffbb2a9f9f8cdd5deff
RESULTS/STEP10_STRUCTURAL_ANALYSIS/figures/Figure_S10_6_PNPLA3_WT_D166_3D.png,801659,29da3fa05f6e7da3fca003fff4d5a9b776a357321dd1f389bc857c0eae4a1249
RESULTS/STEP10_STRUCTURAL_ANALYSIS/figures/Figure_S10_7_PNPLA3_D166V_3D.png,760204,9e9b0f018ee5f9e67b16c7a1ff0f2470ad99ae4bb9cce4f3af0f512e1ed16dc4
RESULTS/STEP10_STRUCTURAL_ANALYSIS/figures/Figure_S10_8_PNPLA3_WT_vs_D166V_3D.png,838720,e7fc2201895a5f8e2b986ed55d38cec352181eaad9bb6d8262ea91d5c5dceeba
RESULTS/STEP10_STRUCTURAL_ANALYSIS/logs/convert_wt_to_pdb.py.stderr.txt,0,e3b0c44298fc1c149afbf4c8996fb92427ae41e4649b934ca495991b7852b855
RESULTS/STEP10_STRUCTURAL_ANALYSIS/logs/convert_wt_to_pdb.py.stdout.txt,0,e3b0c44298fc1c149afbf4c8996fb92427ae41e4649b934ca495991b7852b855
RESULTS/STEP10_STRUCTURAL_ANALYSIS/logs/generate_D166V_mutant.py.stderr.txt,0,e3b0c44298fc1c149afbf4c8996fb92427ae41e4649b934ca495991b7852b855
RESULTS/STEP10_STRUCTURAL_ANALYSIS/logs/generate_D166V_mutant.py.stdout.txt,153,b75a2a9ccace7a62021d212dce4c21355e80f967be29691f9361fa4c5ec93a9b
RESULTS/STEP10_STRUCTURAL_ANALYSIS/logs/render_step10_3d_figures.py.stderr.txt,0,e3b0c44298fc1c149afbf4c8996fb92427ae41e4649b934ca495991b7852b855
RESULTS/STEP10_STRUCTURAL_ANALYSIS/logs/render_step10_3d_figures.py.stdout.txt,0,e3b0c44298fc1c149afbf4c8996fb92427ae41e4649b934ca495991b7852b855
RESULTS/STEP10_STRUCTURAL_ANALYSIS/logs/step10_execution_log.txt,4111,88d6b81ba205138a44181f49b68a3bac1335ccae99f4e5a03e10d016a96b497f
RESULTS/STEP10_STRUCTURAL_ANALYSIS/structure_source_metadata.json,338,92ea8fb41182010d8a1a58c69b91c4d767c4b9601aba2c3f48ea6e323533e7de
RESULTS/STEP10_STRUCTURAL_ANALYSIS/structures/D166V/PNPLA3_D166V_mutant.pdb,300197,9736882ce300bf0e6cdf7c406f56d1ac336802730ef611cc7c9aec701bf509d8
RESULTS/STEP10_STRUCTURAL_ANALYSIS/structures/WT/PNPLA3_WT.pdb,300278,165289f8745a98c3b5ea26777a01fb1519db00d54722343287b00033b2dcbabe
RESULTS/STEP10_STRUCTURAL_ANALYSIS/structures/WT/structure_source_metadata.json,390,401823777a32d8bccd527768dc6dde70c1c5af8002f1ed506df14a11f928712f
RESULTS/STEP10_STRUCTURAL_ANALYSIS/tables/Table_S10_10_local_pLDDT.csv,618,cd4b23c018c8e9f4f4093035f53427767692056249a28702a672be836802870e
RESULTS/STEP10_STRUCTURAL_ANALYSIS/tables/Table_S10_1_structural_candidates.csv,9897,fe835cad27f3ed889af0d2756cdab8b5187279b0063cf4f4d27d92353d1b1edc
RESULTS/STEP10_STRUCTURAL_ANALYSIS/tables/Table_S10_2_WT_D166_local_environment.csv,541,b21d49a4a54ed4aaae39317297ce497e2e48e828790da13f453810939b74d7c3
RESULTS/STEP10_STRUCTURAL_ANALYSIS/tables/Table_S10_3_D166V_local_environment.csv,541,05c76c5661e1ee2230f5caf3027296752ed84e7bc558437c8af05213ab7584c7
RESULTS/STEP10_STRUCTURAL_ANALYSIS/tables/Table_S10_4_D166V_contact_comparison.csv,1067,924d66bfd2a58dcb3452bea91e3a88c5dff11e334e48d0e53974cc7e24dee544
RESULTS/STEP10_STRUCTURAL_ANALYSIS/tables/Table_S10_5_WT_D166_candidate_polar_contacts.csv,600,672117069ff0221f1c8e401ed66eda00e989ea27a3e867ecaca41477727dac0d
RESULTS/STEP10_STRUCTURAL_ANALYSIS/tables/Table_S10_6_D166V_candidate_polar_contacts.csv,440,c171a40468296e35b52dc629e40f9d0d7318776914cae9300a3a331564c59293
RESULTS/STEP10_STRUCTURAL_ANALYSIS/tables/Table_S10_7_D166V_physicochemical_context.csv,446,b184408919956db5d5df77f524d0c5bcb3f38ffda45ac5b5382442a1b1489bbd
RESULTS/STEP10_STRUCTURAL_ANALYSIS/tables/Table_S10_8_D166V_structural_metrics.csv,730,9c1178edf9532fb75540c258b7581f5ce7c245c48f80fff9732f0ae707fd736f
RESULTS/STEP10_STRUCTURAL_ANALYSIS/tables/Table_S10_9_local_distance_comparison.csv,1128,58b4a1a814e4e14638788d0b743944175a3bbbde2679eaa73ff82b8c96b60a03
RESULTS/STEP10_STRUCTURAL_ANALYSIS/temporary/convert_wt_to_pdb.py,471,9c1bf628a8326b72e2403299734e3861efc05f877e6bcd0c7b43267c6a771f25
RESULTS/STEP10_STRUCTURAL_ANALYSIS/temporary/generate_D166V_mutant.py,1048,5ffc4e05f1011c9988e759f884ee2e9bb38ded1e616fb3cc1a21f300b25ded79
RESULTS/STEP10_STRUCTURAL_ANALYSIS/temporary/render_step10_3d_figures.py,3309,7bfb4e21295235e3bdfc9f5c40a2aab80b1c1ead9c55ead7e657985b22afaebb
RESULTS/STEP11_D166V_CATALYTIC_CONTEXT/QC/Step11_final_QC_report.json,924,d43dc9e34c27fc9efa8106873e87e13812241cf84275c0cd5e5087fb03940750
RESULTS/STEP11_D166V_CATALYTIC_CONTEXT/Step11_final_summary.txt,2813,6d9d9ff868fd2f4992c374ed44e172a7c8e1913af52c7ee5bc38c16d763d24a7
RESULTS/STEP11_D166V_CATALYTIC_CONTEXT/figures/Figure_S11_1_catalytic_context_distance_comparison.png,375624,c65b1aa29c5b417300cb9e5a9fa608afe6ecd70bdd98a882d837ae0bc3ea8022
RESULTS/STEP11_D166V_CATALYTIC_CONTEXT/figures/Figure_S11_2_local_distance_comparison.png,458635,c334bd913fd01bfafce8a6c0fb2ef822f7df49eabf401fe42dcdb93535b44cd5
RESULTS/STEP11_D166V_CATALYTIC_CONTEXT/figures/Figure_S11_3_local_contact_status.png,177180,af72519c42bd9fdf715ab616f22ba661b2192d0cf9a8c748b6f7111c2d0e4c33
RESULTS/STEP11_D166V_CATALYTIC_CONTEXT/figures/Figure_S11_4_D166V_polar_contact_comparison.png,186742,152530e49f747868be142cd16dff1268b86c73aab6ad7115bc9dee5dc7365d10
RESULTS/STEP11_D166V_CATALYTIC_CONTEXT/figures/Figure_S11_5_D166V_physicochemical_change.png,199660,7add7012b98d23c64cb44b77bbc1868582513a339a35420a2eb50287bf26e2d2
RESULTS/STEP11_D166V_CATALYTIC_CONTEXT/tables/Table_S11_1_D166V_catalytic_context.csv,509,8074023f6eec8128c0ab449101cddb28c7d5abbf10290ea9ac5457dd49c00863
RESULTS/STEP11_D166V_CATALYTIC_CONTEXT/tables/Table_S11_2_WT_vs_D166V_local_interactions.csv,246,36599c484fa3a91fd42b08c273efff0a2f3b74c02ba75a2252e0eddd0427c58a
RESULTS/STEP11_D166V_CATALYTIC_CONTEXT/tables/Table_S11_3_residue_distance_changes.csv,1483,12eae9785976e0c035b0d8ad825b6e7c100bcaad97675bc34ffc925a5d069612
RESULTS/STEP11_D166V_CATALYTIC_CONTEXT/tables/Table_S11_4_D166V_physicochemical_change.csv,466,7c0dd86fc47ce0ceb766ce4f8dd86520d97ebda9a7cfe5ff42156a58928f3587
RESULTS/STEP11_D166V_CATALYTIC_CONTEXT/tables/Table_S11_5_WT_D166_candidate_polar_contacts.csv,637,718dca238663f08adbabc744f553e3c91ccd72e7116880e73eb8f097c3a3aa5f
RESULTS/STEP11_D166V_CATALYTIC_CONTEXT/tables/Table_S11_6_D166V_candidate_polar_contacts.csv,468,ece286ea75e220f7a6c5e87befca6ea9859d2f201a191bce329d166c08b01f77
RESULTS/STEP11_D166V_CATALYTIC_CONTEXT/tables/Table_S11_7_candidate_polar_contact_summary.csv,94,8b7973ad4da7b33ccee3dc17a68adcd443fcbe9319e191c0c8c42310475d09ba
RESULTS/STEP11_D166V_CATALYTIC_CONTEXT/tables/Table_S11_8_D166V_structural_impact_summary.csv,816,693985807ac8c73fb68f87fbe3ad7073d6d4dd97c8a8c2e1679579ce1ad9c344
RESULTS/STEP12_INTEGRATED_INTERPRETATION/QC/Step12_final_QC_report.json,6601,e72dd9428c6f144f8757584d0fd8d10def7c7d6a2303967afdeffa939a815ea1
RESULTS/STEP12_INTEGRATED_INTERPRETATION/Step12_final_summary.txt,4065,1cf8c8ce052eb03dae9df03171a1dbe3c689a831e3a202797f333035d78d9926
RESULTS/STEP12_INTEGRATED_INTERPRETATION/figures/Figure_S12_1_integrated_evidence_profile.png,203640,895bed290e0d29515d1a4e98808d303b568f863df132da03033d041f48dfde17
RESULTS/STEP12_INTEGRATED_INTERPRETATION/figures/Figure_S12_2_structural_impact_summary.png,185839,a86849a7338f16d1548d8c34d479e4774138f2d19d79eb769d90f73227029df4
RESULTS/STEP12_INTEGRATED_INTERPRETATION/figures/Figure_S12_3_D166V_mechanistic_evidence.png,194505,6c5207080f2f16443d3707486f9a2332ed93f26a7520a660b5cf8daa19dbf633
RESULTS/STEP12_INTEGRATED_INTERPRETATION/tables/Table_S12_1_integrated_evidence.csv,1537,c790014eb3ebbabe47bc0ee9d3818c3b56b734784076d6ff06ac966a03d68819
RESULTS/STEP12_INTEGRATED_INTERPRETATION/tables/Table_S12_2_computational_evidence.csv,496,25d75db193e25146beb8c10b855a54642d906dfd4b4c007f4676766d7f6ddf71
RESULTS/STEP12_INTEGRATED_INTERPRETATION/tables/Table_S12_3_structural_evidence.csv,564,659c6d1f2f40539b7d5fbc90884467b6e9687ef1a32f44be09594441790387ef
RESULTS/STEP12_INTEGRATED_INTERPRETATION/tables/Table_S12_4_functional_interpretation.csv,633,40c88612c1cc70d9d7c6a8fcf250978c5405852429f36400ebaa032bc0ce68f3
RESULTS/STEP13_COMPARATIVE_STRUCTURAL_ANALYSIS/QC/Step13_final_QC_report.json,2776,e554255fc0d0d64016acebde514d5a015479efa0ee5ec49ea27a9201e5c7da0a
RESULTS/STEP13_COMPARATIVE_STRUCTURAL_ANALYSIS/Step13_final_summary.txt,2718,d8ab71fdcb09060ee311e743214a778c623e4c6cf03d1fd14e16407d14266b1d
RESULTS/STEP13_COMPARATIVE_STRUCTURAL_ANALYSIS/figures/Figure_S13_1_comparative_structural_impact_ranking.png,158221,c50e2a9399c887716f26a9de6dd8ecc3a7d459c3c6b7fc42799851764e510a3b
RESULTS/STEP13_COMPARATIVE_STRUCTURAL_ANALYSIS/figures/Figure_S13_2_local_CA_RMSD_comparison.png,156409,30a81df9eb098879de5de8242aedfa4dd36bf716e6c30e716ae01a2ddad0b02b
RESULTS/STEP13_COMPARATIVE_STRUCTURAL_ANALYSIS/figures/Figure_S13_3_polar_contact_comparison.png,166384,1df15264d2868bf66313ba02e3dd2e86b72327927f0bf916a914a79d43b38240
RESULTS/STEP13_COMPARATIVE_STRUCTURAL_ANALYSIS/figures/Figure_S13_4_contact_changes_comparison.png,161542,41db507e4b3dfc8a77b859b6c6f560942ea898c58872b6f55667f2f0c539ea2a
RESULTS/STEP13_COMPARATIVE_STRUCTURAL_ANALYSIS/figures/Figure_S13_5_variant_residue_pLDDT.png,146361,5b33fce8ef1a6520bf8ecee87785970d4dbd755a72cdf28a6279884c3f879249
RESULTS/STEP13_COMPARATIVE_STRUCTURAL_ANALYSIS/figures/Figure_S13_6_catalytic_context_distance_comparison.png,179758,2272b5306d3b0673a0e9eaf1a1bf66ed302cf152423b1033c45266288f3e9835
RESULTS/STEP13_COMPARATIVE_STRUCTURAL_ANALYSIS/figures/Figure_S13_7_physicochemical_impact_comparison.png,148223,704456e1aaf5bcbab9efffc7cf4816c11ebac44170a4813f35d16ae1c249f69d
RESULTS/STEP13_COMPARATIVE_STRUCTURAL_ANALYSIS/figures/PyMOL_3D/Figure_S13_Arg247Thr_3D.png,739105,52de2a0909f3c41b3a8783ee049bf79663ed163245ba72e8352c537892ffe69f
RESULTS/STEP13_COMPARATIVE_STRUCTURAL_ANALYSIS/figures/PyMOL_3D/Figure_S13_Asp166Val_3D.png,841512,55f82c5d63e4b95ba9a6f06ca1502314699aa3a40d8d86b1ff6075edad9435c0
RESULTS/STEP13_COMPARATIVE_STRUCTURAL_ANALYSIS/figures/PyMOL_3D/Figure_S13_Cys28Arg_3D.png,815817,39b27a344c5c7bab15e0e7641fa97e0ba370c3134c6dc5535667227051dff571
RESULTS/STEP13_COMPARATIVE_STRUCTURAL_ANALYSIS/figures/PyMOL_3D/Figure_S13_Gly49Trp_3D.png,1053109,d82111c1b58c7aefff1690966ab7155c13f3c1e39a2c5dbb68b9b1bc27d898a0
RESULTS/STEP13_COMPARATIVE_STRUCTURAL_ANALYSIS/figures/PyMOL_3D/Figure_S13_Leu142Phe_3D.png,897282,7970d28051123dc3a214b4ab9990da4615b584f42da7e9c9d47b48e70479f92b
RESULTS/STEP13_COMPARATIVE_STRUCTURAL_ANALYSIS/figures/PyMOL_3D/Figure_S13_Leu51Ser_3D.png,976083,f15d3de6acd9171634094d46beb47817475623b5bdbd7bd91384ad23a875d899
RESULTS/STEP13_COMPARATIVE_STRUCTURAL_ANALYSIS/figures/PyMOL_3D/Figure_S13_Pro186His_3D.png,1033340,9c225aec16f1768e5ceee11b4ab4dcdb87d91bdf931c5c5a89ce1d5de0f297b9
RESULTS/STEP13_COMPARATIVE_STRUCTURAL_ANALYSIS/figures/PyMOL_3D/Figure_S13_Pro186Ser_3D.png,956596,1eb28dbbc22acb6cf29e63966bc38edf4e97670afebfb7ca561d2ad16942fa20
RESULTS/STEP13_COMPARATIVE_STRUCTURAL_ANALYSIS/figures/PyMOL_3D/Figure_S13_Tyr21Cys_3D.png,1027707,db0ffc4125c84ce2f7ee56a48e06fd9463deea631c35c3a44fa717690b4fa0d9
RESULTS/STEP13_COMPARATIVE_STRUCTURAL_ANALYSIS/structures/MUTANTS/PNPLA3_Arg247Thr_3421694_mutant.pdb,299954,3c6ae1d383fe4dd3ee703af443d250d2fe566d3a7d71cf85cf843c165fc88b08
RESULTS/STEP13_COMPARATIVE_STRUCTURAL_ANALYSIS/structures/MUTANTS/PNPLA3_Asp166Val_3308171_mutant.pdb,300197,9736882ce300bf0e6cdf7c406f56d1ac336802730ef611cc7c9aec701bf509d8
RESULTS/STEP13_COMPARATIVE_STRUCTURAL_ANALYSIS/structures/MUTANTS/PNPLA3_Cys28Arg_902366_mutant.pdb,300683,60b4aebf01cfd3d93d244edfeed84104af349e8ebea40419f4d64e1c5e9b0919
RESULTS/STEP13_COMPARATIVE_STRUCTURAL_ANALYSIS/structures/MUTANTS/PNPLA3_Gly49Trp_3421686_mutant.pdb,301088,a39787305b825f566f17ffadf663ddb19f0ea80cc22fbb6c437cddae38ed174b
RESULTS/STEP13_COMPARATIVE_STRUCTURAL_ANALYSIS/structures/MUTANTS/PNPLA3_Leu142Phe_3935294_mutant.pdb,300521,42f03ef861595fc7e00e108d52ad9c83058aa93551eb160f62b845457d299b89
RESULTS/STEP13_COMPARATIVE_STRUCTURAL_ANALYSIS/structures/MUTANTS/PNPLA3_Leu51Ser_2619470_mutant.pdb,300116,6087e5900ed111fc487261df359c01d2532080f4fce20f77c90a462daae36b01
RESULTS/STEP13_COMPARATIVE_STRUCTURAL_ANALYSIS/structures/MUTANTS/PNPLA3_Pro186His_899625_mutant.pdb,300521,474eaafad18c872f2eca74985f5121df1792ff0fd658e4376fe853185e7771f9
RESULTS/STEP13_COMPARATIVE_STRUCTURAL_ANALYSIS/structures/MUTANTS/PNPLA3_Pro186Ser_2205093_mutant.pdb,300197,f775f1d707bc290de521492712c488ec3c692fb36754cd8f934c3a0e689b8dcc
RESULTS/STEP13_COMPARATIVE_STRUCTURAL_ANALYSIS/structures/MUTANTS/PNPLA3_Tyr21Cys_3308170_mutant.pdb,299792,8f9967140ed9598855774599e598f2dce88de545e6f3afdcca57c1e56646ee3f
RESULTS/STEP13_COMPARATIVE_STRUCTURAL_ANALYSIS/structures/WT_REFERENCE/PNPLA3_WT_reference.pdb,300278,165289f8745a98c3b5ea26777a01fb1519db00d54722343287b00033b2dcbabe
RESULTS/STEP13_COMPARATIVE_STRUCTURAL_ANALYSIS/tables/Table_S13_1_all9_structural_comparison.csv,4334,9a74362946f3312d7e10d196aae73536f008684e1302fbffb9099b4e63ab88bb
RESULTS/STEP13_COMPARATIVE_STRUCTURAL_ANALYSIS/tables/Table_S13_2_all9_heavy_atom_contacts.csv,11942,f6c9f1bee0c153a7ca685c8343892970e6cb5d5c02dcd234d6dd18a632a6cd7a
RESULTS/STEP13_COMPARATIVE_STRUCTURAL_ANALYSIS/tables/Table_S13_3_all9_candidate_polar_contacts.csv,11339,b6501a3971202894ce06c0aac4fc55fc28a900d1e7acce716fcd34321bc28e4e
RESULTS/STEP13_COMPARATIVE_STRUCTURAL_ANALYSIS/tables/Table_S13_4_all9_local_distance_profiles.csv,11964,748fd665349d36d1642fb92294b36e49a072ba5bfa8c753be3271c2575de431d
RESULTS/STEP13_COMPARATIVE_STRUCTURAL_ANALYSIS/tables/Table_S13_5_all9_local_RMSD_and_pLDDT.csv,980,773fd853d1abf296390f7de14886289479d075901842c81e741501c622fa02ff
RESULTS/STEP13_COMPARATIVE_STRUCTURAL_ANALYSIS/tables/Table_S13_6_final_structural_ranking.csv,2968,ec16933d58c166f70fc80b666bbd3a814eba79f0c0d8abfd19e45162fca62083
RESULTS/STEP13_COMPARATIVE_STRUCTURAL_ANALYSIS/tables/Table_S13_7_mutant_validation.csv,2319,c42e984eac66b205e744782adfc209b5ddf4a1b18b94e0b1c68f5080fd632424
RESULTS/STEP13_COMPARATIVE_STRUCTURAL_ANALYSIS/tables/Table_S13_8_candidate_WT_validation.csv,413,2c444b2db6b95df9037d3cca7c2716880c3f8f06a7b8f0e948f24a74da0bacdc
RESULTS/STEP13_COMPARATIVE_STRUCTURAL_ANALYSIS/tables/Table_S13_9_PyMOL_3D_figure_inventory.csv,1686,0b5326245b026988f98ef41b61ea92048f937338137e1cbac69a41679b20e446
RESULTS/STEP14_FINAL_VARIANT_EVIDENCE_MATRIX/QC/Step14_final_QC_report.json,9002,e7cb0c498c1a4ac62a3ec9637752080396581f074321e4e9598d693866bb8eaf
RESULTS/STEP14_FINAL_VARIANT_EVIDENCE_MATRIX/Step14_final_summary.txt,2051,d4170194124dc0b726f32e8d5f8376dbc6d7c4d5c9c4e9920c314098a329152e
RESULTS/STEP14_FINAL_VARIANT_EVIDENCE_MATRIX/figures/Figure_S14_1_integrated_variant_evidence.png,344956,a0c68216ec6babcca235294dec31a2226f2d988de14b7b97401bc14b2100a584
RESULTS/STEP14_FINAL_VARIANT_EVIDENCE_MATRIX/figures/Figure_S14_2_computational_vs_structural_priority.png,306656,3c8fa6b507a99f30857d2690dd2d9ebda0dd1c8d92d013a237c3b3105148dfb3
RESULTS/STEP14_FINAL_VARIANT_EVIDENCE_MATRIX/figures/Figure_S14_3_top_candidate_evidence_profile.png,260697,814351bbacd75bc7f9ed566d9c08d2ceb07b119f2aaf08d645e59ea777c9876d
RESULTS/STEP14_FINAL_VARIANT_EVIDENCE_MATRIX/tables/Table_S14_1_final_variant_evidence_matrix.csv,60143,ed137620bfa947c901763f31953e4777efc5b27aed612f40c91895fa8dfce68c
RESULTS/STEP14_FINAL_VARIANT_EVIDENCE_MATRIX/tables/Table_S14_2_top_candidate_evidence.csv,11932,64be71ffd3a0c07bcdb80f894c598e7a887b7105cda883024a86358e70c72262
RESULTS/STEP14_FINAL_VARIANT_EVIDENCE_MATRIX/tables/Table_S14_3_structural_comparison_summary.csv,2152,4fc0383fb543ace53f3d02792299d6a1944a5279930d4a6f6224d461883f4e5d
RESULTS/STEP14_FINAL_VARIANT_EVIDENCE_MATRIX/tables/Table_S14_4_downstream_candidate_prioritization.csv,3189,fb2d0e0d4b076e7159834555be5b4bc7e3eeca71ef116acbe8f0a89009bf28b5
RESULTS/STEP15_THERAPEUTIC_SITE_MAPPING/QC/Step15_final_QC_report.json,6011,406206ff32f5d965095c42142c77a3c170e8f0e68e6c88ef6c953a216d7b6ee4
RESULTS/STEP15_THERAPEUTIC_SITE_MAPPING/Step15_final_site_recommendation.json,897,022263929b78fd925ea50bc85e5ae34f137505b785c88a595e407f789fae128a
RESULTS/STEP15_THERAPEUTIC_SITE_MAPPING/Step15_final_summary.txt,2457,5275820e6b893df5c9632879bdfcc89361566328592046f9db52e4d857a4214c
RESULTS/STEP15_THERAPEUTIC_SITE_MAPPING/figures/Figure_S15_1_PNPLA3_functional_architecture.png,1297175,a413fc063f43ad2154e772ea033a9c2b010de8982be503ce05a8cb855c2ef4d5
RESULTS/STEP15_THERAPEUTIC_SITE_MAPPING/figures/Figure_S15_2_D166V_mechanistic_neighborhood.png,297938,13d1fdbf58c3b43cc25998fd31cac6cc6fd2dbfe1398fc395d1cf5a8c3a29f3c
RESULTS/STEP15_THERAPEUTIC_SITE_MAPPING/figures/Figure_S15_3_therapeutic_region_prioritization.png,277028,dbe9622759e4382e3de132708f62e3b71e4262d540e1977fc8defe90b23f8079
RESULTS/STEP15_THERAPEUTIC_SITE_MAPPING/figures/Figure_S15_4_variant_D166_spatial_relationship.png,311514,452539a73d40fd1588f70340de76612247ab9a0d863b5e7c0a5137d04b87afb7
RESULTS/STEP15_THERAPEUTIC_SITE_MAPPING/figures/Figure_S15_5_candidate_residue_accessibility.png,295651,57f369847eafe0af5dcae3f63f5d66a911632ccd070ddbe095c005c8c57500aa
RESULTS/STEP15_THERAPEUTIC_SITE_MAPPING/tables/Table_S15_1_PNPLA3_functional_architecture.csv,47745,c7605a75cb0e405b397c52876d6f55f99622c1b282c8178e08d0a26b1f947160
RESULTS/STEP15_THERAPEUTIC_SITE_MAPPING/tables/Table_S15_2_catalytic_mechanistic_residues.csv,249,063ef7e011087eb210e34b8539fba000053e8f97a307d4ab20f7e2a76c51c387
RESULTS/STEP15_THERAPEUTIC_SITE_MAPPING/tables/Table_S15_3_D166V_mechanistic_neighborhood.csv,4671,f20581bb36c51a4e28fff84b56fbc0751106e74b6485f08c1442599f23733f70
RESULTS/STEP15_THERAPEUTIC_SITE_MAPPING/tables/Table_S15_4_nine_structural_candidates_site_mapping.csv,1832,1178de6ac915b9d04fdf420ebbfe6d5bbf8cbba62e2fafa851acfe9f9202d9d2
RESULTS/STEP15_THERAPEUTIC_SITE_MAPPING/tables/Table_S15_5_candidate_therapeutic_regions.csv,1809,d3e86a67cae5f28fda1cef66c42e593f1167f0baf261580d4173c125659a3917
RESULTS/STEP15_THERAPEUTIC_SITE_MAPPING/tables/Table_S15_6_therapeutic_region_prioritization.csv,2482,c18ab698b6b1213c21a86ea2d2c46421653ec8fcbf1b4c145345d7c81d2c6185
RESULTS/STEP15_THERAPEUTIC_SITE_MAPPING/tables/Table_S15_7_D166V_mechanistic_summary.csv,885,4e63f650da8f47039c86bc28ba3a14cd4da0d28512deb1986fc1a9a271ad55a6
RESULTS/STEP15_THERAPEUTIC_SITE_MAPPING/tables/Table_S15_8_residue_accessibility.csv,25110,9c8810254a1be57e4ec8e1b0ecf51ab35ca4617d8ef0ff281a69147c83f73290
RESULTS/STEP15_THERAPEUTIC_SITE_MAPPING/tables/Table_S15_9_catalytic_neighborhood.csv,3858,fc6808b424d4734f2d1c6965b48642f0846d9dcecc371e8f1d4d835a0ba19a48
RESULTS/STEP16_WT_vs_D166V_POCKET_DISCOVERY/QC/Step16_QC_Summary.json,1148,5df138741578d32e239c84766ab03006072fce92c27f3b9b34d6521926e1daac
RESULTS/STEP16_WT_vs_D166V_POCKET_DISCOVERY/QC/Step16_final_QC_report.json,1524,ea36648457561be69745a4369033c68c7001583129a0b892ce8ada7ca5271401
RESULTS/STEP16_WT_vs_D166V_POCKET_DISCOVERY/STEP16_ANALYSIS_SUMMARY.txt,644,ac2717f189111f298ddb9130d6a99c159b34c6e454efdbe35a5632bd7fd0a2a7
RESULTS/STEP16_WT_vs_D166V_POCKET_DISCOVERY/Step16_D166V_mechanistic_pocket_summary.json,874,0c07c5222113b67cbd3889226b9339b52919b6792d236b672c1af360eb7477eb
RESULTS/STEP16_WT_vs_D166V_POCKET_DISCOVERY/figures/Figure_16_01_D166_Pocket_Proximity.png,149570,41a0b038ad2363813dfdf6168fa43c4656b4b13179560078de7462c554ac3336
RESULTS/STEP16_WT_vs_D166V_POCKET_DISCOVERY/figures/Figure_16_02_WT_vs_D166V_Pocket_Score.png,130508,7e49897955e176e17c971ed34371131e55e27b5a8fdefba81aeb241819a85773
RESULTS/STEP16_WT_vs_D166V_POCKET_DISCOVERY/figures/Figure_16_03_WT_vs_D166V_Druggability.png,125037,8a189ae7da30972a1a8a2b57262f7242b6345b7cfdec79f8cc599bfb2beccaaf
RESULTS/STEP16_WT_vs_D166V_POCKET_DISCOVERY/figures/Figure_16_04_D166V_Pocket_Prioritization.png,197721,8aaa7309ed3f9d5cc58eda5bd6d5ef52ac81197fd9fabe700905a35db5495e4b
RESULTS/STEP16_WT_vs_D166V_POCKET_DISCOVERY/figures/Figure_S16_3_D166V_pocket_proximity.png,314574,ee566c59b99d400d7b720f0f0c670728644b203fe2e4131c3fdb3edd05cdc0f0
RESULTS/STEP16_WT_vs_D166V_POCKET_DISCOVERY/figures/Figure_S16_4_therapeutic_pocket_prioritization.png,186521,959d00f99ffb4c09245a93c979b304f2fd3b2e0b051699694e215c5a0706d38e
RESULTS/STEP16_WT_vs_D166V_POCKET_DISCOVERY/figures/Figure_S16_5_pocket_remodeling_categories.png,225797,96bad9bd9a224690f54f11aad31a7cf8fb95072eb309677b8a92ec9408124c8c
RESULTS/STEP16_WT_vs_D166V_POCKET_DISCOVERY/pockets/D166V/PNPLA3_D166V_mutant_info.txt,19651,5bf01ac325e5c2951cd69e058ffa5f0a89c4b1ecaf5160729d6878d24f3ad783
RESULTS/STEP16_WT_vs_D166V_POCKET_DISCOVERY/pockets/D166V/PNPLA3_D166V_mutant_out.pdb,408402,dd1b98e2531fb6568731ef5de675ec800bffab84b8205de55096aeb4f17e3fab
RESULTS/STEP16_WT_vs_D166V_POCKET_DISCOVERY/pockets/D166V/pockets/pocket10_atm.pdb,3884,702a5f13c593ca1f2b8bd68633fc75efe13f580de1c6260ae8494688fb7830ec
RESULTS/STEP16_WT_vs_D166V_POCKET_DISCOVERY/pockets/D166V/pockets/pocket11_atm.pdb,3237,233a62f1f206f927d4c1dcb57bd7e9cf245bd54d2a191384ec16ff724c58dba1
RESULTS/STEP16_WT_vs_D166V_POCKET_DISCOVERY/pockets/D166V/pockets/pocket12_atm.pdb,3641,fd4e351690b9a6b6fae9f71147c479016ba87ff84b77d65fad1028c1f48d4750
RESULTS/STEP16_WT_vs_D166V_POCKET_DISCOVERY/pockets/D166V/pockets/pocket13_atm.pdb,2587,a1e4ef7db1d131907885def906566508cb0c5f17703b40a75175fb0917b22614
RESULTS/STEP16_WT_vs_D166V_POCKET_DISCOVERY/pockets/D166V/pockets/pocket14_atm.pdb,2425,d21c683bbbc547c690dec5a2bfd0287b0951434efefd0f5e2c3b90952d2632d7
RESULTS/STEP16_WT_vs_D166V_POCKET_DISCOVERY/pockets/D166V/pockets/pocket15_atm.pdb,2667,8a5ecdee7afe484f5460fb32fc29ba28a4641eebd5e832043f69b00cee8e6327
RESULTS/STEP16_WT_vs_D166V_POCKET_DISCOVERY/pockets/D166V/pockets/pocket16_atm.pdb,2345,8e5064d7ace4d26cc5813046c7c778e9a3611061c6a961ffba80f3a1cbbd365b
RESULTS/STEP16_WT_vs_D166V_POCKET_DISCOVERY/pockets/D166V/pockets/pocket17_atm.pdb,5747,ab0e06d103cba573427102a56789aafdfbaa0de31f4e3d98139930b5bd9dcab9
RESULTS/STEP16_WT_vs_D166V_POCKET_DISCOVERY/pockets/D166V/pockets/pocket18_atm.pdb,3237,0c28c7440f1cc51c40700712030b6f1212159f609cf3b1b85acc83c78c9bd0e0
RESULTS/STEP16_WT_vs_D166V_POCKET_DISCOVERY/pockets/D166V/pockets/pocket19_atm.pdb,3399,23e878032ac88420855a154627123ddcb90a8312349543565a1b9dff1bf0beb0
RESULTS/STEP16_WT_vs_D166V_POCKET_DISCOVERY/pockets/D166V/pockets/pocket1_atm.pdb,5505,862fbcc59e86710061c8fd4230186d7bb65b5ae09345501005f23f8d59682cd6
RESULTS/STEP16_WT_vs_D166V_POCKET_DISCOVERY/pockets/D166V/pockets/pocket20_atm.pdb,2424,1267ba3492b940e844f361e14db26192ed7e3fd30d3bcc7dce7795a9f37e3075
RESULTS/STEP16_WT_vs_D166V_POCKET_DISCOVERY/pockets/D166V/pockets/pocket21_atm.pdb,2669,81f22613c8df9f52350ac3ce9fa81cba09ce798fde596b8c3ca0db577c665671
RESULTS/STEP16_WT_vs_D166V_POCKET_DISCOVERY/pockets/D166V/pockets/pocket22_atm.pdb,2344,66d9024d4948156ed2467d1a0bf47a231d90d5fbfbc7ef05ac1269fe682d9132
RESULTS/STEP16_WT_vs_D166V_POCKET_DISCOVERY/pockets/D166V/pockets/pocket23_atm.pdb,4534,bc5095f48e0e4bff64e1a6b6baa483d40031715f6d44c8129c6d84b4a8e62619
RESULTS/STEP16_WT_vs_D166V_POCKET_DISCOVERY/pockets/D166V/pockets/pocket24_atm.pdb,2913,51a485232e8e1eac1ca53036ffdd4abbcf149fa6f7d64c08e06d4361edb70b8d
RESULTS/STEP16_WT_vs_D166V_POCKET_DISCOVERY/pockets/D166V/pockets/pocket25_atm.pdb,2345,6c5e2b0f4cfb03639a93693c891b97ca4802c0b1351fd21ce3d492bf933d4545
RESULTS/STEP16_WT_vs_D166V_POCKET_DISCOVERY/pockets/D166V/pockets/pocket26_atm.pdb,2832,e2529093b8ca1c1acdbab3483cabdf42b95e46790bb6e08457014c0f3e08b9c4
RESULTS/STEP16_WT_vs_D166V_POCKET_DISCOVERY/pockets/D166V/pockets/pocket27_atm.pdb,2424,0a9a31f8d3b2bd4838340a0b0e1f6827c1adacbceb0707989814007f894158e6
RESULTS/STEP16_WT_vs_D166V_POCKET_DISCOVERY/pockets/D166V/pockets/pocket28_atm.pdb,3075,db625aa4d641d02803f8ed191dde1655f051f732e2c86b8cb00c5439be2ba89e
RESULTS/STEP16_WT_vs_D166V_POCKET_DISCOVERY/pockets/D166V/pockets/pocket29_atm.pdb,2103,3b215d9b4a8115759a0c73fcc2dfd3b04c0d036061ccb6acb13f36069b43ba26
RESULTS/STEP16_WT_vs_D166V_POCKET_DISCOVERY/pockets/D166V/pockets/pocket2_atm.pdb,4695,5df17db02872de194d30b5b31f227e92bd7191b9718f09a722a72504dc21c0ef
RESULTS/STEP16_WT_vs_D166V_POCKET_DISCOVERY/pockets/D166V/pockets/pocket30_atm.pdb,3803,f8d10599e74e813e4c2b35624c8e467c5ec6e64241804f4560d7306e25b40091
RESULTS/STEP16_WT_vs_D166V_POCKET_DISCOVERY/pockets/D166V/pockets/pocket31_atm.pdb,3073,6659daaede3e5ece8c34b4df94fecd502d5eb2aeb3db559832743b3bf858e768
RESULTS/STEP16_WT_vs_D166V_POCKET_DISCOVERY/pockets/D166V/pockets/pocket32_atm.pdb,2344,5603301aaaf13c09bcd831d2a3c136ebae073fb7d72d076e8a2f7908f0828a44
RESULTS/STEP16_WT_vs_D166V_POCKET_DISCOVERY/pockets/D166V/pockets/pocket33_atm.pdb,4291,e9c69cf98be97b7777237bca69463585220c83c907098d510b265bf4877f3900
RESULTS/STEP16_WT_vs_D166V_POCKET_DISCOVERY/pockets/D166V/pockets/pocket34_atm.pdb,2183,988c6d9fd3dc1f0c4a809c60333c64b399e0ded824d93614b0641f5804353dc9
RESULTS/STEP16_WT_vs_D166V_POCKET_DISCOVERY/pockets/D166V/pockets/pocket35_atm.pdb,2832,614326c91c3b3433164085bff85052dc0272ca37c98ed9d8a3bb9c0b50dc674d
RESULTS/STEP16_WT_vs_D166V_POCKET_DISCOVERY/pockets/D166V/pockets/pocket3_atm.pdb,7044,2cbb9016aceaf9268cea86500ca1a38a4ffeaa451717b5076a6dfefcaae966aa
RESULTS/STEP16_WT_vs_D166V_POCKET_DISCOVERY/pockets/D166V/pockets/pocket4_atm.pdb,3398,3cf3078974070f15016614a557c2900e52ce5eb5c2cb21357b782516efa8a8ed
RESULTS/STEP16_WT_vs_D166V_POCKET_DISCOVERY/pockets/D166V/pockets/pocket5_atm.pdb,2506,10a247128528dbcaef3b5e634485a16c13fb4983f6ff144a34be8d51a4523deb
RESULTS/STEP16_WT_vs_D166V_POCKET_DISCOVERY/pockets/D166V/pockets/pocket6_atm.pdb,4370,7f167bbb15f76d1e7f3b49dbd7db0180a01fac5ae93a55da61cc37c7d09401df
RESULTS/STEP16_WT_vs_D166V_POCKET_DISCOVERY/pockets/D166V/pockets/pocket7_atm.pdb,2749,e6ab9b3cef2d96ab0e83046b3b3c553f71caf285d6e466b3486a8f12122b512c
RESULTS/STEP16_WT_vs_D166V_POCKET_DISCOVERY/pockets/D166V/pockets/pocket8_atm.pdb,7126,657e97b321e2427ecb16e34529df60e6c31452beb7054f5ff7801076b2e6523d
RESULTS/STEP16_WT_vs_D166V_POCKET_DISCOVERY/pockets/D166V/pockets/pocket9_atm.pdb,2506,60e0ad7ee0ce23b459b5681e06e480407c6dc918b6346fbbd493fd4721819989
RESULTS/STEP16_WT_vs_D166V_POCKET_DISCOVERY/pockets/WT/PNPLA3_WT_info.txt,19652,b664e5a236fe93158cee609f99d275d9d85d8b630e6e4c2ef9cf0d523f8b2525
RESULTS/STEP16_WT_vs_D166V_POCKET_DISCOVERY/pockets/WT/PNPLA3_WT_out.pdb,408969,54656703e68ea24353c0b73408ed4fc78f51253525ddf29b169a1d16438c358b
RESULTS/STEP16_WT_vs_D166V_POCKET_DISCOVERY/pockets/WT/pockets/pocket10_atm.pdb,3884,ca050e34c3319272ebcdfea27b97071a421689db0897dece3cf547c7ef7c1646
RESULTS/STEP16_WT_vs_D166V_POCKET_DISCOVERY/pockets/WT/pockets/pocket11_atm.pdb,3237,2045a3801098ed3835db1373c8d0df43d7b1159f63d2045d8f592c2aef157543
RESULTS/STEP16_WT_vs_D166V_POCKET_DISCOVERY/pockets/WT/pockets/pocket12_atm.pdb,3641,34ddda28f819b6a10ac033a7e8923afc320df0743b1a79c41768f776205f00f9
RESULTS/STEP16_WT_vs_D166V_POCKET_DISCOVERY/pockets/WT/pockets/pocket13_atm.pdb,2587,a165e4111e2b2c43e0d42cd1cb81e080e0f4d1941f6c41808a1a1e88743e4811
RESULTS/STEP16_WT_vs_D166V_POCKET_DISCOVERY/pockets/WT/pockets/pocket14_atm.pdb,2425,0b32b80f56ab2a24a66f690ba3c70bfe9d8d1073aa411956ce2de4aaeda924f4
RESULTS/STEP16_WT_vs_D166V_POCKET_DISCOVERY/pockets/WT/pockets/pocket15_atm.pdb,2667,1b3de4d20d806b46a4243f6a5952743f244069e9db94c0848714bc767c72cdef
RESULTS/STEP16_WT_vs_D166V_POCKET_DISCOVERY/pockets/WT/pockets/pocket16_atm.pdb,2345,f3030c4b310bcc4751b4fe95952ddfeba541e8226f731fb9e0c93a8442b7d667
RESULTS/STEP16_WT_vs_D166V_POCKET_DISCOVERY/pockets/WT/pockets/pocket17_atm.pdb,5747,a1c5fb2f37fa56513996ee2bde3b8abad23e988315e336b886d3dee4da84abb0
RESULTS/STEP16_WT_vs_D166V_POCKET_DISCOVERY/pockets/WT/pockets/pocket18_atm.pdb,3237,143f3be138212f15c4d2be21a3fa84753889d76f82445180560283c9e0541605
RESULTS/STEP16_WT_vs_D166V_POCKET_DISCOVERY/pockets/WT/pockets/pocket19_atm.pdb,3399,262e66dea84d51f2bbc1dd15a1530d46c44b2f38cbe1389ac1de176514d8e444
RESULTS/STEP16_WT_vs_D166V_POCKET_DISCOVERY/pockets/WT/pockets/pocket1_atm.pdb,5829,3099d985164cfe287bdfee733061976cef9fb6a574e6d02306f8901d66c3a069
RESULTS/STEP16_WT_vs_D166V_POCKET_DISCOVERY/pockets/WT/pockets/pocket20_atm.pdb,2424,c7788bf63a71f38fdc26ac53e6967258e665d21e3215def8c3b9faaf3834e4b7
RESULTS/STEP16_WT_vs_D166V_POCKET_DISCOVERY/pockets/WT/pockets/pocket21_atm.pdb,2669,cba21de3e07e311ea8a4cf204cf5bb05fe65941e17c3e8d9dd2b3e398a853574
RESULTS/STEP16_WT_vs_D166V_POCKET_DISCOVERY/pockets/WT/pockets/pocket22_atm.pdb,2344,452072511a79dbb1b9a5423af621019848425f4acef997a586ef17508b912807
RESULTS/STEP16_WT_vs_D166V_POCKET_DISCOVERY/pockets/WT/pockets/pocket23_atm.pdb,4534,f130174b719444bc825d166777ca591b335245eb5ce524cfefc8760be0d82380
RESULTS/STEP16_WT_vs_D166V_POCKET_DISCOVERY/pockets/WT/pockets/pocket24_atm.pdb,2913,e7de67300c4f8021887abfcc3a9633033becef32226f524a96cbfc1ad4b9444b
RESULTS/STEP16_WT_vs_D166V_POCKET_DISCOVERY/pockets/WT/pockets/pocket25_atm.pdb,2345,f0d89cfb060e6cd7af999e1c591eaf1fe9199854e7952b5e42e4a6ebd924d928
RESULTS/STEP16_WT_vs_D166V_POCKET_DISCOVERY/pockets/WT/pockets/pocket26_atm.pdb,2832,8eaf1588d5846ea159cd6a25d274fce73068efbe24ffa758c6eec77c0df8cd03
RESULTS/STEP16_WT_vs_D166V_POCKET_DISCOVERY/pockets/WT/pockets/pocket27_atm.pdb,2424,81c4a14feab5ecfda0ebfef394871df91c4f0b841bd3653ede472fb273f70058
RESULTS/STEP16_WT_vs_D166V_POCKET_DISCOVERY/pockets/WT/pockets/pocket28_atm.pdb,3075,1ac205857c76eff7a74ec5b572580341e4e40d66a26f3e71b368856985e9e4b6
RESULTS/STEP16_WT_vs_D166V_POCKET_DISCOVERY/pockets/WT/pockets/pocket29_atm.pdb,2103,fb7c1966b10dd924a8487112ec5621e8c30ba6cb60287a889f282eea0f4ea744
RESULTS/STEP16_WT_vs_D166V_POCKET_DISCOVERY/pockets/WT/pockets/pocket2_atm.pdb,4695,93daa5853c91468ad9f9a2d1c966e9ba48f92f5f6970a54d6026df005b1bac53
RESULTS/STEP16_WT_vs_D166V_POCKET_DISCOVERY/pockets/WT/pockets/pocket30_atm.pdb,3803,2f5dd1a7f55a73b4f9a9a9e60d46aa5564291fc319818d306ba29deed5de7344
RESULTS/STEP16_WT_vs_D166V_POCKET_DISCOVERY/pockets/WT/pockets/pocket31_atm.pdb,3073,c35199839d1371191a81bda35a26ababcec191fc74912435117a0ff32f142d87
RESULTS/STEP16_WT_vs_D166V_POCKET_DISCOVERY/pockets/WT/pockets/pocket32_atm.pdb,2344,e0f7a611a00b76ecf603dbdc8a761c7acd1abd39bacca7e9b6102cf9e9c2d3c7
RESULTS/STEP16_WT_vs_D166V_POCKET_DISCOVERY/pockets/WT/pockets/pocket33_atm.pdb,4291,db4339eda2a205fab0be55f5b71de04035059cb9e3203f617998b4a2a5edbcd3
RESULTS/STEP16_WT_vs_D166V_POCKET_DISCOVERY/pockets/WT/pockets/pocket34_atm.pdb,2183,2af4780afdec72c533368cac8b9c8fc30bc1aba3ca384357232ccd5acfcd1bd8
RESULTS/STEP16_WT_vs_D166V_POCKET_DISCOVERY/pockets/WT/pockets/pocket35_atm.pdb,2832,45867be599189e7d41b6ae78d81fd0fde4524f534c7bfb99ae8279a4fc3dda7f
RESULTS/STEP16_WT_vs_D166V_POCKET_DISCOVERY/pockets/WT/pockets/pocket3_atm.pdb,6963,fbb5894961a3f90411fe8c1d0e068ad82443fd3769c93f4653df0a32ede3de94
RESULTS/STEP16_WT_vs_D166V_POCKET_DISCOVERY/pockets/WT/pockets/pocket4_atm.pdb,3398,787d7d6705a9eecf0f52d27ce38bdfb3a362b29bca5882cd9f588d9546a61de6
RESULTS/STEP16_WT_vs_D166V_POCKET_DISCOVERY/pockets/WT/pockets/pocket5_atm.pdb,2506,28b69cc58e9814934f89fd028e817c52285b644636f5767618a1d48ce055e5d5
RESULTS/STEP16_WT_vs_D166V_POCKET_DISCOVERY/pockets/WT/pockets/pocket6_atm.pdb,4370,2c68e0e066c306468c321d135f835de1124e487d399ceca8d0d3f92e06c52109
RESULTS/STEP16_WT_vs_D166V_POCKET_DISCOVERY/pockets/WT/pockets/pocket7_atm.pdb,2749,4a9197e19aa8df5d659fe94ba9725bb621cfc219a48b5e8f968a6b7a73b8599e
RESULTS/STEP16_WT_vs_D166V_POCKET_DISCOVERY/pockets/WT/pockets/pocket8_atm.pdb,7126,52e68d377cb6ebad8f05cb2ae46706c3d4ee8c5f76f4e124131e75bf5e640aba
RESULTS/STEP16_WT_vs_D166V_POCKET_DISCOVERY/pockets/WT/pockets/pocket9_atm.pdb,2506,44d0af7dfdbecb8e3049cff14761288faedc8926c2a828b2999f67705a9f9142
RESULTS/STEP16_WT_vs_D166V_POCKET_DISCOVERY/tables/Table_16_01_WT_Pocket_Descriptors.csv,15052,28b98666900b067a5eb40d08a37a177ecbafffcfaa43f37338305eae83f0cfb7
RESULTS/STEP16_WT_vs_D166V_POCKET_DISCOVERY/tables/Table_16_02_D166V_Pocket_Descriptors.csv,15251,799013da5adb1bd5bd76324aadba6778121b0b92e8d56cce27b684a9e255a752
RESULTS/STEP16_WT_vs_D166V_POCKET_DISCOVERY/tables/Table_16_03_WT_vs_D166V_Pocket_Comparison.csv,14550,028c631fa017f8d0a1731ac0bd52c0539569f23737a5a009fa934842c49aa584
RESULTS/STEP16_WT_vs_D166V_POCKET_DISCOVERY/tables/Table_16_04_D166V_Pocket_Prioritization.csv,6996,170106fd4ba16cea1997546ee0f76a40e8cfed755593e27931d19c01c76ab122
RESULTS/STEP16_WT_vs_D166V_POCKET_DISCOVERY/tables/Table_S16_1_WT_pockets.csv,11073,e43a03bf098082c382223dac835c32cc8847b9a0daf6001bed4ac6b7c85e5629
RESULTS/STEP16_WT_vs_D166V_POCKET_DISCOVERY/tables/Table_S16_2_D166V_pockets.csv,11160,c5d53758af51cedc1765688bdfa92db0daade1870d7979575b02f6cf4fee84de
RESULTS/STEP16_WT_vs_D166V_POCKET_DISCOVERY/tables/Table_S16_3_WT_vs_D166V_pocket_comparison.csv,4808,d475d7a5cf6d6be11864e0950b55d42d270e07cc4de7da783c6e4a84df5c86d5
RESULTS/STEP16_WT_vs_D166V_POCKET_DISCOVERY/tables/Table_S16_4_D166V_centered_pockets.csv,7730,5a60acd08eddca568ccd72bb6a0d09dee68ecc9bb961d3769487ba3a3c3779fb
RESULTS/STEP16_WT_vs_D166V_POCKET_DISCOVERY/tables/Table_S16_5_pocket_lining_residue_changes.csv,2860,b839a60c0026ffdead2503e652e68a677203e1560be14573a38160e84cce1315
RESULTS/STEP16_WT_vs_D166V_POCKET_DISCOVERY/tables/Table_S16_6_final_therapeutic_pocket_prioritization.csv,4681,327825e988970b565d5137d275083fe9ff4430fbe29886c408b04ebb527d2194
RESULTS/STEP17_FINAL_STRUCTURAL_REMODELING/QC/Step17_Final_QC_Summary.json,1536,1702d9c93f86b27ee27e0d0cd72eee52de46da8e9ed64829629a44dc667635ea
RESULTS/STEP17_FINAL_STRUCTURAL_REMODELING/STEP17_FINAL_INTERPRETATION.txt,4937,6ef3d40089bf81ddf055a5a8a966d11fb23f542e247b03c7b950abf780c32621
RESULTS/STEP17_FINAL_STRUCTURAL_REMODELING/figures/Figure_17_01_Local_Residue_Displacement.png,123365,dabece211ecac3ad09de0af57b8b1dc4175d559fc61dca7cd5250286dec5a3bd
RESULTS/STEP17_FINAL_STRUCTURAL_REMODELING/figures/Figure_17_02_Pocket_Compactness.png,59998,eb1404fbb65e370d12d63ac23a116425168b4f1d4d10ac4bcd9329040c73a550
RESULTS/STEP17_FINAL_STRUCTURAL_REMODELING/figures/Figure_17_03_Residue166_Atom_Displacement.png,73622,b85bf3fcf0342cf071450683e928c936da25c6e1e3dcb123b1e55fed9ad2b455
RESULTS/STEP17_FINAL_STRUCTURAL_REMODELING/figures/Figure_17_04_Global_Local_Pocket_RMSD.png,86630,4034134246efdf6261549c91e708204d8e0b6250d0ad20bbb566ccb9a43bd3b7
RESULTS/STEP17_FINAL_STRUCTURAL_REMODELING/tables/Table_17_01_Final_Structural_Summary.csv,1082,defc2612f79ee9034fa7d2fbb7ff755296333f86fcdcc3a85448f7e90fe884d4
RESULTS/STEP17_FINAL_STRUCTURAL_REMODELING/tables/Table_17_02_Residue166_Atom_Comparison.csv,798,7eb00a1aa309c933eade55d98442d2ae01629aaa03875039e41eabf4eff60ea0
RESULTS/STEP17_FINAL_STRUCTURAL_REMODELING/tables/Table_17_03_Local_Residue_Displacement.csv,1954,7a7415db9c54cdfc0930647d6d24d27e872d56b56a8b7bd8e0646b6ab77c205b
RESULTS/STEP17_FINAL_STRUCTURAL_REMODELING/tables/Table_17_04_Pocket_Residue_Comparison.csv,927,c1a609a4a1199935a9162f7002cc2111a8c3b0b0d96d829b5c14eaaf8e2c53fb
RESULTS/STEP17_FINAL_STRUCTURAL_REMODELING/tables/Table_17_05_D166_Contact_Comparison.csv,1107,38b01605c122ab6d464a369455d1ce6551e3e829feb7d649da54a362689b1667
RESULTS/STEP17_FINAL_STRUCTURAL_REMODELING/tables/Table_17_06_Residue166_Sidechain_Comparison.csv,2,7eb70257593da06f682a3ddda54a9d260d4fc514f645237f5ca74b08f8da61a6
RESULTS/STEP17_STRUCTURAL_ENSEMBLE_POCKET_DYNAMICS/QC/Step17_QC_Summary.json,723,216cfbc299e4df113b61f0bc6468c7b5550d01b62e244eb3d39f589cc107156e
RESULTS/STEP17_STRUCTURAL_ENSEMBLE_POCKET_DYNAMICS/STEP17_ANALYSIS_SUMMARY.txt,2216,0a8305dd3d3267ef8e4c15b0b48ebc1f103c439491b7bb3c9e14db6a06c660ec
RESULTS/STEP17_STRUCTURAL_ENSEMBLE_POCKET_DYNAMICS/STEP17_INTERPRETATION.txt,3516,54990afedb2bb497b15c0a785552f1065658efa0209cd2e3abda0af822f5fcf2
RESULTS/STEP17_STRUCTURAL_ENSEMBLE_POCKET_DYNAMICS/ensembles/D166V/conformation_000_reference.pdb,303983,0a75ccbc628f606df9f79273291f79d5a1bffe424bccac033a950d28cc692533
RESULTS/STEP17_STRUCTURAL_ENSEMBLE_POCKET_DYNAMICS/ensembles/D166V/conformation_001.pdb,303983,2ff790dacb9243d408df20e919ac91492c072ef892686f8ad73a8c8e4c0942f1
RESULTS/STEP17_STRUCTURAL_ENSEMBLE_POCKET_DYNAMICS/ensembles/D166V/conformation_002.pdb,303983,e7b266d698a18ea14272498fa374e03f29790f12543586283163fda478ebf936
RESULTS/STEP17_STRUCTURAL_ENSEMBLE_POCKET_DYNAMICS/ensembles/D166V/conformation_003.pdb,303983,bbd031aa2664bd3ff9235457217a26e1c9e758a2037f0ad63cb3654cda44da9c
RESULTS/STEP17_STRUCTURAL_ENSEMBLE_POCKET_DYNAMICS/ensembles/D166V/conformation_004.pdb,303983,1a362e37b0eb0a5886d449b576dc0a0bee7bc529b4029186c985778b4d977559
RESULTS/STEP17_STRUCTURAL_ENSEMBLE_POCKET_DYNAMICS/ensembles/D166V/conformation_005.pdb,303983,92bfd020742e628d5804e9e9a66ca2856ca1632dd027c9c266a3ec192419beb9
RESULTS/STEP17_STRUCTURAL_ENSEMBLE_POCKET_DYNAMICS/ensembles/D166V/conformation_006.pdb,303983,8afc4bb2ee83f0ac810f5eda3bc533ead5c2bac4063c563b49bbdfbaaa272adc
RESULTS/STEP17_STRUCTURAL_ENSEMBLE_POCKET_DYNAMICS/ensembles/D166V/conformation_007.pdb,303983,13e9a524debc7451f2770f493152f8b9229432b9f6c50e2c32ba7a807fd72724
RESULTS/STEP17_STRUCTURAL_ENSEMBLE_POCKET_DYNAMICS/ensembles/D166V/conformation_008.pdb,303983,de38880e46736d05387cc090c1124b43ea3c60a6206f139dc724e5a8d0fce857
RESULTS/STEP17_STRUCTURAL_ENSEMBLE_POCKET_DYNAMICS/ensembles/D166V/conformation_009.pdb,303983,0f9238da30cb80a09e07db6b842b42a074f9f1f6322f64e820f14470b62fe015
RESULTS/STEP17_STRUCTURAL_ENSEMBLE_POCKET_DYNAMICS/ensembles/D166V/conformation_010.pdb,303983,d1d459ada6d36a63d922844cce5cd622ca679d262090d13c581a9d68ce6632a1
RESULTS/STEP17_STRUCTURAL_ENSEMBLE_POCKET_DYNAMICS/ensembles/D166V/conformation_011.pdb,303983,762bf0f421540279afc7c8f4d008f2f7381849464a2170c83b9865cc3ce4b3c1
RESULTS/STEP17_STRUCTURAL_ENSEMBLE_POCKET_DYNAMICS/ensembles/D166V/conformation_012.pdb,303983,b4231954032028e1ad029dfdfb42c8760da27022443edded4625b265a1090f38
RESULTS/STEP17_STRUCTURAL_ENSEMBLE_POCKET_DYNAMICS/ensembles/D166V/conformation_013.pdb,303983,4015593c4271fdf2f00c1b13f2d63616d97a3f44f9631783c2353249be17520d
RESULTS/STEP17_STRUCTURAL_ENSEMBLE_POCKET_DYNAMICS/ensembles/D166V/conformation_014.pdb,303983,ac4067f314f4637ba697361db57b0a4b2efd07a99584ebe5f7959804e40843ae
RESULTS/STEP17_STRUCTURAL_ENSEMBLE_POCKET_DYNAMICS/ensembles/D166V/conformation_015.pdb,303983,0dbf35bac5616cba78d13eb95c0041771a3c66e40a522b5650fa610b07bfa592
RESULTS/STEP17_STRUCTURAL_ENSEMBLE_POCKET_DYNAMICS/ensembles/D166V/conformation_016.pdb,303983,d99f5ddac39de17a92e78590f5b783ab8421d5329213262a12bb2bcade18a98d
RESULTS/STEP17_STRUCTURAL_ENSEMBLE_POCKET_DYNAMICS/ensembles/D166V/conformation_017.pdb,303983,bce66405dfff1344d23fd4e0432cd675de5382c0d07b11ded6d67c5224606d5c
RESULTS/STEP17_STRUCTURAL_ENSEMBLE_POCKET_DYNAMICS/ensembles/D166V/conformation_018.pdb,303983,f2f224137e00224dcec4f3cf58587548e0fe3915ae3942e073708989b1819948
RESULTS/STEP17_STRUCTURAL_ENSEMBLE_POCKET_DYNAMICS/ensembles/D166V/conformation_019.pdb,303983,23a63ca8d5f2ee333944db8aa9ae63b27f0433f63bf44eebc152dee30e4b564d
RESULTS/STEP17_STRUCTURAL_ENSEMBLE_POCKET_DYNAMICS/ensembles/D166V/conformation_020.pdb,303983,af6453f93433f905c712b7d531609eec230939e000b362da401003f4753477c2
RESULTS/STEP17_STRUCTURAL_ENSEMBLE_POCKET_DYNAMICS/ensembles/WT/conformation_000_reference.pdb,304065,92f1f8a070a38637bd58fc1ada305ab841a6f8b094483d8ff7eb6ada2a83228b
RESULTS/STEP17_STRUCTURAL_ENSEMBLE_POCKET_DYNAMICS/ensembles/WT/conformation_001.pdb,304065,b5cd4d0c040e2406075ed92306e643adf219732b8a078c86ee4584f01fd08f41
RESULTS/STEP17_STRUCTURAL_ENSEMBLE_POCKET_DYNAMICS/ensembles/WT/conformation_002.pdb,304065,25bb5cedc22f38b34849a176d0f94d155779477c18f85b91bf11e2ac88da0f95
RESULTS/STEP17_STRUCTURAL_ENSEMBLE_POCKET_DYNAMICS/ensembles/WT/conformation_003.pdb,304065,94806cd389c8ed60b798ec5dbde4a5d23135aba51f3f443faccedbbf47c9e2ff
RESULTS/STEP17_STRUCTURAL_ENSEMBLE_POCKET_DYNAMICS/ensembles/WT/conformation_004.pdb,304065,6faf7a707dbec9832cd593f3c08707a1fb5443d5f5732bb4121882ca63e00f5b
RESULTS/STEP17_STRUCTURAL_ENSEMBLE_POCKET_DYNAMICS/ensembles/WT/conformation_005.pdb,304065,f62b7b1c15eadd3f415f3b3db1b99838a86dc29889dd4276a762bb7898f4751a
RESULTS/STEP17_STRUCTURAL_ENSEMBLE_POCKET_DYNAMICS/ensembles/WT/conformation_006.pdb,304065,57f9ee2e5fd885c745ef36e0ada88f0620ae91d4df2e7dae586e622e464a35e2
RESULTS/STEP17_STRUCTURAL_ENSEMBLE_POCKET_DYNAMICS/ensembles/WT/conformation_007.pdb,304065,86e08b7d909d79e31a023e7915f5b54ea511d13fbbf4ac685514894a8dc20883
RESULTS/STEP17_STRUCTURAL_ENSEMBLE_POCKET_DYNAMICS/ensembles/WT/conformation_008.pdb,304065,ee3a79701e6764f2d73b059e1a3590529a7c7755710632a13aace53760bc2333
RESULTS/STEP17_STRUCTURAL_ENSEMBLE_POCKET_DYNAMICS/ensembles/WT/conformation_009.pdb,304065,da4298fc54476cc58c5437ebd748905f44e47328fcc7338ffa24b615da4fecea
RESULTS/STEP17_STRUCTURAL_ENSEMBLE_POCKET_DYNAMICS/ensembles/WT/conformation_010.pdb,304065,042fadce8369bc318875f7508a9380129f19badffc3cb01baf831cc684bee79b
RESULTS/STEP17_STRUCTURAL_ENSEMBLE_POCKET_DYNAMICS/ensembles/WT/conformation_011.pdb,304065,38a554b9bb88da48496e238bd93f486e96bf64c4d1d70cda4195377b3497a30b
RESULTS/STEP17_STRUCTURAL_ENSEMBLE_POCKET_DYNAMICS/ensembles/WT/conformation_012.pdb,304065,00782f6126568344a3c62beee8be122036fc98abc4651aab3f7ee6072a66931b
RESULTS/STEP17_STRUCTURAL_ENSEMBLE_POCKET_DYNAMICS/ensembles/WT/conformation_013.pdb,304065,66abc6e38fb6dc2f4c06f6c5f5cc33a1c9bfefcbbdc2b6b7c10553b48e232da2
RESULTS/STEP17_STRUCTURAL_ENSEMBLE_POCKET_DYNAMICS/ensembles/WT/conformation_014.pdb,304065,de04242f09698043b7713303dee3395cc467bad189822489696d9677bdc8e404
RESULTS/STEP17_STRUCTURAL_ENSEMBLE_POCKET_DYNAMICS/ensembles/WT/conformation_015.pdb,304065,511d62d4fc01f9d8b389dd91c8ee0dd14b5b2868c64c90bbaa9044d45bb25650
RESULTS/STEP17_STRUCTURAL_ENSEMBLE_POCKET_DYNAMICS/ensembles/WT/conformation_016.pdb,304065,dad83d669053ba67c6674bdd74dd626597aaaa072525a977d23699c09eea947f
RESULTS/STEP17_STRUCTURAL_ENSEMBLE_POCKET_DYNAMICS/ensembles/WT/conformation_017.pdb,304065,5ef708338e2f58d7a985dfd32c0a01fcb1f7c05cde0d51b98b791f6c6ec92829
RESULTS/STEP17_STRUCTURAL_ENSEMBLE_POCKET_DYNAMICS/ensembles/WT/conformation_018.pdb,304065,9cbfa9ad76f5e53ba01cd9913cac4e903412399c45e543e869c7761ff53257ee
RESULTS/STEP17_STRUCTURAL_ENSEMBLE_POCKET_DYNAMICS/ensembles/WT/conformation_019.pdb,304065,8ff42dd06f30d15f81de1946594c184825bf0ed656be7997e6e38a66a8d287a9
RESULTS/STEP17_STRUCTURAL_ENSEMBLE_POCKET_DYNAMICS/ensembles/WT/conformation_020.pdb,304065,e12bd7895ed7220dcfdca6989c72d244b94894782ff0ea1ccac6f379c9e5649c
RESULTS/STEP17_STRUCTURAL_ENSEMBLE_POCKET_DYNAMICS/figures/Figure_17_01_Ensemble_RMSD.png,135097,3012bb4041634405af16ae13b1cae8bd3d1f496c2f6c240389a8ae72b50292f9
RESULTS/STEP17_STRUCTURAL_ENSEMBLE_POCKET_DYNAMICS/figures/Figure_17_02_RMSF.png,209210,811b220978b5eeb5f6eb3e33d55dba1de1582d49710eb5d0f99425e8f6c80ee4
RESULTS/STEP17_STRUCTURAL_ENSEMBLE_POCKET_DYNAMICS/figures/Figure_17_02_WT_vs_D166V_RMSF.png,172057,bb9e852d0402620767fe3b6b53b7f00dfe8024f853f4a75e46da651cd6dc17e0
RESULTS/STEP17_STRUCTURAL_ENSEMBLE_POCKET_DYNAMICS/figures/Figure_17_03_D166_Ensemble_Displacement.png,188235,d8c6bcf88f720696016fab712cd2f2852e18ede536e6e58f2146c58bc7c8c7af
RESULTS/STEP17_STRUCTURAL_ENSEMBLE_POCKET_DYNAMICS/figures/Figure_17_03_Pocket_RMSF.png,199208,8e69111fd5d3d974ffdab0836662dd609df8f9304523d0f11eb4c4cd954dd8f9
RESULTS/STEP17_STRUCTURAL_ENSEMBLE_POCKET_DYNAMICS/figures/Figure_17_04_Pocket_Center_Displacement.png,150136,8883cdfa11fd4a371845ed1bfcf794bbece03a016746330f4cd99c65e52ea933
RESULTS/STEP17_STRUCTURAL_ENSEMBLE_POCKET_DYNAMICS/figures/Figure_17_04_Pocket_Region_Dynamics.png,156288,d725684b3797229ea1ee37aba1262ec4dddf37ed05dc50492ac4f5151cd8a0b4
RESULTS/STEP17_STRUCTURAL_ENSEMBLE_POCKET_DYNAMICS/figures/Figure_17_05_Mean_RMSF_Comparison.png,52916,9dd4dfd93e736eb9a1850371bbb44e39b2df747131fc92856f90dfd442758ba8
RESULTS/STEP17_STRUCTURAL_ENSEMBLE_POCKET_DYNAMICS/figures/Figure_17_05_Pocket_Compactness.png,154385,a1b97b7d54ebd1b1bf6d710f56d7605817f9fd0ad1ff6481de9e72e279950cac
RESULTS/STEP17_STRUCTURAL_ENSEMBLE_POCKET_DYNAMICS/figures/Figure_17_06_Static_WT_D166V_Displacement.png,102584,1feb52439e7b5b1d5691c80456ea2ff24e1d901899031435e262386823ebf6ff
RESULTS/STEP17_STRUCTURAL_ENSEMBLE_POCKET_DYNAMICS/tables/Table_17_01_WT_RMSF.csv,9171,02c77ee9bf22eaeca6beba111606fc839e94743ed5d268b19facd27a4afd9a69
RESULTS/STEP17_STRUCTURAL_ENSEMBLE_POCKET_DYNAMICS/tables/Table_17_02_D166V_RMSF.csv,9174,a737f14b5c1d9b33314b784731e68547b684b48e68d776ea0de9989ba5745c58
RESULTS/STEP17_STRUCTURAL_ENSEMBLE_POCKET_DYNAMICS/tables/Table_17_02_WT_Residue166_Ensemble_Mobility.csv,694,fae1d51a6187ccab92d747ea0011640db7c378309088aa34324d08dc9bae64a5
RESULTS/STEP17_STRUCTURAL_ENSEMBLE_POCKET_DYNAMICS/tables/Table_17_03_D166V_Residue166_Ensemble_Mobility.csv,694,cdc57e8a6d08d015d9585d5a5ccd0df290bf5682db96075bf31a93f6754d992f
RESULTS/STEP17_STRUCTURAL_ENSEMBLE_POCKET_DYNAMICS/tables/Table_17_03_WT_Pocket1_Local_Dynamics.csv,2900,9858f2883b8c7bf0a003cadd44bbecf01a1479f9ec5d10b585ee13b9317a199b
RESULTS/STEP17_STRUCTURAL_ENSEMBLE_POCKET_DYNAMICS/tables/Table_17_04_D166V_Pocket1_Local_Dynamics.csv,2887,9f08f5d06badb1a856dddf46420df2320b6a959c44667567a6b7f2f2995ce9b3
RESULTS/STEP17_STRUCTURAL_ENSEMBLE_POCKET_DYNAMICS/tables/Table_17_04_WT_Pocket_Region_Dynamics.csv,1474,8e58009ead6ddc0ea0c50fe67c231f2c89776f0519571c9439ee4b168b00ceff
RESULTS/STEP17_STRUCTURAL_ENSEMBLE_POCKET_DYNAMICS/tables/Table_17_05_D166V_Pocket_Region_Dynamics.csv,1469,8aa48b2ef3812a7b7e409c3ddf6e4e2f2cf0de40fcb9f06c0f9b870544e23b2e
RESULTS/STEP17_STRUCTURAL_ENSEMBLE_POCKET_DYNAMICS/tables/Table_17_05_WT_vs_D166V_RMSF.csv,20909,33c4aeb677039ee5cb34a7c7554f91ea6b9eb39ef8e6dde8ebd09ac158171279
RESULTS/STEP17_STRUCTURAL_ENSEMBLE_POCKET_DYNAMICS/tables/Table_17_06_WT_vs_D166V_Pocket1_Comparison.csv,6144,c006aa2bda355f687b9d0d87c5fee8a1ca76851fac148bbd146d614a3d271c4c
RESULTS/STEP17_STRUCTURAL_ENSEMBLE_POCKET_DYNAMICS/tables/Table_17_06_WT_vs_D166V_RMSF.csv,28097,7b61aab63596afe18e5d985228edd9ea5043b75b2d4c18a8247619685737131d
RESULTS/STEP17_STRUCTURAL_ENSEMBLE_POCKET_DYNAMICS/tables/Table_17_07_Ensemble_Dynamics_Summary.csv,544,5d3ac86d3f6c517afe9f21c0584cea396204167a280c663ad9eb6b8516693227
RESULTS/STEP17_STRUCTURAL_ENSEMBLE_POCKET_DYNAMICS/tables/Table_17_07_Static_WT_vs_D166V_Structural_Difference.csv,16939,197167fdefb02c4d2a8f6212e7f34e36809e0ae1b110a10cad62f236270aa80c
RESULTS/STEP17_STRUCTURAL_ENSEMBLE_POCKET_DYNAMICS/tables/Table_17_08_Dynamic_Therapeutic_Pocket_Summary.csv,486,cf5e45d98f6668731350a62eb9e75896e8c9e5fcda481120c814185575978fe1
RESULTS/STEP17_STRUCTURAL_ENSEMBLE_POCKET_DYNAMICS/tables/Table_17_08_Step17_Summary.csv,572,8b52faebb610d931071924eaaf2cb31cc572cd995de13ede60ca2a19d36199e7
RESULTS/STEP17_STRUCTURAL_ENSEMBLE_POCKET_DYNAMICS/tables/Table_17_09_WT_Pocket1_Geometry.csv,2957,3307a31867cd356cc32f1a6a37267ce0957fffeea8b1fae60cf28d6add86c884
RESULTS/STEP17_STRUCTURAL_ENSEMBLE_POCKET_DYNAMICS/tables/Table_17_10_D166V_Pocket1_Geometry.csv,2973,fb4279f6abd6ff3d8f70397eac7317147e93e3fc7b7c607d0e5a0168937eedfb
RESULTS/STEP17_STRUCTURAL_ENSEMBLE_POCKET_DYNAMICS/tables/Table_17_11_WT_D166_Mobility.csv,391,5842bbfc38eccf9a0b663afd5114116c4fa81db76812b9eb6ce60fb521b5d258
RESULTS/STEP17_STRUCTURAL_ENSEMBLE_POCKET_DYNAMICS/tables/Table_17_12_D166V_V166_Mobility.csv,391,245ea7e773c57e544b5dde70e5a010e1ae33ddfb4244d9a670d13ef06f292879
RESULTS/STEP18_THERAPEUTIC_COMPOUND_LIBRARY/QC/STEP18_MANIFEST.txt,1289,ee075e6b3178ea5e9a317e1ede167a9769d97ae9e27ee83e87655a07e4b773f7
RESULTS/STEP18_THERAPEUTIC_COMPOUND_LIBRARY/QC/STEP18_QC.json,1828,ed7b03ccbfd20da5aac6328b8c5b16e955a2ef7d891cbe349062b653325b524a
RESULTS/STEP18_THERAPEUTIC_COMPOUND_LIBRARY/reports/STEP18_INTERPRETATION.txt,2546,efcf10c7eff847bdadb38b19f9a0aeb7f5d2a5f837bb9ce1ecd6dc7e41989fdd
RESULTS/STEP18_THERAPEUTIC_COMPOUND_LIBRARY/tables/STEP18_MASTER_COMPOUND_LIBRARY.csv,10679,b5dab87830b25febd6ea1c53e64354a3e5b81d6f2ccdac400b442927a1f21928
RESULTS/STEP18_THERAPEUTIC_COMPOUND_LIBRARY/tables/STEP18_SCREENING_READY_LIBRARY.csv,10730,e5d751c6267390af7b1d56128b813db32ce06254cc8d39682fb777021632f912
RESULTS/STEP18_THERAPEUTIC_COMPOUND_LIBRARY/tables/STEP18_SEARCH_PROVENANCE.csv,1180,d8f89baa5dc4aa6e9f2b08757cc199aca05a5fa588d6185899aeb26c736ea4a2
RESULTS/STEP18_THERAPEUTIC_COMPOUND_LIBRARY/tables/STEP18_SOURCE_SUMMARY.csv,378,f3b06b705cf04f3348907610231e4970b3ed875f4cdaea1fae0437eed38aa333
RESULTS/STEP18_THERAPEUTIC_COMPOUND_LIBRARY/tables/Table_18_01_Search_Provenance.csv,2,7eb70257593da06f682a3ddda54a9d260d4fc514f645237f5ca74b08f8da61a6
RESULTS/STEP19_DRUG_LIKENESS_FILTERING/QC/STEP19_QC.json,832,73a68f042f0b33d4cddc0c40622e58e6ad985c7906dd8b88981b578e740c434c
RESULTS/STEP19_DRUG_LIKENESS_FILTERING/reports/STEP19_INTERPRETATION.txt,1375,f23a0eefe7f018942b0e45051c50d8ac82b4fea0a739b476f63d544b0bb95953
RESULTS/STEP19_DRUG_LIKENESS_FILTERING/tables/STEP19_CLASS_SUMMARY.csv,80,e532c592caabe0f745b4e963993a4b16f35d0d6b94ded853578ffc473692fa47
RESULTS/STEP19_DRUG_LIKENESS_FILTERING/tables/STEP19_MASTER_DRUG_LIKENESS_TABLE.csv,12578,ac9ae73259f9c703a62b656691f1c2d3cc3f321138a8811ef218f7b700b044bb
RESULTS/STEP19_DRUG_LIKENESS_FILTERING/tables/STEP19_PROPERTY_FILTER_SUMMARY.csv,165,2c820fdbe6d71332788986071e3b438160b275cad7c7f513b1bb07830592e3c5
RESULTS/STEP19_DRUG_LIKENESS_FILTERING/tables/STEP19_SCREENING_READY_LIBRARY.csv,7149,d4ad70758a57fe832a2213581be4fee88d4c4f2de3f844ab838c3f57a2ab7abc
RESULTS/STEP20_PHARMACOPHORE_SHAPE_SCREENING/QC/STEP20_CONFORMER_FAILURES.csv,2,7eb70257593da06f682a3ddda54a9d260d4fc514f645237f5ca74b08f8da61a6
RESULTS/STEP20_PHARMACOPHORE_SHAPE_SCREENING/QC/STEP20_MANIFEST.txt,2379,5e5c37e4806497bea458713b44ace88d8afc2182adbf6af1e96e16889ee08113
RESULTS/STEP20_PHARMACOPHORE_SHAPE_SCREENING/QC/STEP20_QC.json,1166,5cb08ac8f54249a889b39efa8ec179cfd40aa13fb91413b63e755ec2ce3c1328
RESULTS/STEP20_PHARMACOPHORE_SHAPE_SCREENING/figures/Figure_20_01_Compound_Screening_Scores.png,120384,06698df3a645bfa1b92b9aefb5f7e60fae8ee593ae6127003205406c8fa6a6ce
RESULTS/STEP20_PHARMACOPHORE_SHAPE_SCREENING/figures/Figure_20_02_Pharmacophore_Matching.png,119674,c7eb1ed812d874f2667eb4090f3d8362e1d6dd54976b52f4700387187f107c84
RESULTS/STEP20_PHARMACOPHORE_SHAPE_SCREENING/figures/Figure_20_03_Pocket_Chemical_Feature_Map.png,124111,2df725056bf73c8b49c1eee4c45fd12781ae3482c7d6143f3bf9a1f79843fa6c
RESULTS/STEP20_PHARMACOPHORE_SHAPE_SCREENING/reports/STEP20_INTERPRETATION.txt,2595,13dabfc1fd53882e071c51b635056a192745ad5c358e6bf0938641979da40e8f
RESULTS/STEP20_PHARMACOPHORE_SHAPE_SCREENING/tables/STEP20_CLASS_SUMMARY.csv,77,0223c71f906402476e2230015a5686c1813ef38382481df07fdaf71ca5781898
RESULTS/STEP20_PHARMACOPHORE_SHAPE_SCREENING/tables/STEP20_PHARMACOPHORE_SHAPE_SCREENING.csv,4255,35eaf1a77bac87bf7df7a4a3bbdab3aaa4bdad7bf3576b5f657391bc537c6cd6
RESULTS/STEP20_PHARMACOPHORE_SHAPE_SCREENING/tables/STEP20_POCKET_PHARMACOPHORE_FEATURES.csv,4569,9b657152edf06993277d6cf0e78ccd63e6f5578c52391dc92173c7fe0ec4d61a
RESULTS/STEP20_PHARMACOPHORE_SHAPE_SCREENING/tables/STEP20_POCKET_SUMMARY.csv,193,54516f8b20080087923e0f870e358db89a1d9298a22c0addbc4191947071d7b8
RESULTS/STEP21_VIRTUAL_SCREENING_DOCKING/figures/Figure_21_01_Docking_Scores.png,154178,62a02d0d6fdfbb49625b6670523adb5b7a0dce425f7b652d7ef4118d7588b298
RESULTS/STEP21_VIRTUAL_SCREENING_DOCKING/figures/Figure_21_02_Step20_vs_Docking.png,146517,ebd18342282b28502c76adb5bde3cbd7c1ba4024551bbd89f5d491fd53f97b5c
RESULTS/STEP21_VIRTUAL_SCREENING_DOCKING/figures/Figure_21_03_Top_Docking_Candidates.png,92993,0e42a0724ebf0b75730f1229da49ac1d5539c9a3d2f4d2dbbc2bea70e18584ba
RESULTS/STEP21_VIRTUAL_SCREENING_DOCKING/qc/STEP21_INTERPRETATION.txt,1173,1a3ba2075cbd1afd767fbcd090a0152dea5f110775e696bb5f83f7d6e7a4118d
RESULTS/STEP21_VIRTUAL_SCREENING_DOCKING/qc/STEP21_MANIFEST.txt,1010,4a1c6531291d5d198dc3626f176e5ba4d557c18013896b9795f8caabc8377355
RESULTS/STEP21_VIRTUAL_SCREENING_DOCKING/qc/STEP21_QC.json,840,e0bebfc94335eaf222f4e11425734843465b5fc2614a125be79cd990ce32dd67
RESULTS/STEP21_VIRTUAL_SCREENING_DOCKING/receptor/PNPLA3_D166V_chainA_protein.pdb,300190,fba52e535687d67e92e1a1541b70e0fd6fdc4820f7a6b9f4e4f14139f3fb90cf
RESULTS/STEP21_VIRTUAL_SCREENING_DOCKING/tables/STEP21_BEST_DOCKING_RESULTS.csv,3118,2610b2e1561710ecc690ce851c0e6cde5db3daacaff089d78a1fd189f134196b
RESULTS/STEP21_VIRTUAL_SCREENING_DOCKING/tables/STEP21_COMPLETE_DOCKING_SUMMARY.csv,3118,2610b2e1561710ecc690ce851c0e6cde5db3daacaff089d78a1fd189f134196b
RESULTS/STEP21_VIRTUAL_SCREENING_DOCKING/tables/STEP21_DOCKING_FAILURES.csv,29692,d26598e4561d3ed0aa5ebcac6918458e9e9a2e5b695437c04cd6d46dc611a12e
RESULTS/STEP21_VIRTUAL_SCREENING_DOCKING/tables/STEP21_POSE_LEVEL_RESULTS.csv,3394,50084d9eab201e62148a645b62ef77d47086ff7fec23dfe566bb94090241ae90
RESULTS/STEP22_WT_vs_D166V_DIFFERENTIAL_DOCKING/qc/STEP22_INTERPRETATION.txt,1072,f32960d46ef5826c12d1cc7d2923f24e04f3e440badd4865202f232a784c8655
RESULTS/STEP22_WT_vs_D166V_DIFFERENTIAL_DOCKING/qc/STEP22_MANIFEST.txt,1179,62373c84d8f7ae314c445ec6f91d1c45fe1ed2bc9cc3d29b706a86a2de610b7e
RESULTS/STEP22_WT_vs_D166V_DIFFERENTIAL_DOCKING/qc/STEP22_QC.json,1265,e0fd4e62a2a1dd9b14a87038533007b55d396b65ead8b33c25d985fceb911b93
RESULTS/STEP22_WT_vs_D166V_DIFFERENTIAL_DOCKING/receptor/PNPLA3_D166V_chainA_protein.pdb,300190,fba52e535687d67e92e1a1541b70e0fd6fdc4820f7a6b9f4e4f14139f3fb90cf
RESULTS/STEP22_WT_vs_D166V_DIFFERENTIAL_DOCKING/receptor/PNPLA3_WT_chainA_protein.pdb,300271,3fc2a62e9897e638a13dbe209bef92deed014b66cc91b68a8361fb0a5e1d020d
RESULTS/STEP22_WT_vs_D166V_DIFFERENTIAL_DOCKING/tables/STEP22_D166V_POSE_LEVEL_RESULTS.csv,2689,463bee3b9f38c2d44e098debabff5092152ebbde0ddb4a66bd176615569e7d82
RESULTS/STEP22_WT_vs_D166V_DIFFERENTIAL_DOCKING/tables/STEP22_WT_POSE_LEVEL_RESULTS.csv,2661,e6dfb1aac25903697204b6e2773c883af8cb9c162dc265337b77e96b0f3ed790
RESULTS/STEP22_WT_vs_D166V_DIFFERENTIAL_DOCKING/tables/STEP22_WT_vs_D166V_DIFFERENTIAL_DOCKING.csv,4329,5d3b52be2e9dc1e5b681082efd256e8c0d68367a7d31238783b2c50a99f5098d
RESULTS/STEP23_LEAD_PRIORITIZATION/figures/Figure_23_01_Lead_Prioritization.png,127614,05a462cfada333e50093515773dddede36b77517ac19ef554cd6ae2119b32a3d
RESULTS/STEP23_LEAD_PRIORITIZATION/figures/Figure_23_02_Step20_vs_Docking.png,141561,b77025a74384d74a71dabc11a010f4945fc4492add0ac194231578193f3adc08
RESULTS/STEP23_LEAD_PRIORITIZATION/figures/Figure_23_03_WT_vs_D166V.png,147066,5bac42cd70133c5f2617b775e41a66786879c52f44acb1ed54c1c99738bb0b84
RESULTS/STEP23_LEAD_PRIORITIZATION/qc/STEP23_INTERPRETATION.txt,1331,cb493050190b33e5cba751cb042a84c85aa6a37cf0bc961d12ad4b69e098cb7e
RESULTS/STEP23_LEAD_PRIORITIZATION/qc/STEP23_QC.json,1356,1c6a9c6eab55eb950f60a0ec0b5115852972a0a68fe4ba598b99cc0616afab6b
RESULTS/STEP23_LEAD_PRIORITIZATION/tables/STEP23_EVIDENCE_COMPONENT_SCORES.csv,1055,0d23fc10e8e7f138008c9fc0269dcd1ed3326c65682e66b9ed83d699a1beb751
RESULTS/STEP23_LEAD_PRIORITIZATION/tables/STEP23_LEAD_PRIORITIZATION.csv,5687,8963a8754916010cf10ac61206aa6f188f11fbf182edc1c948cfadeba95f52a1
RESULTS/STEP23_LEAD_PRIORITIZATION/tables/STEP23_TOP_LEADS.csv,3177,ceb74ca96d88eb27baf7a7bbfdaeb8ac2287cd86f6e8df3d16ee7ac2ad24af0a
RESULTS/STEP24_INTERACTION_FINGERPRINTING/figures/Figure_24_01_Contact_Counts.png,102837,d3001dea94a6f2f3ebaef39ee2c3055c4ef335b13172478f83451a31b5079c4a
RESULTS/STEP24_INTERACTION_FINGERPRINTING/figures/Figure_24_02_Residue_Comparison.png,116068,d06d08cdcdbb4f80a90586d3e61ff39a84c6cda5a371d3ed3306cb5fcfbb6d61
RESULTS/STEP24_INTERACTION_FINGERPRINTING/figures/Figure_24_03_Interaction_Types.png,190985,ddeec770315c2c491acd83b500a4c34db8b87126c126289db05cbf8101465638
RESULTS/STEP24_INTERACTION_FINGERPRINTING/figures/Figure_24_CID_117902000_D166V_3D.png,471862,8c00e5b92cc7937ed19e3b27b58e349aa19cc990f9d0eb3b4336a6693318b3cc
RESULTS/STEP24_INTERACTION_FINGERPRINTING/figures/Figure_24_CID_117902000_WT_3D.png,477718,f73bfe4731222ef7c6e309f79740d91d41386b657e268a5abcfebb2f155fc6ba
RESULTS/STEP24_INTERACTION_FINGERPRINTING/figures/Figure_24_CID_171523990_D166V_3D.png,466317,c89328c602fe0bc499b279c2962db94dabe320da6d78b080fbb375f18c8105be
RESULTS/STEP24_INTERACTION_FINGERPRINTING/figures/Figure_24_CID_171523990_WT_3D.png,467998,07f77d05a7f94aaad1c71d40ecce83e2eb4f1bfcd5d99df9a958601a8256f6b2
RESULTS/STEP24_INTERACTION_FINGERPRINTING/figures/Figure_24_CID_56593118_D166V_3D.png,477697,ce316e58fe373a6b9fbe0be1fb76ad60fff4906184e23c51465b53ff6767d82b
RESULTS/STEP24_INTERACTION_FINGERPRINTING/figures/Figure_24_CID_56593118_WT_3D.png,481218,c3cfcc18267eb06386e334ada8b0be67a56e89ca9ec01bb3a8e7bf758adb8d24
RESULTS/STEP24_INTERACTION_FINGERPRINTING/figures/Figure_24_CID_71236597_D166V_3D.png,485979,e116a9e0ffaa1b9ff36a1d0d9a38cd5f01da43129cce467da0cab2bbec13941b
RESULTS/STEP24_INTERACTION_FINGERPRINTING/figures/Figure_24_CID_71236597_WT_3D.png,485123,79afd07d1917cf3a909fa5418347e1c1ccd946fcd868358028dfc3d48fc9d0c2
RESULTS/STEP24_INTERACTION_FINGERPRINTING/qc/STEP24_INTERPRETATION.txt,480,ef41bbc85ba4e900b1e5ac16848666962e58f6cd2541bcaf022f69d60585dafb
RESULTS/STEP24_INTERACTION_FINGERPRINTING/qc/STEP24_QC.json,855,b48b1cdf6f39ff3ad1fa17a03e5b27001ff7541719e8c4a2c0204fa7dc844312
RESULTS/STEP24_INTERACTION_FINGERPRINTING/tables/STEP24_ATOM_LEVEL_CONTACTS.csv,80052,1b3e4efb7cc84f2ba2b5143032908294c2c2aed39a0ff0316234737acae8b852
RESULTS/STEP24_INTERACTION_FINGERPRINTING/tables/STEP24_INTERACTION_TYPE_MATRIX.csv,418,ca453b57a2389d8883b1b446f7131fabd630364b093deb95d1b5ad543b7596ad
RESULTS/STEP24_INTERACTION_FINGERPRINTING/tables/STEP24_INTERACTION_TYPE_SUMMARY.csv,1230,94ac4b8d842a2e466663e7f737ad14d14a0d29dcf6da321c8b495670aa630fae
RESULTS/STEP24_INTERACTION_FINGERPRINTING/tables/STEP24_LEAD_INTERACTION_SUMMARY.csv,453,ec60a20e06113063c0ae4da8e0b521fad94aae9b87453bd56e07411586a546d5
RESULTS/STEP24_INTERACTION_FINGERPRINTING/tables/STEP24_RESIDUE_INTERACTION_FINGERPRINT.csv,12197,0a382b9c9e17a16b1ccbb4ba928d98caf8a4b80f4beeb42000417573a6a68815
RESULTS/STEP24_INTERACTION_FINGERPRINTING/tables/STEP24_TOP_INTERACTING_RESIDUES.csv,5687,50a8f43f0f7cb9c4638cd9f195d139eb463179967af963bc39e786f41d5f511e
RESULTS/STEP24_INTERACTION_FINGERPRINTING/tables/STEP24_WT_vs_D166V_INTERACTION_COMPARISON.csv,545,44a066ba6d5fc3ed5261866de6fadf063260b5600fcd674205503058ef5fff61
RESULTS/STEP25_D166V_FUNCTIONAL_MECHANISM/figures/Figure_25_01_Local_Environment_Distance.png,228038,c82e0a642843011cc396c87b25b46515cf9542785d21c76ab32a0c2406857e87
RESULTS/STEP25_D166V_FUNCTIONAL_MECHANISM/figures/Figure_25_02_Contact_Remodeling.png,78249,917c30b0fb6e9eed806109e52a11149faa9eb3786bee12507cd76bd346cc0ad8
RESULTS/STEP25_D166V_FUNCTIONAL_MECHANISM/figures/Figure_25_03_D166V_Physicochemical_Change.png,71309,645ab753e0c111d61115ccf667ea34bcf0f152a5fab085992337598fdee253fa
RESULTS/STEP25_D166V_FUNCTIONAL_MECHANISM/qc/STEP25_INTERPRETATION.txt,571,52b490721fd00e24986521c262ec2e81805893ce99c9cb07e8ac55c9185b34f5
RESULTS/STEP25_D166V_FUNCTIONAL_MECHANISM/qc/STEP25_QC.json,845,9eca7bff1ead25a8eef5b20f790ac917ee6e17b78bb7f107e98b7da9d9f91646
RESULTS/STEP25_D166V_FUNCTIONAL_MECHANISM/tables/STEP25_D166V_Candidate_HBond_Geometry.csv,706,06ec25a467b73a195271a10aa0e7b5630d0cbe77a2c0392881f4853ccaa09066
RESULTS/STEP25_D166V_FUNCTIONAL_MECHANISM/tables/STEP25_D166V_Contacts.csv,2605,5193f94a36c14cee56edccf9f1f6dbc5dc552f1405973ec81809ded9722d5706
RESULTS/STEP25_D166V_FUNCTIONAL_MECHANISM/tables/STEP25_D166V_FUNCTIONAL_MECHANISM_SUMMARY.csv,1240,49cf80e01de57d8b8c8357f3b8da046a4c2fe085b755f60e3be7e130dff476cb
RESULTS/STEP25_D166V_FUNCTIONAL_MECHANISM/tables/STEP25_D166V_Local_Atom_Environment.csv,6060,05e64e0dbdc54c1bda4fc8d141ac3295555a9c2fbe9a36d3ebd6b312d6866bd5
RESULTS/STEP25_D166V_FUNCTIONAL_MECHANISM/tables/STEP25_D166V_Local_Environment.csv,1745,1a79ddac6e5e56cb9f431c1b108db1fa1b735f2f0ca89296e1be60ac89d2e3d6
RESULTS/STEP25_D166V_FUNCTIONAL_MECHANISM/tables/STEP25_D166V_Local_Residue_Environment.csv,1737,e13924e6696e14c7b16e5b4cf9c8ff5e8d6af68dc8e347c50ec5ae7833bac9a2
RESULTS/STEP25_D166V_FUNCTIONAL_MECHANISM/tables/STEP25_D166V_Residue_166_Contact_Summary.csv,320,9bb8e2fa2d6515f0f358897b5982f88a560fe6def73dc342c2125ae2d1c74981
RESULTS/STEP25_D166V_FUNCTIONAL_MECHANISM/tables/STEP25_D166V_Target_Residue_Metrics.csv,545,8009210ab93e97853a01c0be9d899c49bf66a922377616017d4c2a30a797f890
RESULTS/STEP25_D166V_FUNCTIONAL_MECHANISM/tables/STEP25_WT_D166_Candidate_HBond_Geometry.csv,991,9962e82add3953c58b8671fc317ed9615c89faa8b134372c5ae4754b957532f3
RESULTS/STEP25_D166V_FUNCTIONAL_MECHANISM/tables/STEP25_WT_D166_Contacts.csv,3148,2835f88d0ac3d39ee734793936d7457ddad34fa18cda76857616c351c8cdf9c8
RESULTS/STEP25_D166V_FUNCTIONAL_MECHANISM/tables/STEP25_WT_D166_Local_Atom_Environment.csv,6310,246085769909a3b9961109d661b0d04a302a01e5975aa2dab9e0fb5ef5366e22
RESULTS/STEP25_D166V_FUNCTIONAL_MECHANISM/tables/STEP25_WT_D166_Local_Environment.csv,1823,9740f4fb7972fce0d7cdce927a85193ab972086ec209db100144c5719fb59575
RESULTS/STEP25_D166V_FUNCTIONAL_MECHANISM/tables/STEP25_WT_Local_Residue_Environment.csv,1815,91435367f7902156e09d04b60aa57c5610112f5f8ff85cebae37ddceb87217a8
RESULTS/STEP25_D166V_FUNCTIONAL_MECHANISM/tables/STEP25_WT_Residue_166_Contact_Summary.csv,345,2b80ad91d24b4e2726c0697d93e0d08d6a14c0dce229babcfb9835055e70ac42
RESULTS/STEP25_D166V_FUNCTIONAL_MECHANISM/tables/STEP25_WT_vs_D166V_Contact_Comparison.csv,4666,8599694d214f84de8f67071f207ab06fee87222ef0ce7ca1cf0e360b77e8e39d
RESULTS/STEP25_D166V_FUNCTIONAL_MECHANISM/tables/STEP25_WT_vs_D166V_Local_Environment.csv,3821,d9225549c6b7a325ef9bccb4ee14ec9bf82f3c948ba66cdfa15926dbb8cce231
RESULTS/STEP25_WT_CID71236597_MD/ligand_parameterization_test/CID_71236597.pdb,5258,9b84d79b0f0c590126bb75d53f9a3417f4654a25883af4c12a9479219afaf6aa
RESULTS/STEP25_WT_CID71236597_MD/md/NVT_equilibration.csv,0,e3b0c44298fc1c149afbf4c8996fb92427ae41e4649b934ca495991b7852b855
RESULTS/STEP25_WT_CID71236597_MD/preparation/CID_71236597_exact_docked_with_H.pdb,5258,9b84d79b0f0c590126bb75d53f9a3417f4654a25883af4c12a9479219afaf6aa
RESULTS/STEP25_WT_CID71236597_MD/preparation/PNPLA3_WT_CID71236597_rectangular_solvated_complex.pdb,9762833,c83d0ac7d0a745e59ab7f21d566c15c67a283755208976c5d1a87797e9b74f84
RESULTS/STEP25_WT_CID71236597_MD/preparation/PNPLA3_WT_CID71236597_solvated_complex.pdb,23733794,8b0c1ac97ebe3382e9a5e905663b46dcb79d9dbdb509363202d20f0ccf4e61e8
RESULTS/STEP25_WT_CID71236597_MD/preparation/PNPLA3_WT_prepared.pdb,602718,b119f2c8ad5deea034d1af611fe0dbb433c022b6912514730bd1ea9db25f5f39
RESULTS/STEP26_D166V_MASLD_MECHANISTIC_LINK/figures/Figure_26_01_Catalytic_Site_Geometry.png,74323,be9424aefd9516fc530bb54ada0a3da182680e0c72ff27f9e8eb9ee2c244a0c2
RESULTS/STEP26_D166V_MASLD_MECHANISTIC_LINK/figures/Figure_26_02_Mechanistic_Evidence_Layers.png,69770,07662e1b0c38a41c2b6d21bf1fe7aedbdcf02beb0588e256b8a7a2b7dc613bfd
RESULTS/STEP26_D166V_MASLD_MECHANISTIC_LINK/qc/STEP26_INTERPRETATION.txt,965,b93a6012b2b97b24162bd21f5237f17c6808dacd69bbe98c97bf70561908ed25
RESULTS/STEP26_D166V_MASLD_MECHANISTIC_LINK/qc/STEP26_QC.json,485,b75fe6eb3d813b5ded7817b7f6f9972dbcd1cff445b2a669a14848eeebe2df7b
RESULTS/STEP26_D166V_MASLD_MECHANISTIC_LINK/tables/STEP26_Catalytic_Site_Geometry.csv,565,3fc99caa73071a8444d9c60d9d4813dfe46ed40eeece277a999c6da65a9ed15f
RESULTS/STEP26_D166V_MASLD_MECHANISTIC_LINK/tables/STEP26_ESTABLISHED_BIOLOGICAL_CONTEXT.csv,1114,47f9661ba524667b391c0d08b1f5a8f525e6a328b4479049af9475a51e701f11
RESULTS/STEP26_D166V_MASLD_MECHANISTIC_LINK/tables/STEP26_FINAL_MECHANISTIC_INTEGRATION.csv,1424,a0219f5ca3c2194e6a8e89a04e6db3545d6ab20a51dde0eca912033ae2e6800e
RESULTS/STEP26_D166V_MASLD_MECHANISTIC_LINK/tables/STEP26_MASLD_MECHANISTIC_EVIDENCE_MATRIX.csv,2075,8ed65821f19f190db1fbe9bc7eaf17c6b9b48418f1da23b1f740ea6636031feb
RESULTS/STEP26_D166V_MASLD_MECHANISTIC_LINK/tables/STEP26_Step25_Summary_CarryForward.csv,1234,47f49d17b75e4655df9553fa52deb4f9c126d25c510b34408bdfb617b3319bb8
RESULTS/STEP27_ORTHOGONAL_STRUCTURAL_VALIDATION/QC/STEP27_INTERPRETATION.txt,979,12b7f31ca2c2f9d713f41010bd67c77bd0625a7a4e0b4eb68155952d3d4e56e6
RESULTS/STEP27_ORTHOGONAL_STRUCTURAL_VALIDATION/QC/STEP27_METHOD_CONTROL.json,192,c3988a91b17a964bc8700743471bdda293ed633debe3258cc59b9f2c37352cca
RESULTS/STEP27_ORTHOGONAL_STRUCTURAL_VALIDATION/QC/STEP27_QC.json,385,69b895d375a084ace02a0ff1aa2744b644b6bc397cc73020699ddab38b83fb23
RESULTS/STEP27_ORTHOGONAL_STRUCTURAL_VALIDATION/figures/Figure_27_01_Independent_Local_Descriptors.png,89844,c3b05e9df6f5e1ae34a4be4dc8170e9ea943e0f69570c3d40194aac13175dce2
RESULTS/STEP27_ORTHOGONAL_STRUCTURAL_VALIDATION/figures/Figure_27_02_Independent_Contact_Remodeling.png,60561,9a8fec5f601525ef8a7436b3473b6c7d7b1a8e372167b3ca70e33d1a4eed2158
RESULTS/STEP27_ORTHOGONAL_STRUCTURAL_VALIDATION/tables/STEP27_BACKBONE_RMSD_CONTROL.csv,83,eda321dc27186a92a56efadc35b3e600df4c55ba38b6bcd6359b0e8b71497d58
RESULTS/STEP27_ORTHOGONAL_STRUCTURAL_VALIDATION/tables/STEP27_INDEPENDENT_CONTACT_COMPARISON.csv,432,f6ac20e384d9ee1c183fec5f9e81a11910df21f2645ac96adf1811bfd8fe2fdb
RESULTS/STEP27_ORTHOGONAL_STRUCTURAL_VALIDATION/tables/STEP27_ORTHOGONAL_EVIDENCE_MATRIX.csv,778,e2c03f15187ddfa11546facdb99841445a2123661fe374d51feb6df3f91f6b95
RESULTS/STEP27_ORTHOGONAL_STRUCTURAL_VALIDATION/tables/STEP27_RESIDUE_166_INDEPENDENT_METRICS.csv,395,1a9831b3c79321733e732b52565e2e7e63f6b5b3b49ec0c2eab4c1dd59ecc04d
RESULTS/STEP28_MUTATION_SPECIFIC_THERAPEUTIC_VULNERABILITY/QC/STEP28_INTERPRETATION.txt,631,82994ce71561d67ac34d497a79dade40d57059741c91d01c831e1a7fef3252ff
RESULTS/STEP28_MUTATION_SPECIFIC_THERAPEUTIC_VULNERABILITY/QC/STEP28_QC.json,435,c6e9b016cb8080ef578c90412b8d3fd2d35afb9795d6c6752588aa4f97780944
RESULTS/STEP28_MUTATION_SPECIFIC_THERAPEUTIC_VULNERABILITY/figures/Figure_28_01_Therapeutic_Vulnerability.png,153975,2fee8e915bfe67e510b092cb08a5f0d718cc8d9e88dd2173a40a065a4a490361
RESULTS/STEP28_MUTATION_SPECIFIC_THERAPEUTIC_VULNERABILITY/figures/Figure_28_02_D166V_vs_WT_Docking_Preference.png,160731,d59d756b4931b6c04ba7af8af4b8c4f5cdebef304e33a678b2df4e2e16ed5865
RESULTS/STEP28_MUTATION_SPECIFIC_THERAPEUTIC_VULNERABILITY/tables/STEP28_DOCKING_PREFERENCE_COUNTS.csv,70,5d8fc15897244a0476fe4d770b3666ee1bd25868fb70149eaef9ff6e2257eb6e
RESULTS/STEP28_MUTATION_SPECIFIC_THERAPEUTIC_VULNERABILITY/tables/STEP28_FULL_THERAPEUTIC_VULNERABILITY_ANALYSIS.csv,7005,089d287bd41b7dd02f750b2c3e6e560f16612907ee84245d26284c19d90b8379
RESULTS/STEP28_MUTATION_SPECIFIC_THERAPEUTIC_VULNERABILITY/tables/STEP28_INTERPRETATION_COUNTS.csv,83,f9684ab8ae6682b9da157c220e18218ca48a69947049d2f34bab935192447639
RESULTS/STEP28_MUTATION_SPECIFIC_THERAPEUTIC_VULNERABILITY/tables/STEP28_STRUCTURAL_CONTEXT.json,451,35b1c542ad9833f66de068aaf70fbc10217ff28e59de53abadea9ce0fa6a6d8d
RESULTS/STEP28_MUTATION_SPECIFIC_THERAPEUTIC_VULNERABILITY/tables/STEP28_THERAPEUTIC_VULNERABILITY_SUMMARY.csv,1714,ef3bcf70baa8ad3a8059b063517579db8cb718c76bf774e4570f2238aa77295d
RESULTS/STEP29_LEAD_VALIDATION_RESCORING/QC/STEP29_INTERPRETATION.txt,732,a34e89ae0185c5c893fd0f45ec0ba1ea86170ef2ceff297f238516c71c494789
RESULTS/STEP29_LEAD_VALIDATION_RESCORING/QC/STEP29_QC.json,508,dd57ea18f2a1575a2c9afb45a7eb4acad661c8162c6a45767375059bdec61182
RESULTS/STEP29_LEAD_VALIDATION_RESCORING/figures/Figure_29_01_Lead_Validation_Scores.png,148764,813f720a98712999a886f5003e37e3a4a472d7334ffd550d8f521ce65f351c65
RESULTS/STEP29_LEAD_VALIDATION_RESCORING/figures/Figure_29_02_Interaction_Consistency.png,175580,f3d1579c901236b7569f99c76944df75ff415afe051c01b666f1a9f72c4de4c1
RESULTS/STEP29_LEAD_VALIDATION_RESCORING/tables/STEP29_FULL_LEAD_VALIDATION.csv,4186,dca40b7044ffffd0d292b28f9e9cf947f7f7476d41ddc5528e08fe2b51d11300
RESULTS/STEP29_LEAD_VALIDATION_RESCORING/tables/STEP29_INTERACTION_CONSISTENCY.csv,533,357755a0d7b653986d129d2f5bb7e5ab6126347aacfa45b5e656c6ef561ed809
RESULTS/STEP29_LEAD_VALIDATION_RESCORING/tables/STEP29_TOP_LEAD_VALIDATION.csv,1223,255e848288180cfbc95441ecfbacc745028ca90029657207f0923a8ea5679f4d
RESULTS/STEP29_LEAD_VALIDATION_RESCORING/tables/STEP29_VALIDATION_CLASS_COUNTS.csv,81,f9afdd8aab3c68dab115b320032963500a81e468e758f5148f10f3afa8c46d1a
RESULTS/STEP30_ADMET_DRUG_DEVELOPMENT_FEASIBILITY/QC/STEP30_INTERPRETATION.txt,732,daa1d053ec5e9938bd15e21cfb6e653b1d1f2396a23e3d6326229692386244dc
RESULTS/STEP30_ADMET_DRUG_DEVELOPMENT_FEASIBILITY/QC/STEP30_PROVENANCE.json,1043,18bb8388aa28a1f744556508a01c4779d78035ebd9bf96ad2459035a7d014103
RESULTS/STEP30_ADMET_DRUG_DEVELOPMENT_FEASIBILITY/QC/STEP30_QC.json,420,d3c6d913f838c89f21a939cad4282b7ce13e655d4ac383b2e4f071ec3e53d2f8
RESULTS/STEP30_ADMET_DRUG_DEVELOPMENT_FEASIBILITY/figures/Figure_30_01_Development_Priority.png,150407,a3cb4a9e17a622eba0b898003b3a613807adb387d551a63d870196f1c9e46919
RESULTS/STEP30_ADMET_DRUG_DEVELOPMENT_FEASIBILITY/figures/Figure_30_02_ADMET_Development_Profile.png,128567,248d72bd81264f064f070489bbc7b698ba6f6d9d3553a3866f4a82139f8baa2e
RESULTS/STEP30_ADMET_DRUG_DEVELOPMENT_FEASIBILITY/tables/STEP30_ADMET_DEVELOPMENT_SUMMARY.csv,1806,6f72ae69bfa18c0e0d9705f67638979403a22f7ba183896378869bb79dcdf9dd
RESULTS/STEP30_ADMET_DRUG_DEVELOPMENT_FEASIBILITY/tables/STEP30_DEVELOPMENT_CLASS_COUNTS.csv,96,861356eb01a446d922b9119b90a7c71bcd3aedb6a6893d19d8227dc547571b69
RESULTS/STEP30_ADMET_DRUG_DEVELOPMENT_FEASIBILITY/tables/STEP30_FULL_ADMET_DEVELOPMENT_ANALYSIS.csv,4044,7394c3730247cede59a00bd5c4c7756d13d2dc04bae2c3a65a00f2c7a7ffa055
RESULTS/STEP31_INDEPENDENT_BIOLOGICAL_VALIDATION/QC/STEP31_INTERPRETATION.txt,1097,38aaadb16da36a25292c4b4232320cff3192e780723ed386c58dd5f6739798ff
RESULTS/STEP31_INDEPENDENT_BIOLOGICAL_VALIDATION/QC/STEP31_QC.json,355,056fb651034d019b312e634d7c64cdec2817175212118a07efcc3017a7e6cbd4
RESULTS/STEP31_INDEPENDENT_BIOLOGICAL_VALIDATION/tables/STEP31_COMPUTATION_LITERATURE_MATCHING.csv,1270,fa7eb68560d9d96068cf4ba5d11ad02063d89eb3173c302504a57425c2272cf6
RESULTS/STEP31_INDEPENDENT_BIOLOGICAL_VALIDATION/tables/STEP31_D166V_LITERATURE_SEARCH_STATUS.csv,282,483506adaa641fc440db6786b89918557de9a0744264666499d540f55b554f44
RESULTS/STEP31_INDEPENDENT_BIOLOGICAL_VALIDATION/tables/STEP31_EVIDENCE_STATUS_SUMMARY.csv,942,2b4f64a9c8d193f4d08afb056ee27adcc5177c1e3580e8a13acddd95ad368753
RESULTS/STEP31_INDEPENDENT_BIOLOGICAL_VALIDATION/tables/STEP31_LITERATURE_EVIDENCE.csv,3004,57a1494f62aa20841cc65bf758705a77c45b1845ca1796ccf9afe4704510ced7
RESULTS/STEP31_INDEPENDENT_BIOLOGICAL_VALIDATION/tables/STEP31_REFERENCES.csv,1369,5fa7a4a702afdb974ce0341012599ff6eec32a63081681f49564ad1ea9369cff
RESULTS/STEP32_FINAL_EVIDENCE_INTEGRATION/QC/STEP32_FINAL_SCIENTIFIC_CONCLUSION.txt,1188,388178ccf335ea31399ad561f5e55d0991c22b7d2f50e897c43021d16b8a1d25
RESULTS/STEP32_FINAL_EVIDENCE_INTEGRATION/QC/STEP32_QC.json,417,5a468f184c7a209564cb15b24457a37d7af80e6f56d5f25dbfdc07d1a2cdfb52
RESULTS/STEP32_FINAL_EVIDENCE_INTEGRATION/QC/STEP32_REMAINING_EVIDENCE_GAP.txt,358,d80be9d5b7d25bcc1945e5be8fad16194c5b034c9395f2b504e5b006cc1700d1
RESULTS/STEP32_FINAL_EVIDENCE_INTEGRATION/tables/STEP32_EVIDENCE_COMPLETENESS_PROFILE.csv,731,a67d99ae1ed1d299237de14841721ab1ca41821287e5e60b77ef9e69997a5e21
RESULTS/STEP32_FINAL_EVIDENCE_INTEGRATION/tables/STEP32_MASTER_EVIDENCE_CHAIN.csv,2800,119a2cf342edef7d9e92a95338f5581b18cf013ebed86b0fde289c858cb7723b
RESULTS/STEP32_FINAL_EVIDENCE_INTEGRATION/tables/STEP32_QUANTITATIVE_EVIDENCE_SUMMARY.json,2063,e52b9766601633ab05b42944f4c87878316952ea312119df426b7d5966fbc7ac
RESULTS/STEP32_FINAL_EVIDENCE_INTEGRATION/tables/STEP32_THESIS_CLAIM_GUIDANCE.csv,1220,a39916569eae2c14c38e44c46556ad29138b5e5e6d5f4d61ff0620406686a812
