Residue_Position,WT_Residue,D166V_Residue,WT_Min_Distance_A,D166V_Min_Distance_A,Distance_Change_A
156,PRO,PRO,7.420793555948043,7.418035049795869,-0.0027585061521735454
157,PRO,PRO,7.098825043625178,7.10098767778117,0.002162634155991938
158,SER,SER,10.36388156049653,10.360745533020294,-0.0031360274762359808
159,PHE,PHE,10.65306064002266,10.645955945804022,-0.00710469421863813
160,ARG,ARG,13.926175677478724,13.91843575981152,-0.007739917667205276
161,GLY,GLY,14.419070289030428,14.409549645981308,-0.009520643049119926
162,VAL,VAL,10.665894289744298,10.656514158016215,-0.00938013172808283
163,ARG,ARG,8.242777565845145,8.232015245369753,-0.010762320475391718
164,TYR,TYR,4.694996805110735,4.6857518073410604,-0.00924499776967469
165,VAL,VAL,1.334381504667988,1.3205972133849155,-0.01378429128307257
166,ASP,VAL,0.0,0.0,0.0
167,GLY,GLY,1.3376823240216638,1.3553999409768323,0.01771761695516849
168,GLY,GLY,2.7715701326143627,3.1381333623668706,0.3665632297525079
169,VAL,VAL,3.023088652355402,3.023088652355402,0.0
170,SER,SER,4.512538753296197,4.512538753296197,0.0
171,ASP,ASP,6.116749054849316,6.116749054849316,0.0
172,ASN,ASN,5.028692374763046,5.986877900876215,0.9581855261131693
173,VAL,VAL,8.647192665830918,9.622450675373711,0.9752580095427934
174,PRO,PRO,8.8468247976322,9.547377126729623,0.7005523290974232
175,PHE,PHE,13.221000605097936,13.356048592304536,0.13504798720659927
176,ILE,ILE,16.48905121588262,16.511458475858515,0.02240725997589621
