candidate_position,candidate_residue,candidate_atom,partner_position,partner_residue,partner_atom,distance_A
166,ASP,O,167,GLY,N,2.259852650063716
166,ASP,N,165,VAL,O,2.2694942167804704
166,ASP,OD2,47,SER,OG,2.668748395784061
166,ASP,OD1,168,GLY,N,2.7715701326143627
166,ASP,N,147,PHE,O,2.8319962923704542
166,ASP,OD1,167,GLY,N,2.9734750713601072
166,ASP,O,169,VAL,N,3.023088652355402
166,ASP,O,119,THR,OG1,3.0484071250408786
166,ASP,O,168,GLY,N,3.1381333623668706
166,ASP,OD1,145,SER,O,3.1722342284263942
166,ASP,OD2,145,SER,O,3.230365459201172
166,ASP,N,144,CYS,O,3.276153384687597
166,ASP,O,165,VAL,O,3.2771804954869364
