Chain,Residue_Number,Residue_Name,Residue,Minimum_Distance_A,Hydropathy,Approximate_Charge
A,165,VAL,VAL165,1.3205974323766632,4.2,0.0
A,167,GLY,GLY167,1.3554000310151733,-0.4,0.0
A,147,PHE,PHE147,2.8443551321551417,2.8,0.0
A,145,SER,SER145,3.0017218271159707,-0.8,0.0
A,169,VAL,VAL169,3.0230886100233816,4.2,0.0
A,119,THR,THR119,3.0484069091832633,-0.7,0.0
A,168,GLY,GLY168,3.1381333589614075,-0.4,0.0
A,144,CYS,CYS144,3.2780830669462473,2.5,0.0
A,47,SER,SER47,3.5611411481793454,-0.8,0.0
A,148,ILE,ILE148,3.750778618099086,4.5,0.0
A,146,CYS,CYS146,4.232961201112959,2.5,0.0
A,170,SER,SER170,4.512538799324514,-0.8,0.0
A,164,TYR,TYR164,4.685751908947557,-1.3,0.0
A,117,SER,SER117,4.906130448894327,-0.8,0.0
A,149,PRO,PRO149,4.93062837636406,-1.6,0.0
A,118,LEU,LEU118,4.968440128316182,3.8,0.0
A,46,ALA,ALA46,5.677443940893324,1.8,0.0
A,172,ASN,ASN172,5.986877879215085,-3.5,0.0
A,171,ASP,ASP171,6.116749284968524,-3.5,-1.0
A,143,VAL,VAL143,6.158395237894241,4.2,0.0
A,48,ALA,ALA48,6.329975481446109,1.8,0.0
A,14,GLY,GLY14,6.418869433382235,-0.4,0.0
A,126,ASN,ASN126,6.631010725645168,-3.5,0.0
A,120,ARG,ARG120,6.882256286293985,-4.5,1.0
A,157,PRO,PRO157,7.100987533846607,-1.6,0.0
A,142,LEU,LEU142,7.1625208350685785,3.8,0.0
A,15,CYS,CYS15,7.229011394644784,2.5,0.0
A,226,PHE,PHE226,7.234502661620965,2.8,0.0
A,152,SER,SER152,7.242412170103033,-0.8,0.0
A,121,VAL,VAL121,7.32955696086323,4.2,0.0
A,457,PHE,PHE457,7.352586035455021,2.8,0.0
A,156,PRO,PRO156,7.418034994123048,-1.6,0.0
A,16,GLY,GLY16,7.4286019202496645,-0.4,0.0
A,453,SER,SER453,7.45542562985022,-0.8,0.0
A,141,ALA,ALA141,7.645785542873173,1.8,0.0
A,208,THR,THR208,7.667676220352498,-0.7,0.0
A,125,GLU,GLU125,7.934578097994273,-3.5,-1.0
A,124,GLY,GLY124,7.989295003931441,-0.4,0.0
