Chain,Residue_Number,Residue_Name,Residue,Minimum_Distance_A,Hydrophobicity,Charge
A,165,VAL,VAL165,1.3343814416863171,4.2,0.0
A,167,GLY,GLY167,1.3376822203302476,-0.4,0.0
A,47,SER,SER47,2.6687484660904937,-0.8,0.0
A,168,GLY,GLY168,2.771570488516688,-0.4,0.0
A,147,PHE,PHE147,2.8319966389944846,2.8,0.0
A,145,SER,SER145,2.994586155719861,-0.8,0.0
A,169,VAL,VAL169,3.0230886100233816,4.2,0.0
A,119,THR,THR119,3.0484069091832633,-0.7,0.0
A,144,CYS,CYS144,3.276153330542045,2.5,0.0
A,148,ILE,ILE148,3.4686700836840423,4.5,0.0
A,146,CYS,CYS146,3.776639746695922,2.5,0.0
A,170,SER,SER170,4.512538799324514,-0.8,0.0
A,164,TYR,TYR164,4.694996578144218,-1.3,0.0
A,46,ALA,ALA46,4.837052343542927,1.8,0.0
A,117,SER,SER117,4.890186812902602,-0.8,0.0
A,118,LEU,LEU118,4.952881370941438,3.8,0.0
A,172,ASN,ASN172,5.028692425844925,-3.5,0.0
A,149,PRO,PRO149,5.31346637913845,-1.6,0.0
A,48,ALA,ALA48,5.642286801265295,1.8,0.0
A,14,GLY,GLY14,5.7162173435942565,-0.4,0.0
A,171,ASP,ASP171,6.116749284968524,-3.5,-1.0
A,143,VAL,VAL143,6.150685622095103,4.2,0.0
A,16,GLY,GLY16,6.4662176080410125,-0.4,0.0
A,126,ASN,ASN126,6.631010725645168,-3.5,0.0
A,15,CYS,CYS15,6.650702157457092,2.5,0.0
A,120,ARG,ARG120,6.882256286293985,-4.5,1.0
A,226,PHE,PHE226,6.977752091664109,2.8,0.0
A,152,SER,SER152,7.030514343676016,-0.8,0.0
A,157,PRO,PRO157,7.098824630878898,-1.6,0.0
A,142,LEU,LEU142,7.17480652084427,3.8,0.0
A,121,VAL,VAL121,7.339720023863436,4.2,0.0
A,156,PRO,PRO156,7.420793200677839,-1.6,0.0
A,90,LEU,LEU90,7.437656042492337,3.8,0.0
A,141,ALA,ALA141,7.664516647444225,1.8,0.0
A,208,THR,THR208,7.667676220352498,-0.7,0.0
A,45,GLY,GLY45,7.767435120585153,-0.4,0.0
A,13,ALA,ALA13,7.881438081816471,1.8,0.0
A,125,GLU,GLU125,7.934578097994273,-3.5,-1.0
A,124,GLY,GLY124,7.989295003931441,-0.4,0.0
A,49,GLY,GLY49,7.997473687835787,-0.4,0.0
