Chain,Residue_Number,Residue_Name,Residue,Atom,Element,Minimum_Distance_A
A,13,ALA,ALA13,C,C,7.881438081816471
A,14,GLY,GLY14,N,N,6.625725182458036
A,14,GLY,GLY14,CA,C,5.7162173435942565
A,14,GLY,GLY14,C,C,6.442996480336607
A,14,GLY,GLY14,O,O,6.958826330963471
A,15,CYS,CYS15,N,N,6.650702157457092
A,15,CYS,CYS15,CA,C,7.561532766798946
A,15,CYS,CYS15,C,C,7.487486272443508
A,16,GLY,GLY16,N,N,6.4662176080410125
A,16,GLY,GLY16,CA,C,6.7287645259803215
A,45,GLY,GLY45,C,C,7.767435120585153
A,45,GLY,GLY45,O,O,7.800945753109921
A,46,ALA,ALA46,N,N,6.755209901506133
A,46,ALA,ALA46,CA,C,5.33591353010665
A,46,ALA,ALA46,C,C,4.9210683531018855
A,46,ALA,ALA46,O,O,5.592348007221594
A,46,ALA,ALA46,CB,C,4.837052343542927
A,47,SER,SER47,N,N,4.267484771768836
A,47,SER,SER47,CA,C,4.205552039634815
A,47,SER,SER47,C,C,5.43727524982511
A,47,SER,SER47,O,O,6.472523013448049
A,47,SER,SER47,CB,C,3.163252257193537
A,47,SER,SER47,OG,O,2.6687484660904937
A,48,ALA,ALA48,N,N,5.642286801265295
A,48,ALA,ALA48,CA,C,7.027501617619005
A,48,ALA,ALA48,CB,C,7.303312926009613
A,49,GLY,GLY49,N,N,7.997473687835787
A,90,LEU,LEU90,CD2,C,7.437656042492337
A,117,SER,SER117,N,N,7.622093422668768
A,117,SER,SER117,CA,C,6.703823749951573
A,117,SER,SER117,C,C,5.535490565015866
A,117,SER,SER117,O,O,4.890186812902602
A,117,SER,SER117,CB,C,6.499981908819425
A,117,SER,SER117,OG,O,5.8700126831672
A,118,LEU,LEU118,N,N,5.613248682203322
A,118,LEU,LEU118,CA,C,4.965304331163278
A,118,LEU,LEU118,C,C,4.952881370941438
A,118,LEU,LEU118,O,O,5.912255642373014
A,118,LEU,LEU118,CB,C,6.123281104516139
A,118,LEU,LEU118,CG,C,6.852258372766746
A,118,LEU,LEU118,CD2,C,6.203915366648802
A,119,THR,THR119,N,N,4.237839848713455
A,119,THR,THR119,CA,C,4.601778852908568
A,119,THR,THR119,C,C,5.6305664585528605
A,119,THR,THR119,O,O,5.376056131792946
A,119,THR,THR119,CB,C,3.6706212522306085
A,119,THR,THR119,CG2,C,4.782745678912535
A,119,THR,THR119,OG1,O,3.0484069091832633
A,120,ARG,ARG120,N,N,6.882256286293985
A,121,VAL,VAL121,CG2,C,7.339720023863436
A,124,GLY,GLY124,O,O,7.989295003931441
A,125,GLU,GLU125,O,O,7.934578097994273
A,126,ASN,ASN126,CG,C,7.862415384748224
A,126,ASN,ASN126,ND2,N,6.631010725645168
A,141,ALA,ALA141,O,O,7.664516647444225
A,142,LEU,LEU142,O,O,7.17480652084427
A,143,VAL,VAL143,C,C,6.881823416830179
A,143,VAL,VAL143,O,O,6.150685622095103
A,144,CYS,CYS144,N,N,6.709938615061098
A,144,CYS,CYS144,CA,C,5.561549737701404
A,144,CYS,CYS144,C,C,4.452455549512183
A,144,CYS,CYS144,O,O,3.276153330542045
A,144,CYS,CYS144,CB,C,6.265512695036644
A,144,CYS,CYS144,SG,S,7.588946711538246
A,145,SER,SER145,N,N,4.911991616645393
A,145,SER,SER145,CA,C,4.217363262373541
A,145,SER,SER145,C,C,3.741296747532334
A,145,SER,SER145,O,O,2.994586155719861
A,145,SER,SER145,CB,C,5.468260284023518
A,145,SER,SER145,OG,O,5.23187754530685
A,146,CYS,CYS146,N,N,4.4190526061570825
A,146,CYS,CYS146,CA,C,3.776639746695922
A,146,CYS,CYS146,C,C,3.9283372194102073
A,146,CYS,CYS146,O,O,4.129038961909914
A,146,CYS,CYS146,CB,C,4.93278405006421
A,146,CYS,CYS146,SG,S,5.409447969020175
A,147,PHE,PHE147,N,N,4.0572977730206174
A,147,PHE,PHE147,CA,C,4.278407045905357
A,147,PHE,PHE147,C,C,3.721610459983076
A,147,PHE,PHE147,O,O,2.8319966389944846
A,147,PHE,PHE147,CB,C,4.5311470214642195
A,147,PHE,PHE147,CG,C,5.427680473998067
A,147,PHE,PHE147,CD1,C,5.211668606631843
A,147,PHE,PHE147,CD2,C,6.79217220005037
A,147,PHE,PHE147,CE1,C,6.435898607600788
A,147,PHE,PHE147,CE2,C,7.775435711977872
A,147,PHE,PHE147,CZ,C,7.621356286070918
A,148,ILE,ILE148,N,N,4.307523268737668
A,148,ILE,ILE148,CA,C,4.526212045810797
A,148,ILE,ILE148,C,C,5.902333697946024
A,148,ILE,ILE148,O,O,6.8624629059175035
A,148,ILE,ILE148,CB,C,4.868587767762015
A,148,ILE,ILE148,CG1,C,3.4686700836840423
A,148,ILE,ILE148,CG2,C,5.6552040165466435
A,148,ILE,ILE148,CD1,C,3.7981199282895046
A,149,PRO,PRO149,N,N,6.1255947471488925
A,149,PRO,PRO149,CA,C,7.343209743299161
A,149,PRO,PRO149,CB,C,7.451341097124903
A,149,PRO,PRO149,CG,C,6.075879551196868
A,149,PRO,PRO149,CD,C,5.31346637913845
A,152,SER,SER152,OG,O,7.030514343676016
A,156,PRO,PRO156,CB,C,7.420793200677839
A,157,PRO,PRO157,CG,C,7.173961115130526
A,157,PRO,PRO157,CD,C,7.098824630878898
A,164,TYR,TYR164,N,N,7.140885480661741
A,164,TYR,TYR164,CA,C,5.895852064608579
A,164,TYR,TYR164,C,C,4.694996578144218
A,164,TYR,TYR164,O,O,4.983774964300357
A,164,TYR,TYR164,CB,C,6.027850924460888
A,164,TYR,TYR164,CG,C,7.342528220652166
A,164,TYR,TYR164,CD1,C,7.597980972154268
A,165,VAL,VAL165,N,N,3.6663322949407386
A,165,VAL,VAL165,CA,C,2.4280530012903876
A,165,VAL,VAL165,C,C,1.3343814416863171
A,165,VAL,VAL165,O,O,2.2694942703981615
A,165,VAL,VAL165,CB,C,2.9824541807801044
A,165,VAL,VAL165,CG1,C,4.400642266950994
A,165,VAL,VAL165,CG2,C,3.563006142270295
A,167,GLY,GLY167,N,N,1.3376822203302476
A,167,GLY,GLY167,CA,C,2.4661324405572627
A,167,GLY,GLY167,C,C,3.0110910356360634
A,167,GLY,GLY167,O,O,3.696408825044668
A,168,GLY,GLY168,N,N,2.771570488516688
A,168,GLY,GLY168,CA,C,3.4483012074059243
A,168,GLY,GLY168,C,C,3.977748322040371
A,168,GLY,GLY168,O,O,5.1428343882797725
A,169,VAL,VAL169,N,N,3.0230886100233816
A,169,VAL,VAL169,CA,C,3.7710408374656077
A,169,VAL,VAL169,C,C,4.665142577267978
A,169,VAL,VAL169,O,O,5.822759663188134
A,169,VAL,VAL169,CB,C,3.3701928519638833
A,169,VAL,VAL169,CG1,C,4.762581054122738
A,169,VAL,VAL169,CG2,C,3.364271304265319
A,170,SER,SER170,N,N,4.512538799324514
A,170,SER,SER170,CA,C,5.784827276361364
A,170,SER,SER170,C,C,6.569580593473312
A,170,SER,SER170,O,O,7.785429023322377
A,170,SER,SER170,CB,C,5.880064488864855
A,170,SER,SER170,OG,O,5.229117692969072
A,171,ASP,ASP171,N,N,6.116749284968524
A,171,ASP,ASP171,CA,C,7.154542460589197
A,171,ASP,ASP171,C,C,6.843152320190894
A,171,ASP,ASP171,O,O,6.436201062341563
A,171,ASP,ASP171,CB,C,7.905778822515063
A,172,ASN,ASN172,N,N,7.030272133730081
A,172,ASN,ASN172,CA,C,6.497251999689278
A,172,ASN,ASN172,C,C,7.447134041409323
A,172,ASN,ASN172,O,O,7.267925317382157
A,172,ASN,ASN172,CB,C,6.687421140990013
A,172,ASN,ASN172,CG,C,6.166288849698933
A,172,ASN,ASN172,ND2,N,7.17554936178264
A,172,ASN,ASN172,OD1,O,5.028692425844925
A,208,THR,THR208,CB,C,7.667676220352498
A,208,THR,THR208,CG2,C,7.73884658193752
A,208,THR,THR208,OG1,O,7.760214815124835
A,226,PHE,PHE226,CD1,C,7.925452253160435
A,226,PHE,PHE226,CE1,C,6.977752091664109
A,226,PHE,PHE226,CZ,C,7.1724096858330215
