Chain,Residue_Number,Residue_Name,Residue,Target_Atom,Neighbor_Atom,Target_Element,Neighbor_Element,Distance_A
A,165,VAL,VAL165,N,C,N,C,1.3343814416863171
A,167,GLY,GLY167,C,N,C,N,1.3376822203302476
A,167,GLY,GLY167,O,N,O,N,2.2598526920074447
A,165,VAL,VAL165,N,O,N,O,2.2694942703981615
A,165,VAL,VAL165,N,CA,N,C,2.4280530012903876
A,167,GLY,GLY167,CA,N,C,N,2.4372722560278555
A,167,GLY,GLY167,C,CA,C,C,2.4661324405572627
A,165,VAL,VAL165,CA,C,C,C,2.4747010132268823
A,47,SER,SER47,OD2,OG,O,O,2.6687484660904937
A,168,GLY,GLY168,OD1,N,O,N,2.771570488516688
A,167,GLY,GLY167,O,CA,O,C,2.8213099793604273
A,147,PHE,PHE147,N,O,N,O,2.8319966389944846
A,165,VAL,VAL165,C,O,C,O,2.8578025322835447
A,165,VAL,VAL165,CA,O,C,O,2.858410296156443
A,167,GLY,GLY167,OD1,N,O,N,2.973475132946466
A,165,VAL,VAL165,C,C,C,C,2.979478388835196
A,165,VAL,VAL165,N,CB,N,C,2.9824541807801044
A,145,SER,SER145,CG,O,C,O,2.994586155719861
A,167,GLY,GLY167,O,C,O,C,3.0110910356360634
A,169,VAL,VAL169,O,N,O,N,3.0230886100233816
A,119,THR,THR119,O,OG1,O,O,3.0484069091832633
A,167,GLY,GLY167,C,C,C,C,3.0798324110300066
A,168,GLY,GLY168,C,N,C,N,3.1273237865717194
A,168,GLY,GLY168,O,N,O,N,3.1381333589614075
A,47,SER,SER47,OD2,CB,O,C,3.163252257193537
A,145,SER,SER145,OD1,O,O,O,3.172234212828868
A,145,SER,SER145,OD2,O,O,O,3.230365484122027
A,145,SER,SER145,CA,O,C,O,3.2494808672993236
A,144,CYS,CYS144,N,O,N,O,3.276153330542045
A,165,VAL,VAL165,O,O,O,O,3.277180640607396
A,165,VAL,VAL165,O,C,O,C,3.3152976780650283
A,169,VAL,VAL169,O,CG2,O,C,3.364271304265319
A,169,VAL,VAL169,O,CB,O,C,3.3701928519638833
A,47,SER,SER47,OD1,CB,O,C,3.4230011232499966
A,168,GLY,GLY168,OD1,CA,O,C,3.4483012074059243
A,167,GLY,GLY167,CB,N,C,N,3.462924748162695
A,148,ILE,ILE148,OD2,CG1,O,C,3.4686700836840423
A,147,PHE,PHE147,CB,O,C,O,3.4921965228163625
A,145,SER,SER145,CB,O,C,O,3.4922181538869435
A,167,GLY,GLY167,N,N,N,N,3.5013970498032907
A,165,VAL,VAL165,N,CG2,N,C,3.563006142270295
A,167,GLY,GLY167,CG,N,C,N,3.5690439209599054
A,47,SER,SER47,CG,OG,C,O,3.5813468521336556
A,144,CYS,CYS144,CA,O,C,O,3.6111985938134143
A,47,SER,SER47,CG,CB,C,C,3.638134266593522
A,165,VAL,VAL165,N,N,N,N,3.6663322949407386
A,119,THR,THR119,O,CB,O,C,3.6706212522306085
A,147,PHE,PHE147,CA,O,C,O,3.695485002996479
A,167,GLY,GLY167,O,O,O,O,3.696408825044668
A,147,PHE,PHE147,N,C,N,C,3.721610459983076
A,165,VAL,VAL165,CB,C,C,C,3.738281418637664
A,145,SER,SER145,CA,C,C,C,3.741296747532334
A,167,GLY,GLY167,OD1,C,O,C,3.749414974534589
A,169,VAL,VAL169,O,CA,O,C,3.7710408374656077
A,146,CYS,CYS146,OD2,CA,O,C,3.776639746695922
A,148,ILE,ILE148,OD2,CD1,O,C,3.7981199282895046
A,165,VAL,VAL165,CA,CA,C,C,3.8271935151955816
A,47,SER,SER47,OD1,OG,O,O,3.8282797026098825
A,167,GLY,GLY167,CA,CA,C,C,3.8309315504634642
A,167,GLY,GLY167,OD1,CA,O,C,3.8637479486346105
A,147,PHE,PHE147,CB,C,C,C,3.8674247415510634
A,119,THR,THR119,C,OG1,C,O,3.8689490665476143
A,145,SER,SER145,C,O,C,O,3.8919555127526175
A,168,GLY,GLY168,CG,N,C,N,3.915574452493827
A,148,ILE,ILE148,CB,CG1,C,C,3.920393654761564
A,146,CYS,CYS146,OD2,C,O,C,3.9283372194102073
A,169,VAL,VAL169,C,N,C,N,3.928356231358687
A,168,GLY,GLY168,O,C,O,C,3.977748322040371
