Residue_Number,Residue,WT_Min_Distance_A,D166V_Min_Distance_A,WT_Contact_Pairs,D166V_Contact_Pairs,Contact_Status
46,ALA,4.837052345275879,,2,0,Lost_in_D166V
47,SER,2.668748617172241,3.5611412525177,13,5,Retained
117,SER,4.890186786651611,4.906130313873291,1,1,Retained
118,LEU,4.952881336212158,4.968440055847168,2,2,Retained
119,THR,3.0484068393707275,3.0484068393707275,8,8,Retained
144,CYS,3.276153326034546,3.278083086013794,6,6,Retained
145,SER,2.994586229324341,3.0017216205596924,18,15,Retained
146,CYS,3.776639699935913,4.232961177825928,17,12,Retained
147,PHE,2.8319966793060303,2.8443551063537598,18,18,Retained
148,ILE,3.468670129776001,3.7507786750793457,12,14,Retained
149,PRO,,4.930628299713135,0,1,Gained_in_D166V
164,TYR,4.6949968338012695,4.685751914978027,2,2,Retained
165,VAL,1.3343814611434937,1.3205974102020264,26,28,Retained
167,GLY,1.3376822471618652,1.3553999662399292,23,19,Retained
168,GLY,2.7715704441070557,3.1381335258483887,14,13,Retained
169,VAL,3.0230886936187744,3.0230886936187744,15,18,Retained
170,SER,4.512538909912109,4.512538909912109,1,1,Retained
