Residue_Number,WT_Residue,D166V_Residue,WT_Present,D166V_Present,Residue_Identity_Changed
14,GLY,GLY,True,True,False
46,ALA,ALA,True,True,False
47,SER,SER,True,True,False
48,ALA,ALA,True,True,False
117,SER,SER,True,True,False
118,LEU,LEU,True,True,False
119,THR,THR,True,True,False
120,ARG,ARG,True,True,False
121,VAL,VAL,True,True,False
126,ASN,ASN,True,True,False
141,ALA,ALA,True,True,False
142,LEU,LEU,True,True,False
143,VAL,VAL,True,True,False
144,CYS,CYS,True,True,False
145,SER,SER,True,True,False
146,CYS,CYS,True,True,False
147,PHE,PHE,True,True,False
148,ILE,ILE,True,True,False
149,PRO,PRO,True,True,False
156,PRO,PRO,True,True,False
164,TYR,TYR,True,True,False
165,VAL,VAL,True,True,False
166,ASP,VAL,True,True,True
167,GLY,GLY,True,True,False
168,GLY,GLY,True,True,False
169,VAL,VAL,True,True,False
170,SER,SER,True,True,False
171,ASP,ASP,True,True,False
172,ASN,ASN,True,True,False
