Priority_Rank,D166V_Pocket_ID,WT_Pocket_ID,Match_Status,Remodeling_Category,Druggability,Pocket_Score,Volume_A3,D166_Distance_A,D166_Distance_Category,D166_Directly_Lining,Lining_Jaccard,Mutation_Remodeling_Score,Druggability_Normalized,Pocket_Score_Normalized,Volume_Suitability,D166_Proximity_Score,Prioritization_Score,Prioritization_Percent
1,1,1,Matched,Minor remodeling,0.851,0.12,602.118,9.456776066833462e-08,Very close (≤5 Å),True,1.0,0.10275000000000001,1.0,1.0,1.0,0.999999990543224,0.7756874981086447,77.56874981086447
2,3,3,Matched,Minor remodeling,0.7,0.108,856.793,7.770686987385868,Close (5–10 Å),False,1.0,0.10125,0.8225616921269094,0.9555555555555555,1.0,0.22293130126141325,0.5600006012236887,56.000060122368865
3,23,23,Matched,Minor remodeling,0.371,-0.057,581.964,3.211489446394329,Very close (≤5 Å),False,1.0,0.1,0.43595769682726204,0.34444444444444444,1.0,0.6788510553605671,0.44322418678695874,44.322418678695875
4,4,4,Matched,Minor remodeling,0.036,0.092,225.655,3.561141005627676,Very close (≤5 Å),False,1.0,0.1,0.04230317273795534,0.8962962962962963,1.0,0.6438858994372324,0.4009125761532776,40.091257615327756
5,7,7,Matched,Minor remodeling,0.001,0.076,215.854,8.420792280003294,Close (5–10 Å),False,1.0,0.1,0.0011750881316098707,0.8370370370370369,1.0,0.15792077199967058,0.2824922363949727,28.249223639497266
6,2,2,Matched,Minor remodeling,0.001,0.109,775.763,28.91936920262313,Remote (>15 Å),False,1.0,0.1,0.0011750881316098707,0.9592592592592593,1.0,0.0,0.26924141532837187,26.924141532837186
7,17,17,Matched,Minor remodeling,0.0,-0.011,955.144,6.801342670550406,Close (5–10 Å),False,1.0,0.1,0.0,0.5148148148148147,1.0,0.31986573294495935,0.26619536881121414,26.619536881121412
8,5,5,Matched,Minor remodeling,0.005,0.088,217.584,26.538794221608224,Remote (>15 Å),False,1.0,0.1,0.005875440658049354,0.8814814814814814,1.0,0.0,0.25898485441963703,25.898485441963704
9,6,6,Matched,Minor remodeling,0.009,0.082,601.839,15.535332239266202,Remote (>15 Å),False,1.0,0.1,0.010575793184488836,0.8592592592592592,1.0,0.0,0.2570616268442355,25.70616268442355
10,10,10,Matched,Minor remodeling,0.03,0.035,442.198,22.856139107396253,Remote (>15 Å),False,1.0,0.1,0.03525264394829612,0.6851851851851851,1.0,0.0,0.2383535709622666,23.83535709622666
11,19,19,Matched,Minor remodeling,0.003,-0.026,436.196,8.243336526980201,Close (5–10 Å),False,1.0,0.1,0.0035252643948296123,0.4592592592592592,1.0,0.17566634730197994,0.23007973766773376,23.007973766773375
12,9,9,Matched,Minor remodeling,0.0,0.037,382.519,29.57955341364924,Remote (>15 Å),False,1.0,0.1,0.0,0.6925925925925925,1.0,0.0,0.2288888888888889,22.88888888888889
13,11,11,Matched,Minor remodeling,0.006,0.028,378.645,24.107321220672954,Remote (>15 Å),False,1.0,0.1,0.007050528789659225,0.6592592592592592,1.0,0.0,0.22600404752578665,22.600404752578665
14,12,12,Matched,Minor remodeling,0.001,0.021,461.133,16.352568152381334,Remote (>15 Å),False,1.0,0.1,0.0011750881316098707,0.6333333333333332,1.0,0.0,0.22035252643948292,22.03525264394829
15,13,13,Matched,Minor remodeling,0.001,0.018,292.278,10.224897364442365,Moderate (10–15 Å),False,1.0,0.1,0.0011750881316098707,0.6222222222222221,1.0,0.0,0.21868585977281627,21.868585977281626
16,14,14,Matched,Minor remodeling,0.001,0.014,155.372,18.159208019216944,Remote (>15 Å),False,1.0,0.1,0.0011750881316098707,0.6074074074074074,1.0,0.0,0.21646363755059406,21.646363755059404
17,15,15,Matched,Minor remodeling,0.0,0.014,137.794,14.685046189785135,Moderate (10–15 Å),False,1.0,0.1,0.0,0.6074074074074074,0.9186266666666667,0.0,0.20797377777777779,20.79737777777778
18,16,16,Matched,Minor remodeling,0.0,-0.009,207.401,21.376586137990788,Remote (>15 Å),False,1.0,0.1,0.0,0.5222222222222221,1.0,0.0,0.20333333333333334,20.333333333333332
19,18,18,Matched,Minor remodeling,0.002,-0.013,482.498,12.121643694606188,Moderate (10–15 Å),False,1.0,0.1,0.0023501762632197414,0.5074074074074073,1.0,0.0,0.201816163990077,20.1816163990077
20,26,26,Matched,Minor remodeling,0.001,-0.072,355.872,8.382127942263196,Close (5–10 Å),False,1.0,0.1,0.0011750881316098707,0.28888888888888886,1.0,0.16178720577368044,0.20104330092755238,20.104330092755237
21,20,20,Matched,Minor remodeling,0.0,-0.04,200.406,28.89134429651744,Remote (>15 Å),False,1.0,0.1,0.0,0.40740740740740733,1.0,0.0,0.1861111111111111,18.611111111111107
22,8,8,Matched,Minor remodeling,0.0,0.038,1438.733,14.368502625250338,Moderate (10–15 Å),False,1.0,0.1,0.0,0.6962962962962963,0.5612670000000001,0.0,0.18557114444444445,18.557114444444444
23,33,33,Matched,Minor remodeling,0.004,-0.115,535.204,8.13907272840918,Close (5–10 Å),False,1.0,0.1,0.004700352526439483,0.1296296296296296,1.0,0.18609272715908198,0.1830730956341927,18.30730956341927
24,21,21,Matched,Minor remodeling,0.001,-0.049,286.456,12.019109804933395,Moderate (10–15 Å),False,1.0,0.1,0.0011750881316098707,0.374074074074074,1.0,0.0,0.18146363755059405,18.146363755059404
25,22,22,Matched,Minor remodeling,0.0,-0.053,290.727,40.66986904350631,Remote (>15 Å),False,1.0,0.1,0.0,0.3592592592592592,1.0,0.0,0.17888888888888888,17.888888888888886
26,25,25,Matched,Minor remodeling,0.001,-0.059,159.405,13.371936449350628,Moderate (10–15 Å),False,1.0,0.1,0.0011750881316098707,0.337037037037037,1.0,0.0,0.17590808199503852,17.59080819950385
27,24,24,Matched,Minor remodeling,0.001,-0.059,416.823,25.024279817134275,Remote (>15 Å),False,1.0,0.1,0.0011750881316098707,0.337037037037037,1.0,0.0,0.17590808199503852,17.59080819950385
28,27,27,Matched,Minor remodeling,0.0,-0.075,289.345,25.183534041952157,Remote (>15 Å),False,1.0,0.1,0.0,0.27777777777777773,1.0,0.0,0.16666666666666666,16.666666666666664
29,28,28,Matched,Minor remodeling,0.003,-0.08,419.318,14.800275200663055,Moderate (10–15 Å),False,1.0,0.1,0.0035252643948296123,0.2592592592592592,1.0,0.0,0.16494646820733774,16.494646820733774
30,29,29,Matched,Minor remodeling,0.0,-0.082,174.665,37.99722889358476,Remote (>15 Å),False,1.0,0.1,0.0,0.2518518518518518,1.0,0.0,0.16277777777777777,16.27777777777778
31,30,30,Matched,Minor remodeling,0.002,-0.091,417.859,17.000307734026112,Remote (>15 Å),False,1.0,0.1,0.0023501762632197414,0.2185185185185185,1.0,0.0,0.1584828306567437,15.848283065674371
32,31,31,Matched,Minor remodeling,0.0,-0.101,345.053,14.233174891061305,Moderate (10–15 Å),False,1.0,0.1,0.0,0.18148148148148144,1.0,0.0,0.1522222222222222,15.22222222222222
33,35,35,Matched,Minor remodeling,0.0,-0.15,321.008,8.682131596883641,Close (5–10 Å),False,1.0,0.1,0.0,0.0,1.0,0.1317868403116359,0.1513573680623272,15.13573680623272
34,34,34,Matched,Minor remodeling,0.0,-0.124,210.787,9.658902077347634,Close (5–10 Å),False,1.0,0.1,0.0,0.09629629629629627,1.0,0.034109792265236694,0.1462664028974918,14.62664028974918
35,32,32,Matched,Minor remodeling,0.0,-0.112,239.379,12.307474660423864,Moderate (10–15 Å),False,1.0,0.1,0.0,0.1407407407407407,1.0,0.0,0.1461111111111111,14.61111111111111
