D166V_Pocket_ID,WT_Pocket_ID,D166V_Druggability,D166V_Pocket_Score,D166V_Volume_A3,D166V_D166_Distance_A,WT_D166_Distance_A,Mutation_Proximal,Mutation_Sensitivity_Score,WT_D166V_Lining_Jaccard,Remodeling_Category,D166_Directly_Lining_Pocket,Normalized_Druggability,Normalized_Pocket_Score,Volume_Suitability_Score,D166_Proximity_Score,Therapeutic_Pocket_Score,Therapeutic_Pocket_Rank,Therapeutic_Interpretation
1,1,,,,9.456776066833462e-08,1.2783505324968124e-07,True,,1.0,Conserved-like,True,0.0,0.0,,0.999999990543224,,1,Lower-priority pocket
23,23,,,,3.211489446394329,3.3642714749490152,True,,1.0,Conserved-like,False,0.0,0.0,,0.6788510553605671,,2,Lower-priority pocket
4,4,,,,3.561141005627676,2.6687483748455696,True,,1.0,Conserved-like,False,0.0,0.0,,0.6438858994372324,,3,Lower-priority pocket
17,17,,,,6.801342670550406,6.792172335840767,True,,1.0,Conserved-like,False,0.0,0.0,,0.31986573294495935,,4,Lower-priority pocket
3,3,,,,7.770686987385868,7.303312993050841,True,,1.0,Conserved-like,False,0.0,0.0,,0.22293130126141325,,5,Lower-priority pocket
33,33,,,,8.13907272840918,8.13907272840918,True,,1.0,Conserved-like,False,0.0,0.0,,0.18609272715908198,,6,Lower-priority pocket
19,19,,,,8.243336526980201,7.925452166985201,True,,1.0,Conserved-like,False,0.0,0.0,,0.17566634730197994,,7,Lower-priority pocket
26,26,,,,8.382127942263196,8.55491915202908,True,,1.0,Conserved-like,False,0.0,0.0,,0.16178720577368044,,8,Lower-priority pocket
7,7,,,,8.420792280003294,8.433101234416007,True,,1.0,Conserved-like,False,0.0,0.0,,0.15792077199967058,,9,Lower-priority pocket
35,35,,,,8.682131596883641,8.680673447418096,True,,1.0,Conserved-like,False,0.0,0.0,,0.1317868403116359,,10,Lower-priority pocket
34,34,,,,9.658902077347634,10.881395006409205,True,,1.0,Conserved-like,False,0.0,0.0,,0.034109792265236694,,11,Lower-priority pocket
2,2,,,,28.91936920262313,28.30449072891779,False,,1.0,Conserved-like,False,0.0,0.0,,0.0,,12,Lower-priority pocket
5,5,,,,26.538794221608224,25.63364929400986,False,,1.0,Conserved-like,False,0.0,0.0,,0.0,,13,Lower-priority pocket
6,6,,,,15.535332239266202,14.634953354134625,False,,1.0,Conserved-like,False,0.0,0.0,,0.0,,14,Lower-priority pocket
8,8,,,,14.368502625250338,13.23554488018137,False,,1.0,Conserved-like,False,0.0,0.0,,0.0,,15,Lower-priority pocket
9,9,,,,29.57955341364924,28.361837880787057,False,,1.0,Conserved-like,False,0.0,0.0,,0.0,,16,Lower-priority pocket
10,10,,,,22.856139107396253,21.78961129854035,False,,1.0,Conserved-like,False,0.0,0.0,,0.0,,17,Lower-priority pocket
11,11,,,,24.107321220672954,23.01131920574457,False,,1.0,Conserved-like,False,0.0,0.0,,0.0,,18,Lower-priority pocket
12,12,,,,16.352568152381334,16.33181386881403,False,,1.0,Conserved-like,False,0.0,0.0,,0.0,,19,Lower-priority pocket
13,13,,,,10.224897364442365,10.224897364442365,False,,1.0,Conserved-like,False,0.0,0.0,,0.0,,20,Lower-priority pocket
14,14,,,,18.159208019216944,18.148507899547408,False,,1.0,Conserved-like,False,0.0,0.0,,0.0,,21,Lower-priority pocket
15,15,,,,14.685046189785135,14.673827431826746,False,,1.0,Conserved-like,False,0.0,0.0,,0.0,,22,Lower-priority pocket
16,16,,,,21.376586137990788,20.80497695789175,False,,1.0,Conserved-like,False,0.0,0.0,,0.0,,23,Lower-priority pocket
18,18,,,,12.121643694606188,12.605407839625776,False,,1.0,Conserved-like,False,0.0,0.0,,0.0,,24,Lower-priority pocket
20,20,,,,28.89134429651744,27.89086621298941,False,,1.0,Conserved-like,False,0.0,0.0,,0.0,,25,Lower-priority pocket
21,21,,,,12.019109804933395,10.855967353201232,False,,1.0,Conserved-like,False,0.0,0.0,,0.0,,26,Lower-priority pocket
22,22,,,,40.66986904350631,39.579021727738365,False,,1.0,Conserved-like,False,0.0,0.0,,0.0,,27,Lower-priority pocket
24,24,,,,25.024279817134275,24.280986740023216,False,,1.0,Conserved-like,False,0.0,0.0,,0.0,,28,Lower-priority pocket
25,25,,,,13.371936449350628,12.884322338195254,False,,1.0,Conserved-like,False,0.0,0.0,,0.0,,29,Lower-priority pocket
27,27,,,,25.183534041952157,24.4671928167246,False,,1.0,Conserved-like,False,0.0,0.0,,0.0,,30,Lower-priority pocket
28,28,,,,14.800275200663055,14.800275200663055,False,,1.0,Conserved-like,False,0.0,0.0,,0.0,,31,Lower-priority pocket
29,29,,,,37.99722889358476,37.287408845374635,False,,1.0,Conserved-like,False,0.0,0.0,,0.0,,32,Lower-priority pocket
30,30,,,,17.000307734026112,16.32562087335137,False,,1.0,Conserved-like,False,0.0,0.0,,0.0,,33,Lower-priority pocket
31,31,,,,14.233174891061305,13.554619062506221,False,,1.0,Conserved-like,False,0.0,0.0,,0.0,,34,Lower-priority pocket
32,32,,,,12.307474660423864,12.312714394188676,False,,1.0,Conserved-like,False,0.0,0.0,,0.0,,35,Lower-priority pocket
