Structure,Pocket_ID,Pocket_Score,Druggability_Score,Alpha_Sphere_Count,Mean_Alpha_Sphere_Radius_A,Mean_Alpha_Sphere_Solvent_Access,Flexibility,Hydrophobicity_Score,Polarity_Score,Volume_Score,Volume_Monte_Carlo_A3,Volume_Convex_Hull_A3,Charge_Score,Local_Hydrophobic_Density,Apolar_Alpha_Sphere_Count,Apolar_Alpha_Sphere_Proportion,Pocket_Atom_Count,Pocket_Alpha_Sphere_Coordinate_Count,Pocket_Center_X,Pocket_Center_Y,Pocket_Center_Z,Pocket_Center_Method,Distance_Center_to_D166_A,Minimum_Pocket_Atom_to_D166_A,D166_Proximity_Category,D166_Directly_Lining_Pocket,Lining_Residue_Count,Lining_Residues
D166V,1,,,108.0,,,,47.955,5.0,,,,0.0,,,,54,108,6.223898148148151,4.862296296296297,-0.3034259259259259,Mean alpha-sphere vertex coordinates,5.393751348883645,9.456776066833462e-08,Very close (≤5 Å),True,22,A:14:GLY;A:15:CYS;A:16:GLY;A:47:SER;A:148:ILE;A:149:PRO;A:166:VAL;A:168:GLY;A:169:VAL;A:172:ASN;A:187:PHE;A:207:ILE;A:208:THR;A:210:LEU;A:212:LEU;A:222:LEU;A:225:ALA;A:226:PHE;A:452:SER;A:453:SER;A:456:PHE;A:457:PHE
D166V,2,,,53.0,,,,12.25,9.0,,,,-1.0,,,,44,53,-20.028528301886794,-8.03632075471698,17.635924528301892,Mean alpha-sphere vertex coordinates,34.28175914624334,28.91936920262313,Remote (>15 Å),False,16,A:31:GLU;A:32:HIS;A:242:TYR;A:246:PHE;A:250:GLU;A:253:GLY;A:255:CYS;A:257:ARG;A:258:PRO;A:315:SER;A:316:ILE;A:318:ASP;A:319:THR;A:320:LEU;A:321:SER;A:322:PRO
D166V,3,,,116.0,,,,54.5,5.0,,,,2.0,,,,73,116,-11.698025862068965,-1.407594827586207,-4.073465517241379,Mean alpha-sphere vertex coordinates,15.907730928225083,7.770686987385868,Close (5–10 Å),False,24,A:16:GLY;A:19:GLY;A:23:VAL;A:26:THR;A:27:ARG;A:30:SER;A:37:LEU;A:48:ALA;A:51:LEU;A:52:HIS;A:55:GLY;A:56:VAL;A:60:ILE;A:62:LEU;A:65:THR;A:68:VAL;A:69:LEU;A:72:LEU;A:93:PHE;A:94:LEU;A:97:GLY;A:98:LEU;A:101:CYS;A:102:LEU
D166V,4,,,43.0,,,,67.385,2.0,,,,0.0,,,,28,43,-0.005093023255813935,-0.6303255813953488,-6.029976744186047,Mean alpha-sphere vertex coordinates,7.845824240782708,3.561141005627676,Very close (≤5 Å),False,13,A:16:GLY;A:17:PHE;A:47:SER;A:48:ALA;A:51:LEU;A:72:LEU;A:90:LEU;A:94:LEU;A:146:CYS;A:148:ILE;A:151:TYR;A:225:ALA;A:226:PHE
D166V,5,,,19.0,,,,65.125,1.0,,,,0.0,,,,17,19,-12.764684210526315,-17.429210526315796,6.612894736842105,Mean alpha-sphere vertex coordinates,30.2579077640011,26.538794221608224,Remote (>15 Å),False,8,A:239:LEU;A:298:GLY;A:301:LEU;A:302:LEU;A:317:LEU;A:320:LEU;A:325:ALA;A:329:SER
D166V,6,,,58.0,,,,6.25,8.0,,,,2.0,,,,40,58,-8.795293103448273,-7.384431034482759,-14.505689655172414,Mean alpha-sphere vertex coordinates,20.561879091292752,15.535332239266202,Remote (>15 Å),False,12,A:64:GLN;A:67:GLN;A:68:VAL;A:71:ASP;A:74:ARG;A:75:LYS;A:78:SER;A:93:PHE;A:96:GLN;A:97:GLY;A:100:LYS;A:101:CYS
D166V,7,,,26.0,,,,46.714,4.0,,,,1.0,,,,20,26,4.909923076923078,20.911307692307687,-13.678807692307688,Mean alpha-sphere vertex coordinates,13.54308064273952,8.420792280003294,Close (5–10 Å),False,7,A:121:VAL;A:122:SER;A:161:GLY;A:162:VAL;A:163:ARG;A:385:TRP;A:388:TRP
D166V,8,,,121.0,,,,15.333,15.0,,,,3.0,,,,74,121,2.254132231404959,-16.276074380165284,-9.141768595041322,Mean alpha-sphere vertex coordinates,23.535917031796693,14.368502625250338,Moderate (10–15 Å),False,27,A:73:VAL;A:74:ARG;A:76:ALA;A:77:ARG;A:78:SER;A:79:ARG;A:80:ASN;A:81:ILE;A:82:GLY;A:83:ILE;A:84:PHE;A:227:VAL;A:228:PRO;A:230:ASP;A:231:LEU;A:232:LYS;A:297:GLU;A:332:MET;A:333:LYS;A:334:ASP;A:336:GLY;A:340:SER;A:343:CYS;A:344:ASN;A:349:ARG;A:352:SER;A:353:TYR
D166V,9,,,17.0,,,,-9.857,5.0,,,,0.0,,,,17,17,-8.074,-26.307294117647064,-9.530764705882353,Mean alpha-sphere vertex coordinates,34.94120727452716,29.57955341364924,Remote (>15 Å),False,7,A:297:GLU;A:333:LYS;A:334:ASP;A:336:GLY;A:337:GLY;A:338:TYR;A:341:LYS
D166V,10,,,51.0,,,,16.0,7.0,,,,-2.0,,,,34,51,-4.845960784313727,-21.098352941176476,3.475803921568627,Mean alpha-sphere vertex coordinates,29.629366670455102,22.856139107396253,Remote (>15 Å),False,11,A:232:LYS;A:233:VAL;A:236:GLU;A:297:GLU;A:300:GLU;A:301:LEU;A:303:ASP;A:304:HIS;A:307:LEU;A:329:SER;A:332:MET
D166V,11,,,31.0,,,,-14.143,5.0,,,,-2.0,,,,26,31,-20.651548387096774,-14.321612903225807,-0.4623548387096774,Mean alpha-sphere vertex coordinates,31.11420788987299,24.107321220672954,Remote (>15 Å),False,7,A:63:GLU;A:322:PRO;A:323:ARG;A:326:THR;A:327:ALA;A:330:GLU;A:331:GLU
D166V,12,,,46.0,,,,25.667,7.0,,,,1.0,,,,31,46,-13.476021739130438,18.20165217391304,8.05154347826087,Mean alpha-sphere vertex coordinates,21.624179208299143,16.352568152381334,Remote (>15 Å),False,12,A:6:ARG;A:7:GLY;A:8:TRP;A:9:SER;A:41:ARG;A:42:MET;A:44:PHE;A:112:GLY;A:176:ILE;A:177:ASP;A:180:THR;A:181:THR
D166V,13,,,18.0,,,,-8.25,3.0,,,,-1.0,,,,18,18,0.9743333333333329,14.180444444444444,9.437888888888887,Mean alpha-sphere vertex coordinates,13.981295259537685,10.224897364442365,Moderate (10–15 Å),False,4,A:171:ASP;A:175:PHE;A:206:ASP;A:209:LYS
D166V,14,,,16.0,,,,69.75,2.0,,,,1.0,,,,16,16,8.73975,4.282625,-24.023000000000003,Mean alpha-sphere vertex coordinates,19.090989375122856,18.159208019216944,Remote (>15 Å),False,4,A:368:ILE;A:371:ARG;A:372:LEU;A:375:TRP
D166V,15,,,24.0,,,,-9.0,6.0,,,,2.0,,,,19,24,3.271375000000001,-1.9590416666666666,-22.297916666666662,Mean alpha-sphere vertex coordinates,19.449473944738713,14.685046189785135,Moderate (10–15 Å),False,8,A:86:PRO;A:87:SER;A:89:ASN;A:92:LYS;A:367:ALA;A:370:GLN;A:371:ARG;A:374:THR
D166V,16,,,19.0,,,,12.571,5.0,,,,1.0,,,,15,19,5.315947368421052,-9.588894736842107,-24.147947368421054,Mean alpha-sphere vertex coordinates,25.706425159889562,21.376586137990788,Remote (>15 Å),False,7,A:79:ARG;A:85:HIS;A:87:SER;A:363:GLU;A:366:ILE;A:367:ALA;A:370:GLN
D166V,17,,,83.0,,,,0.474,13.0,,,,-1.0,,,,57,83,2.180421686746987,8.256361445783135,-19.436048192771082,Mean alpha-sphere vertex coordinates,12.913420186158877,6.801342670550406,Close (5–10 Å),False,19,A:89:ASN;A:91:SER;A:95:ARG;A:140:ASP;A:147:PHE;A:152:SER;A:153:GLY;A:154:LEU;A:155:ILE;A:156:PRO;A:157:PRO;A:158:SER;A:163:ARG;A:371:ARG;A:374:THR;A:375:TRP;A:378:ASP;A:381:ASP;A:382:ASP
D166V,18,,,34.0,,,,17.667,3.0,,,,3.0,,,,26,34,20.597029411764705,14.795058823529411,-3.844058823529412,Mean alpha-sphere vertex coordinates,17.887026849311265,12.121643694606188,Moderate (10–15 Å),False,6,A:396:ARG;A:446:PRO;A:447:ARG;A:450:LEU;A:451:ARG;A:454:LEU
D166V,19,,,29.0,,,,82.7,2.0,,,,0.0,,,,28,29,11.032482758620688,-1.8735517241379307,-1.7918965517241379,Mean alpha-sphere vertex coordinates,11.924831657290493,8.243336526980201,Close (5–10 Å),False,10,A:83:ILE;A:84:PHE;A:151:TYR;A:219:LEU;A:222:LEU;A:223:SER;A:226:PHE;A:227:VAL;A:456:PHE;A:457:PHE
D166V,20,,,19.0,,,,9.286,3.0,,,,1.0,,,,16,19,-16.643473684210527,-19.89494736842105,4.2511052631578945,Mean alpha-sphere vertex coordinates,33.540985534288524,28.89134429651744,Remote (>15 Å),False,7,A:294:VAL;A:295:ARG;A:298:GLY;A:322:PRO;A:325:ALA;A:326:THR;A:329:SER
D166V,21,,,15.0,,,,24.182,7.0,,,,-1.0,,,,19,15,-3.1939333333333333,10.3896,13.235466666666667,Mean alpha-sphere vertex coordinates,18.214575569222305,12.019109804933395,Moderate (10–15 Å),False,11,A:1:MET;A:173:VAL;A:175:PHE;A:178:ALA;A:181:THR;A:183:THR;A:190:GLU;A:191:TYR;A:192:ASP;A:209:LYS;A:211:SER
D166V,22,,,19.0,,,,23.25,2.0,,,,0.0,,,,15,19,-23.118894736842105,-29.88626315789474,2.2953684210526313,Mean alpha-sphere vertex coordinates,44.841656020715156,40.66986904350631,Remote (>15 Å),False,4,A:288:GLU;A:291:ALA;A:292:LEU;A:295:ARG
D166V,23,,,60.0,,,,48.0,3.0,,,,1.0,,,,42,60,12.42466666666667,9.418716666666665,-7.342333333333332,Mean alpha-sphere vertex coordinates,8.829834093507497,3.211489446394329,Very close (≤5 Å),False,15,A:119:THR;A:120:ARG;A:121:VAL;A:124:GLY;A:149:PRO;A:150:PHE;A:156:PRO;A:165:VAL;A:169:VAL;A:449:ILE;A:450:LEU;A:453:SER;A:454:LEU;A:457:PHE;A:458:LEU
D166V,24,,,27.0,,,,25.571,5.0,,,,2.0,,,,22,27,-3.4503333333333335,-6.481370370370372,23.233740740740743,Mean alpha-sphere vertex coordinates,30.851591055988553,25.024279817134275,Remote (>15 Å),False,7,A:196:LYS;A:197:VAL;A:198:LYS;A:247:ARG;A:251:GLU;A:310:LEU;A:312:TRP
D166V,25,,,19.0,,,,63.333,2.0,,,,1.0,,,,15,19,10.439473684210524,0.0880526315789474,9.30278947368421,Mean alpha-sphere vertex coordinates,16.902859304827274,13.371936449350628,Moderate (10–15 Å),False,9,A:205:VAL;A:207:ILE;A:212:LEU;A:213:ARG;A:214:LEU;A:215:CYS;A:218:ASN;A:219:LEU;A:222:LEU
D166V,26,,,33.0,,,,56.667,3.0,,,,2.0,,,,21,33,10.735909090909093,-1.2668181818181814,-11.28745454545455,Mean alpha-sphere vertex coordinates,12.845094438899077,8.382127942263196,Close (5–10 Å),False,9,A:83:ILE;A:84:PHE;A:85:HIS;A:86:PRO;A:88:PHE;A:150:PHE;A:151:TYR;A:371:ARG;A:457:PHE
D166V,27,,,17.0,,,,9.667,5.0,,,,1.0,,,,16,17,-13.31894117647059,16.89011764705882,19.827470588235297,Mean alpha-sphere vertex coordinates,29.53160529332365,25.183534041952157,Remote (>15 Å),False,6,A:1:MET;A:2:TYR;A:3:ASP;A:6:ARG;A:179:LYS;A:180:THR
D166V,28,,,27.0,,,,10.714,4.0,,,,2.0,,,,24,27,19.14962962962963,24.202666666666662,-6.050777777777777,Mean alpha-sphere vertex coordinates,21.24678203033059,14.800275200663055,Moderate (10–15 Å),False,7,A:395:THR;A:396:ARG;A:399:MET;A:400:CYS;A:445:THR;A:446:PRO;A:447:ARG
D166V,29,,,16.0,,,,-29.0,2.0,,,,1.0,,,,12,16,-26.7183125,-8.045625000000001,22.459187500000002,Mean alpha-sphere vertex coordinates,41.80719276267706,37.99722889358476,Remote (>15 Å),False,4,A:257:ARG;A:258:PRO;A:259:GLN;A:260:PRO
D166V,30,,,40.0,,,,40.857,7.0,,,,2.0,,,,33,40,-0.2774250000000001,-10.622924999999999,10.616275,Mean alpha-sphere vertex coordinates,22.86609071700773,17.000307734026112,Remote (>15 Å),False,14,A:188:TYR;A:196:LYS;A:197:VAL;A:198:LYS;A:217:GLY;A:220:TYR;A:221:LEU;A:233:VAL;A:236:GLU;A:237:ILE;A:240:ARG;A:305:LEU;A:308:SER;A:310:LEU
D166V,31,,,27.0,,,,9.667,7.0,,,,3.0,,,,24,27,-0.5309629629629629,-4.781666666666667,-19.00462962962963,Mean alpha-sphere vertex coordinates,18.846845167256568,14.233174891061305,Moderate (10–15 Å),False,9,A:75:LYS;A:79:ARG;A:87:SER;A:88:PHE;A:89:ASN;A:92:LYS;A:93:PHE;A:96:GLN;A:370:GLN
D166V,32,,,19.0,,,,20.0,4.0,,,,0.0,,,,15,19,1.3277894736842106,19.078157894736844,-20.026578947368417,Mean alpha-sphere vertex coordinates,16.547555395953708,12.307474660423864,Moderate (10–15 Å),False,6,A:158:SER;A:161:GLY;A:163:ARG;A:381:ASP;A:384:LEU;A:385:TRP
D166V,33,,,52.0,,,,37.538,6.0,,,,0.0,,,,39,52,12.208730769230767,19.251230769230766,-8.948076923076922,Mean alpha-sphere vertex coordinates,13.634742547779984,8.13907272840918,Close (5–10 Å),False,13,A:121:VAL;A:122:SER;A:123:ASP;A:124:GLY;A:385:TRP;A:388:TRP;A:389:VAL;A:392:GLN;A:393:VAL;A:396:ARG;A:446:PRO;A:449:ILE;A:450:LEU
D166V,34,,,16.0,,,,41.5,2.0,,,,0.0,,,,13,16,13.928999999999998,6.605437500000001,4.122562500000001,Mean alpha-sphere vertex coordinates,13.0225787777303,9.658902077347634,Close (5–10 Å),False,4,A:207:ILE;A:452:SER;A:455:ASN;A:456:PHE
D166V,35,,,18.0,,,,-10.25,6.0,,,,1.0,,,,21,18,-1.0808333333333333,4.495,-20.041333333333327,Mean alpha-sphere vertex coordinates,14.898480836600925,8.682131596883641,Close (5–10 Å),False,8,A:89:ASN;A:91:SER;A:92:LYS;A:95:ARG;A:143:VAL;A:157:PRO;A:374:THR;A:378:ASP
