WT_Pocket_ID,D166V_Pocket_ID,Retained_Lining_Positions,Lost_Lining_Positions,Gained_Lining_Positions,Lining_Identity_Changes,Retained_Count,Lost_Count,Gained_Count,Identity_Change_Count
2,2,A:242;A:246;A:250;A:253;A:255;A:257;A:258;A:31;A:315;A:316;A:318;A:319;A:32;A:320;A:321;A:322,,,,16,0,0,0
5,5,A:239;A:298;A:301;A:302;A:317;A:320;A:325;A:329,,,,8,0,0,0
6,6,A:100;A:101;A:64;A:67;A:68;A:71;A:74;A:75;A:78;A:93;A:96;A:97,,,,12,0,0,0
7,7,A:121;A:122;A:161;A:162;A:163;A:385;A:388,,,,7,0,0,0
8,8,A:227;A:228;A:230;A:231;A:232;A:297;A:332;A:333;A:334;A:336;A:340;A:343;A:344;A:349;A:352;A:353;A:73;A:74;A:76;A:77;A:78;A:79;A:80;A:81;A:82;A:83;A:84,,,,27,0,0,0
9,9,A:297;A:333;A:334;A:336;A:337;A:338;A:341,,,,7,0,0,0
10,10,A:232;A:233;A:236;A:297;A:300;A:301;A:303;A:304;A:307;A:329;A:332,,,,11,0,0,0
11,11,A:322;A:323;A:326;A:327;A:330;A:331;A:63,,,,7,0,0,0
12,12,A:112;A:176;A:177;A:180;A:181;A:41;A:42;A:44;A:6;A:7;A:8;A:9,,,,12,0,0,0
13,13,A:171;A:175;A:206;A:209,,,,4,0,0,0
14,14,A:368;A:371;A:372;A:375,,,,4,0,0,0
15,15,A:367;A:370;A:371;A:374;A:86;A:87;A:89;A:92,,,,8,0,0,0
16,16,A:363;A:366;A:367;A:370;A:79;A:85;A:87,,,,7,0,0,0
17,17,A:140;A:147;A:152;A:153;A:154;A:155;A:156;A:157;A:158;A:163;A:371;A:374;A:375;A:378;A:381;A:382;A:89;A:91;A:95,,,,19,0,0,0
18,18,A:396;A:446;A:447;A:450;A:451;A:454,,,,6,0,0,0
20,20,A:294;A:295;A:298;A:322;A:325;A:326;A:329,,,,7,0,0,0
22,22,A:288;A:291;A:292;A:295,,,,4,0,0,0
24,24,A:196;A:197;A:198;A:247;A:251;A:310;A:312,,,,7,0,0,0
25,25,A:205;A:207;A:212;A:213;A:214;A:215;A:218;A:219;A:222,,,,9,0,0,0
27,27,A:1;A:179;A:180;A:2;A:3;A:6,,,,6,0,0,0
28,28,A:395;A:396;A:399;A:400;A:445;A:446;A:447,,,,7,0,0,0
29,29,A:257;A:258;A:259;A:260,,,,4,0,0,0
31,31,A:370;A:75;A:79;A:87;A:88;A:89;A:92;A:93;A:96,,,,9,0,0,0
32,32,A:158;A:161;A:163;A:381;A:384;A:385,,,,6,0,0,0
33,33,A:121;A:122;A:123;A:124;A:385;A:388;A:389;A:392;A:393;A:396;A:446;A:449;A:450,,,,13,0,0,0
34,34,A:207;A:452;A:455;A:456,,,,4,0,0,0
35,35,A:143;A:157;A:374;A:378;A:89;A:91;A:92;A:95,,,,8,0,0,0
30,30,A:188;A:196;A:197;A:198;A:217;A:220;A:221;A:233;A:236;A:237;A:240;A:305;A:308;A:310,,,,14,0,0,0
4,4,A:146;A:148;A:151;A:16;A:17;A:225;A:226;A:47;A:48;A:51;A:72;A:90;A:94,,,,13,0,0,0
19,19,A:151;A:219;A:222;A:223;A:226;A:227;A:456;A:457;A:83;A:84,,,,10,0,0,0
21,21,A:1;A:173;A:175;A:178;A:181;A:183;A:190;A:191;A:192;A:209;A:211,,,,11,0,0,0
23,23,A:119;A:120;A:121;A:124;A:149;A:150;A:156;A:165;A:169;A:449;A:450;A:453;A:454;A:457;A:458,,,,15,0,0,0
26,26,A:150;A:151;A:371;A:457;A:83;A:84;A:85;A:86;A:88,,,,9,0,0,0
3,3,A:101;A:102;A:16;A:19;A:23;A:26;A:27;A:30;A:37;A:48;A:51;A:52;A:55;A:56;A:60;A:62;A:65;A:68;A:69;A:72;A:93;A:94;A:97;A:98,,,,24,0,0,0
1,1,A:14;A:148;A:149;A:15;A:16;A:166;A:168;A:169;A:172;A:187;A:207;A:208;A:210;A:212;A:222;A:225;A:226;A:452;A:453;A:456;A:457;A:47,,,A:166:ASP>VAL,22,0,0,1
