Structure,Pocket_ID,Pocket_File,Pocket_Score,Druggability,Volume_A3,Alpha_Sphere_Count,Alpha_Sphere_Radius,Hydrophobicity,Polarity,Charge,B_Factor,Local_Hydrophobic_Density,Apolar_Sphere_Count,Apolar_Sphere_Proportion,Pocket_Center_X,Pocket_Center_Y,Pocket_Center_Z,D166_Center_Distance_A,D166_Min_Pocket_Atom_Distance_A,D166_Distance_Category,D166_Directly_Lining_Pocket,Lining_Residue_Count,Lining_Residues,Alpha_Sphere_Coordinate_Count
WT,1,C:\Users\Asif Computer\Documents\Bioinformatics projects\MASLD_PNPLA3\RESULTS\STEP16_WT_vs_D166V_POCKET_DISCOVERY\pockets\WT\pockets\pocket1_atm.pdb,0.142,0.851,618.25,115.0,3.948,,,,,67.215,,,6.062310344827588,4.958413793103448,-0.22758620689655168,5.820659009403485,1.2783505324968124e-07,Very close (≤5 Å),True,22,A:ALA:225;A:ASN:172;A:ASP:166;A:CYS:15;A:GLY:14;A:GLY:16;A:GLY:168;A:ILE:148;A:ILE:207;A:LEU:210;A:LEU:212;A:LEU:222;A:PHE:187;A:PHE:226;A:PHE:456;A:PHE:457;A:PRO:149;A:SER:452;A:SER:453;A:SER:47;A:THR:208;A:VAL:169,115
WT,2,C:\Users\Asif Computer\Documents\Bioinformatics projects\MASLD_PNPLA3\RESULTS\STEP16_WT_vs_D166V_POCKET_DISCOVERY\pockets\WT\pockets\pocket2_atm.pdb,0.109,0.001,800.599,53.0,3.871,,,,,16.348,,,-18.68531818181818,-7.448363636363635,16.406636363636366,31.770663846008016,28.30449072891779,Remote (>15 Å),False,16,A:ARG:257;A:ASP:318;A:CYS:255;A:GLU:250;A:GLU:31;A:GLY:253;A:HIS:32;A:ILE:316;A:LEU:320;A:PHE:246;A:PRO:258;A:PRO:322;A:SER:315;A:SER:321;A:THR:319;A:TYR:242,53
WT,3,C:\Users\Asif Computer\Documents\Bioinformatics projects\MASLD_PNPLA3\RESULTS\STEP16_WT_vs_D166V_POCKET_DISCOVERY\pockets\WT\pockets\pocket3_atm.pdb,0.108,0.69,863.503,115.0,3.856,,,,,50.262,,,-11.79651388888889,-1.2875416666666668,-3.711888888888888,15.191568755451373,7.303312993050841,Close (5–10 Å),False,24,A:ALA:48;A:ARG:27;A:CYS:101;A:GLY:16;A:GLY:19;A:GLY:55;A:GLY:97;A:HIS:52;A:ILE:60;A:LEU:102;A:LEU:37;A:LEU:51;A:LEU:62;A:LEU:69;A:LEU:72;A:LEU:94;A:LEU:98;A:PHE:93;A:SER:30;A:THR:26;A:THR:65;A:VAL:23;A:VAL:56;A:VAL:68,115
WT,4,C:\Users\Asif Computer\Documents\Bioinformatics projects\MASLD_PNPLA3\RESULTS\STEP16_WT_vs_D166V_POCKET_DISCOVERY\pockets\WT\pockets\pocket4_atm.pdb,0.092,0.036,230.049,43.0,3.865,,,,,37.0,,,0.35664285714285704,-0.9940357142857144,-5.910964285714285,6.8360107104515775,2.6687483748455696,Very close (≤5 Å),False,13,A:ALA:225;A:ALA:48;A:CYS:146;A:GLY:16;A:ILE:148;A:LEU:51;A:LEU:72;A:LEU:90;A:LEU:94;A:PHE:17;A:PHE:226;A:SER:47;A:TYR:151,43
WT,5,C:\Users\Asif Computer\Documents\Bioinformatics projects\MASLD_PNPLA3\RESULTS\STEP16_WT_vs_D166V_POCKET_DISCOVERY\pockets\WT\pockets\pocket5_atm.pdb,0.088,0.005,216.453,19.0,3.645,,,,,13.067,,,-12.328588235294118,-16.977294117647062,7.105823529411765,28.935041302073564,25.63364929400986,Remote (>15 Å),False,8,A:ALA:325;A:GLY:298;A:LEU:239;A:LEU:301;A:LEU:302;A:LEU:317;A:LEU:320;A:SER:329,19
WT,6,C:\Users\Asif Computer\Documents\Bioinformatics projects\MASLD_PNPLA3\RESULTS\STEP16_WT_vs_D166V_POCKET_DISCOVERY\pockets\WT\pockets\pocket6_atm.pdb,0.082,0.009,606.134,58.0,4.012,,,,,27.368,,,-7.689325000000001,-7.060675000000001,-13.376100000000003,18.119470160381386,14.634953354134625,Moderate (10–15 Å),False,12,A:ARG:74;A:ASP:71;A:CYS:101;A:GLN:64;A:GLN:67;A:GLN:96;A:GLY:97;A:LYS:100;A:LYS:75;A:PHE:93;A:SER:78;A:VAL:68,58
WT,7,C:\Users\Asif Computer\Documents\Bioinformatics projects\MASLD_PNPLA3\RESULTS\STEP16_WT_vs_D166V_POCKET_DISCOVERY\pockets\WT\pockets\pocket7_atm.pdb,0.076,0.001,214.762,26.0,4.085,,,,,10.0,,,5.7365,20.04465,-13.3607,12.817138792738568,8.433101234416007,Close (5–10 Å),False,7,A:ARG:163;A:GLY:161;A:SER:122;A:TRP:385;A:TRP:388;A:VAL:121;A:VAL:162,26
WT,8,C:\Users\Asif Computer\Documents\Bioinformatics projects\MASLD_PNPLA3\RESULTS\STEP16_WT_vs_D166V_POCKET_DISCOVERY\pockets\WT\pockets\pocket8_atm.pdb,0.038,0.0,1443.156,121.0,4.128,,,,,17.657,,,1.7565,-15.755135135135136,-9.31298648648649,21.837211918395994,13.23554488018137,Moderate (10–15 Å),False,27,A:ALA:76;A:ARG:349;A:ARG:74;A:ARG:77;A:ARG:79;A:ASN:344;A:ASN:80;A:ASP:230;A:ASP:334;A:CYS:343;A:GLU:297;A:GLY:336;A:GLY:82;A:ILE:81;A:ILE:83;A:LEU:231;A:LYS:232;A:LYS:333;A:MET:332;A:PHE:84;A:PRO:228;A:SER:340;A:SER:352;A:SER:78;A:TYR:353;A:VAL:227;A:VAL:73,121
WT,9,C:\Users\Asif Computer\Documents\Bioinformatics projects\MASLD_PNPLA3\RESULTS\STEP16_WT_vs_D166V_POCKET_DISCOVERY\pockets\WT\pockets\pocket9_atm.pdb,0.037,0.0,378.569,17.0,4.024,,,,,0.667,,,-7.31829411764706,-24.39770588235294,-9.789529411764708,31.729654835902256,28.361837880787057,Remote (>15 Å),False,7,A:ASP:334;A:GLU:297;A:GLY:336;A:GLY:337;A:LYS:333;A:LYS:341;A:TYR:338,17
WT,10,C:\Users\Asif Computer\Documents\Bioinformatics projects\MASLD_PNPLA3\RESULTS\STEP16_WT_vs_D166V_POCKET_DISCOVERY\pockets\WT\pockets\pocket10_atm.pdb,0.035,0.03,457.235,51.0,3.743,,,,,27.706,,,-5.593970588235293,-20.684235294117645,4.612970588235294,28.67318510627646,21.78961129854035,Remote (>15 Å),False,11,A:ASP:303;A:GLU:236;A:GLU:297;A:GLU:300;A:HIS:304;A:LEU:301;A:LEU:307;A:LYS:232;A:MET:332;A:SER:329;A:VAL:233,51
WT,11,C:\Users\Asif Computer\Documents\Bioinformatics projects\MASLD_PNPLA3\RESULTS\STEP16_WT_vs_D166V_POCKET_DISCOVERY\pockets\WT\pockets\pocket11_atm.pdb,0.028,0.006,368.908,31.0,3.888,,,,,11.571,,,-18.865769230769228,-13.441923076923077,0.499,28.448034744424525,23.01131920574457,Remote (>15 Å),False,7,A:ALA:327;A:ARG:323;A:GLU:330;A:GLU:331;A:GLU:63;A:PRO:322;A:THR:326,31
WT,12,C:\Users\Asif Computer\Documents\Bioinformatics projects\MASLD_PNPLA3\RESULTS\STEP16_WT_vs_D166V_POCKET_DISCOVERY\pockets\WT\pockets\pocket12_atm.pdb,0.021,0.001,468.587,46.0,3.737,,,,,9.0,,,-14.008774193548387,17.117967741935484,8.972354838709679,22.032359183651227,16.33181386881403,Remote (>15 Å),False,12,A:ARG:41;A:ARG:6;A:ASP:177;A:GLY:112;A:GLY:7;A:ILE:176;A:MET:42;A:PHE:44;A:SER:9;A:THR:180;A:THR:181;A:TRP:8,46
WT,13,C:\Users\Asif Computer\Documents\Bioinformatics projects\MASLD_PNPLA3\RESULTS\STEP16_WT_vs_D166V_POCKET_DISCOVERY\pockets\WT\pockets\pocket13_atm.pdb,0.018,0.001,284.956,18.0,3.825,,,,,7.778,,,1.4870555555555556,13.185055555555554,8.490888888888886,12.750103130733608,10.224897364442365,Moderate (10–15 Å),False,4,A:ASP:171;A:ASP:206;A:LYS:209;A:PHE:175,18
WT,14,C:\Users\Asif Computer\Documents\Bioinformatics projects\MASLD_PNPLA3\RESULTS\STEP16_WT_vs_D166V_POCKET_DISCOVERY\pockets\WT\pockets\pocket14_atm.pdb,0.014,0.001,155.593,16.0,4.017,,,,,12.0,,,7.328562499999999,3.1830625,-25.728,20.61088827339403,18.148507899547408,Remote (>15 Å),False,4,A:ARG:371;A:ILE:368;A:LEU:372;A:TRP:375,16
WT,15,C:\Users\Asif Computer\Documents\Bioinformatics projects\MASLD_PNPLA3\RESULTS\STEP16_WT_vs_D166V_POCKET_DISCOVERY\pockets\WT\pockets\pocket15_atm.pdb,0.014,0.0,138.028,24.0,3.754,,,,,2.0,,,4.2535263157894745,-1.5403157894736843,-22.84589473684211,19.684960784296194,14.673827431826746,Moderate (10–15 Å),False,8,A:ALA:367;A:ARG:371;A:ASN:89;A:GLN:370;A:LYS:92;A:PRO:86;A:SER:87;A:THR:374,24
WT,16,C:\Users\Asif Computer\Documents\Bioinformatics projects\MASLD_PNPLA3\RESULTS\STEP16_WT_vs_D166V_POCKET_DISCOVERY\pockets\WT\pockets\pocket16_atm.pdb,-0.009,0.0,211.538,19.0,3.978,,,,,11.0,,,6.452000000000001,-8.875066666666667,-24.12526666666666,24.86683955712641,20.80497695789175,Remote (>15 Å),False,7,A:ALA:367;A:ARG:79;A:GLN:370;A:GLU:363;A:HIS:85;A:ILE:366;A:SER:87,19
WT,17,C:\Users\Asif Computer\Documents\Bioinformatics projects\MASLD_PNPLA3\RESULTS\STEP16_WT_vs_D166V_POCKET_DISCOVERY\pockets\WT\pockets\pocket17_atm.pdb,-0.011,0.0,948.211,83.0,4.019,,,,,9.455,,,3.0345964912280707,7.880807017543861,-19.14163157894737,12.636976856281565,6.792172335840767,Close (5–10 Å),False,19,A:ARG:163;A:ARG:371;A:ARG:95;A:ASN:89;A:ASP:140;A:ASP:378;A:ASP:381;A:ASP:382;A:GLY:153;A:ILE:155;A:LEU:154;A:PHE:147;A:PRO:156;A:PRO:157;A:SER:152;A:SER:158;A:SER:91;A:THR:374;A:TRP:375,83
WT,18,C:\Users\Asif Computer\Documents\Bioinformatics projects\MASLD_PNPLA3\RESULTS\STEP16_WT_vs_D166V_POCKET_DISCOVERY\pockets\WT\pockets\pocket18_atm.pdb,-0.013,0.002,455.208,34.0,4.087,,,,,22.0,,,18.771692307692305,14.95684615384615,-2.8606923076923083,16.260114200205116,12.605407839625776,Moderate (10–15 Å),False,6,A:ARG:396;A:ARG:447;A:ARG:451;A:LEU:450;A:LEU:454;A:PRO:446,34
WT,19,C:\Users\Asif Computer\Documents\Bioinformatics projects\MASLD_PNPLA3\RESULTS\STEP16_WT_vs_D166V_POCKET_DISCOVERY\pockets\WT\pockets\pocket19_atm.pdb,-0.026,0.003,426.821,29.0,4.063,,,,,21.75,,,9.379607142857143,-1.7202499999999996,-1.3821785714285715,10.932447505623681,7.925452166985201,Close (5–10 Å),False,10,A:ILE:83;A:LEU:219;A:LEU:222;A:PHE:226;A:PHE:456;A:PHE:457;A:PHE:84;A:SER:223;A:TYR:151;A:VAL:227,29
WT,20,C:\Users\Asif Computer\Documents\Bioinformatics projects\MASLD_PNPLA3\RESULTS\STEP16_WT_vs_D166V_POCKET_DISCOVERY\pockets\WT\pockets\pocket20_atm.pdb,-0.04,0.0,198.495,19.0,3.928,,,,,2.0,,,-16.47425,-18.929375000000004,3.44225,31.497010283662533,27.89086621298941,Remote (>15 Å),False,7,A:ALA:325;A:ARG:295;A:GLY:298;A:PRO:322;A:SER:329;A:THR:326;A:VAL:294,19
WT,21,C:\Users\Asif Computer\Documents\Bioinformatics projects\MASLD_PNPLA3\RESULTS\STEP16_WT_vs_D166V_POCKET_DISCOVERY\pockets\WT\pockets\pocket21_atm.pdb,-0.049,0.001,280.088,15.0,3.962,,,,,7.0,,,-3.8890526315789473,9.62505263157895,12.044368421052631,16.279307079978896,10.855967353201232,Moderate (10–15 Å),False,11,A:ALA:178;A:ASP:192;A:GLU:190;A:LYS:209;A:MET:1;A:PHE:175;A:SER:211;A:THR:181;A:THR:183;A:TYR:191;A:VAL:173,15
WT,22,C:\Users\Asif Computer\Documents\Bioinformatics projects\MASLD_PNPLA3\RESULTS\STEP16_WT_vs_D166V_POCKET_DISCOVERY\pockets\WT\pockets\pocket22_atm.pdb,-0.053,0.0,292.183,19.0,4.103,,,,,6.0,,,-22.25133333333333,-29.526000000000003,0.8134666666666667,42.80612578831307,39.579021727738365,Remote (>15 Å),False,4,A:ALA:291;A:ARG:295;A:GLU:288;A:LEU:292,19
WT,23,C:\Users\Asif Computer\Documents\Bioinformatics projects\MASLD_PNPLA3\RESULTS\STEP16_WT_vs_D166V_POCKET_DISCOVERY\pockets\WT\pockets\pocket23_atm.pdb,-0.057,0.371,590.364,60.0,3.889,,,,,35.564,,,11.832476190476187,9.815166666666666,-6.786833333333332,8.90031119803493,3.3642714749490152,Very close (≤5 Å),False,15,A:ARG:120;A:GLY:124;A:ILE:449;A:LEU:450;A:LEU:454;A:LEU:458;A:PHE:150;A:PHE:457;A:PRO:149;A:PRO:156;A:SER:453;A:THR:119;A:VAL:121;A:VAL:165;A:VAL:169,60
WT,24,C:\Users\Asif Computer\Documents\Bioinformatics projects\MASLD_PNPLA3\RESULTS\STEP16_WT_vs_D166V_POCKET_DISCOVERY\pockets\WT\pockets\pocket24_atm.pdb,-0.059,0.001,433.154,27.0,4.192,,,,,12.571,,,-2.628636363636363,-7.700136363636364,22.001863636363638,29.555336379747526,24.280986740023216,Remote (>15 Å),False,7,A:ARG:247;A:GLU:251;A:LEU:310;A:LYS:196;A:LYS:198;A:TRP:312;A:VAL:197,27
WT,25,C:\Users\Asif Computer\Documents\Bioinformatics projects\MASLD_PNPLA3\RESULTS\STEP16_WT_vs_D166V_POCKET_DISCOVERY\pockets\WT\pockets\pocket25_atm.pdb,-0.059,0.001,157.84,19.0,3.787,,,,,12.0,,,9.608666666666666,-0.4058,9.6796,16.954403285409295,12.884322338195254,Moderate (10–15 Å),False,9,A:ARG:213;A:ASN:218;A:CYS:215;A:ILE:207;A:LEU:212;A:LEU:214;A:LEU:219;A:LEU:222;A:VAL:205,19
WT,26,C:\Users\Asif Computer\Documents\Bioinformatics projects\MASLD_PNPLA3\RESULTS\STEP16_WT_vs_D166V_POCKET_DISCOVERY\pockets\WT\pockets\pocket26_atm.pdb,-0.072,0.001,359.511,33.0,3.966,,,,,14.0,,,9.36190476190476,-1.4169047619047621,-12.478047619047619,13.081176300183042,8.55491915202908,Close (5–10 Å),False,9,A:ARG:371;A:HIS:85;A:ILE:83;A:PHE:150;A:PHE:457;A:PHE:84;A:PHE:88;A:PRO:86;A:TYR:151,33
WT,27,C:\Users\Asif Computer\Documents\Bioinformatics projects\MASLD_PNPLA3\RESULTS\STEP16_WT_vs_D166V_POCKET_DISCOVERY\pockets\WT\pockets\pocket27_atm.pdb,-0.075,0.0,301.907,17.0,4.177,,,,,1.0,,,-13.7149375,16.804375,18.172125,27.879301093290984,24.4671928167246,Remote (>15 Å),False,6,A:ARG:6;A:ASP:3;A:LYS:179;A:MET:1;A:THR:180;A:TYR:2,17
WT,28,C:\Users\Asif Computer\Documents\Bioinformatics projects\MASLD_PNPLA3\RESULTS\STEP16_WT_vs_D166V_POCKET_DISCOVERY\pockets\WT\pockets\pocket28_atm.pdb,-0.08,0.003,426.708,27.0,3.935,,,,,15.556,,,19.311666666666667,23.577125,-7.123958333333333,21.10930113008762,14.800275200663055,Moderate (10–15 Å),False,7,A:ARG:396;A:ARG:447;A:CYS:400;A:MET:399;A:PRO:446;A:THR:395;A:THR:445,27
WT,29,C:\Users\Asif Computer\Documents\Bioinformatics projects\MASLD_PNPLA3\RESULTS\STEP16_WT_vs_D166V_POCKET_DISCOVERY\pockets\WT\pockets\pocket29_atm.pdb,-0.082,0.0,180.989,16.0,3.67,,,,,10.0,,,-26.618499999999997,-8.531833333333333,21.157666666666668,40.43595427451025,37.287408845374635,Remote (>15 Å),False,4,A:ARG:257;A:GLN:259;A:PRO:258;A:PRO:260,16
WT,30,C:\Users\Asif Computer\Documents\Bioinformatics projects\MASLD_PNPLA3\RESULTS\STEP16_WT_vs_D166V_POCKET_DISCOVERY\pockets\WT\pockets\pocket30_atm.pdb,-0.091,0.002,410.576,40.0,3.996,,,,,9.571,,,-0.6974848484848484,-9.866696969696967,10.564454545454547,21.605224462897198,16.32562087335137,Remote (>15 Å),False,14,A:ARG:240;A:GLU:236;A:GLY:217;A:ILE:237;A:LEU:221;A:LEU:305;A:LEU:310;A:LYS:196;A:LYS:198;A:SER:308;A:TYR:188;A:TYR:220;A:VAL:197;A:VAL:233,40
WT,31,C:\Users\Asif Computer\Documents\Bioinformatics projects\MASLD_PNPLA3\RESULTS\STEP16_WT_vs_D166V_POCKET_DISCOVERY\pockets\WT\pockets\pocket31_atm.pdb,-0.101,0.0,346.44,27.0,4.007,,,,,8.0,,,-0.22274999999999992,-3.9817499999999995,-18.47941666666667,17.103640443378552,13.554619062506221,Moderate (10–15 Å),False,9,A:ARG:79;A:ASN:89;A:GLN:370;A:GLN:96;A:LYS:75;A:LYS:92;A:PHE:88;A:PHE:93;A:SER:87,27
WT,32,C:\Users\Asif Computer\Documents\Bioinformatics projects\MASLD_PNPLA3\RESULTS\STEP16_WT_vs_D166V_POCKET_DISCOVERY\pockets\WT\pockets\pocket32_atm.pdb,-0.112,0.0,232.517,19.0,4.003,,,,,0.0,,,2.650866666666667,17.9316,-20.55046666666666,16.28642811644658,12.312714394188676,Moderate (10–15 Å),False,6,A:ARG:163;A:ASP:381;A:GLY:161;A:LEU:384;A:SER:158;A:TRP:385,19
WT,33,C:\Users\Asif Computer\Documents\Bioinformatics projects\MASLD_PNPLA3\RESULTS\STEP16_WT_vs_D166V_POCKET_DISCOVERY\pockets\WT\pockets\pocket33_atm.pdb,-0.115,0.004,528.423,52.0,3.908,,,,,15.158,,,12.20123076923077,20.03792307692307,-9.789589743589744,14.375163004993677,8.13907272840918,Close (5–10 Å),False,13,A:ARG:396;A:ASP:123;A:GLN:392;A:GLY:124;A:ILE:449;A:LEU:450;A:PRO:446;A:SER:122;A:TRP:385;A:TRP:388;A:VAL:121;A:VAL:389;A:VAL:393,52
WT,34,C:\Users\Asif Computer\Documents\Bioinformatics projects\MASLD_PNPLA3\RESULTS\STEP16_WT_vs_D166V_POCKET_DISCOVERY\pockets\WT\pockets\pocket34_atm.pdb,-0.124,0.0,215.277,16.0,4.252,,,,,11.0,,,14.037538461538462,6.637153846153845,1.5605384615384614,12.637411053867663,10.881395006409205,Moderate (10–15 Å),False,4,A:ASN:455;A:ILE:207;A:PHE:456;A:SER:452,16
WT,35,C:\Users\Asif Computer\Documents\Bioinformatics projects\MASLD_PNPLA3\RESULTS\STEP16_WT_vs_D166V_POCKET_DISCOVERY\pockets\WT\pockets\pocket35_atm.pdb,-0.15,0.0,324.343,18.0,4.002,,,,,7.0,,,-1.0294285714285716,3.5044761904761903,-19.26909523809524,14.56331602550756,8.680673447418096,Close (5–10 Å),False,8,A:ARG:95;A:ASN:89;A:ASP:378;A:LYS:92;A:PRO:157;A:SER:91;A:THR:374;A:VAL:143,18
