WT_Pocket_ID,D166V_Pocket_ID,Center_Distance_A,Lining_Jaccard,Match_Status,Remodeling_Category,WT_Structure,D166V_Structure,WT_Pocket_Score,D166V_Pocket_Score,Pocket_Score_Change,WT_Druggability,D166V_Druggability,Druggability_Change,WT_Volume_A3,D166V_Volume_A3,Volume_Change_A3,WT_D166_Distance_A,D166V_D166_Distance_A,WT_D166_Category,D166V_D166_Category,WT_Direct_Lining,D166V_Direct_Lining,WT_Lining_Residues,D166V_Lining_Residues
1,1,0.38607114882100113,1.0,Matched,Minor remodeling,WT,D166V,0.142,0.12,-0.021999999999999992,0.851,0.851,0.0,618.25,602.118,-16.131999999999948,1.2783505324968124e-07,9.456776066833462e-08,Very close (≤5 Å),Very close (≤5 Å),True,True,A:ALA:225;A:ASN:172;A:ASP:166;A:CYS:15;A:GLY:14;A:GLY:16;A:GLY:168;A:ILE:148;A:ILE:207;A:LEU:210;A:LEU:212;A:LEU:222;A:PHE:187;A:PHE:226;A:PHE:456;A:PHE:457;A:PRO:149;A:SER:452;A:SER:453;A:SER:47;A:THR:208;A:VAL:169,A:ALA:225;A:ASN:172;A:CYS:15;A:GLY:14;A:GLY:16;A:GLY:168;A:ILE:148;A:ILE:207;A:LEU:210;A:LEU:212;A:LEU:222;A:PHE:187;A:PHE:226;A:PHE:456;A:PHE:457;A:PRO:149;A:SER:452;A:SER:453;A:SER:47;A:THR:208;A:VAL:166;A:VAL:169
2,2,0.0,1.0,Matched,Minor remodeling,WT,D166V,0.109,0.109,0.0,0.001,0.001,0.0,800.599,775.763,-24.836000000000013,28.30449072891779,28.91936920262313,Remote (>15 Å),Remote (>15 Å),False,False,A:ARG:257;A:ASP:318;A:CYS:255;A:GLU:250;A:GLU:31;A:GLY:253;A:HIS:32;A:ILE:316;A:LEU:320;A:PHE:246;A:PRO:258;A:PRO:322;A:SER:315;A:SER:321;A:THR:319;A:TYR:242,A:ARG:257;A:ASP:318;A:CYS:255;A:GLU:250;A:GLU:31;A:GLY:253;A:HIS:32;A:ILE:316;A:LEU:320;A:PHE:246;A:PRO:258;A:PRO:322;A:SER:315;A:SER:321;A:THR:319;A:TYR:242
3,3,0.11659744236827906,1.0,Matched,Minor remodeling,WT,D166V,0.108,0.108,0.0,0.69,0.7,0.010000000000000009,863.503,856.793,-6.710000000000036,7.303312993050841,7.770686987385868,Close (5–10 Å),Close (5–10 Å),False,False,A:ALA:48;A:ARG:27;A:CYS:101;A:GLY:16;A:GLY:19;A:GLY:55;A:GLY:97;A:HIS:52;A:ILE:60;A:LEU:102;A:LEU:37;A:LEU:51;A:LEU:62;A:LEU:69;A:LEU:72;A:LEU:94;A:LEU:98;A:PHE:93;A:SER:30;A:THR:26;A:THR:65;A:VAL:23;A:VAL:56;A:VAL:68,A:ALA:48;A:ARG:27;A:CYS:101;A:GLY:16;A:GLY:19;A:GLY:55;A:GLY:97;A:HIS:52;A:ILE:60;A:LEU:102;A:LEU:37;A:LEU:51;A:LEU:62;A:LEU:69;A:LEU:72;A:LEU:94;A:LEU:98;A:PHE:93;A:SER:30;A:THR:26;A:THR:65;A:VAL:23;A:VAL:56;A:VAL:68
4,4,2.687565378447544e-15,1.0,Matched,Minor remodeling,WT,D166V,0.092,0.092,0.0,0.036,0.036,0.0,230.049,225.655,-4.3940000000000055,2.6687483748455696,3.561141005627676,Very close (≤5 Å),Very close (≤5 Å),False,False,A:ALA:225;A:ALA:48;A:CYS:146;A:GLY:16;A:ILE:148;A:LEU:51;A:LEU:72;A:LEU:90;A:LEU:94;A:PHE:17;A:PHE:226;A:SER:47;A:TYR:151,A:ALA:225;A:ALA:48;A:CYS:146;A:GLY:16;A:ILE:148;A:LEU:51;A:LEU:72;A:LEU:90;A:LEU:94;A:PHE:17;A:PHE:226;A:SER:47;A:TYR:151
5,5,0.0,1.0,Matched,Minor remodeling,WT,D166V,0.088,0.088,0.0,0.005,0.005,0.0,216.453,217.584,1.1310000000000002,25.63364929400986,26.538794221608224,Remote (>15 Å),Remote (>15 Å),False,False,A:ALA:325;A:GLY:298;A:LEU:239;A:LEU:301;A:LEU:302;A:LEU:317;A:LEU:320;A:SER:329,A:ALA:325;A:GLY:298;A:LEU:239;A:LEU:301;A:LEU:302;A:LEU:317;A:LEU:320;A:SER:329
6,6,0.0,1.0,Matched,Minor remodeling,WT,D166V,0.082,0.082,0.0,0.009,0.009,0.0,606.134,601.839,-4.294999999999959,14.634953354134625,15.535332239266202,Moderate (10–15 Å),Remote (>15 Å),False,False,A:ARG:74;A:ASP:71;A:CYS:101;A:GLN:64;A:GLN:67;A:GLN:96;A:GLY:97;A:LYS:100;A:LYS:75;A:PHE:93;A:SER:78;A:VAL:68,A:ARG:74;A:ASP:71;A:CYS:101;A:GLN:64;A:GLN:67;A:GLN:96;A:GLY:97;A:LYS:100;A:LYS:75;A:PHE:93;A:SER:78;A:VAL:68
7,7,0.0,1.0,Matched,Minor remodeling,WT,D166V,0.076,0.076,0.0,0.001,0.001,0.0,214.762,215.854,1.092000000000013,8.433101234416007,8.420792280003294,Close (5–10 Å),Close (5–10 Å),False,False,A:ARG:163;A:GLY:161;A:SER:122;A:TRP:385;A:TRP:388;A:VAL:121;A:VAL:162,A:ARG:163;A:GLY:161;A:SER:122;A:TRP:385;A:TRP:388;A:VAL:121;A:VAL:162
8,8,0.0,1.0,Matched,Minor remodeling,WT,D166V,0.038,0.038,0.0,0.0,0.0,0.0,1443.156,1438.733,-4.423000000000002,13.23554488018137,14.368502625250338,Moderate (10–15 Å),Moderate (10–15 Å),False,False,A:ALA:76;A:ARG:349;A:ARG:74;A:ARG:77;A:ARG:79;A:ASN:344;A:ASN:80;A:ASP:230;A:ASP:334;A:CYS:343;A:GLU:297;A:GLY:336;A:GLY:82;A:ILE:81;A:ILE:83;A:LEU:231;A:LYS:232;A:LYS:333;A:MET:332;A:PHE:84;A:PRO:228;A:SER:340;A:SER:352;A:SER:78;A:TYR:353;A:VAL:227;A:VAL:73,A:ALA:76;A:ARG:349;A:ARG:74;A:ARG:77;A:ARG:79;A:ASN:344;A:ASN:80;A:ASP:230;A:ASP:334;A:CYS:343;A:GLU:297;A:GLY:336;A:GLY:82;A:ILE:81;A:ILE:83;A:LEU:231;A:LYS:232;A:LYS:333;A:MET:332;A:PHE:84;A:PRO:228;A:SER:340;A:SER:352;A:SER:78;A:TYR:353;A:VAL:227;A:VAL:73
9,9,0.0,1.0,Matched,Minor remodeling,WT,D166V,0.037,0.037,0.0,0.0,0.0,0.0,378.569,382.519,3.9499999999999886,28.361837880787057,29.57955341364924,Remote (>15 Å),Remote (>15 Å),False,False,A:ASP:334;A:GLU:297;A:GLY:336;A:GLY:337;A:LYS:333;A:LYS:341;A:TYR:338,A:ASP:334;A:GLU:297;A:GLY:336;A:GLY:337;A:LYS:333;A:LYS:341;A:TYR:338
10,10,0.0,1.0,Matched,Minor remodeling,WT,D166V,0.035,0.035,0.0,0.03,0.03,0.0,457.235,442.198,-15.037000000000035,21.78961129854035,22.856139107396253,Remote (>15 Å),Remote (>15 Å),False,False,A:ASP:303;A:GLU:236;A:GLU:297;A:GLU:300;A:HIS:304;A:LEU:301;A:LEU:307;A:LYS:232;A:MET:332;A:SER:329;A:VAL:233,A:ASP:303;A:GLU:236;A:GLU:297;A:GLU:300;A:HIS:304;A:LEU:301;A:LEU:307;A:LYS:232;A:MET:332;A:SER:329;A:VAL:233
11,11,0.0,1.0,Matched,Minor remodeling,WT,D166V,0.028,0.028,0.0,0.006,0.006,0.0,368.908,378.645,9.736999999999966,23.01131920574457,24.107321220672954,Remote (>15 Å),Remote (>15 Å),False,False,A:ALA:327;A:ARG:323;A:GLU:330;A:GLU:331;A:GLU:63;A:PRO:322;A:THR:326,A:ALA:327;A:ARG:323;A:GLU:330;A:GLU:331;A:GLU:63;A:PRO:322;A:THR:326
12,12,1.7763568394002505e-15,1.0,Matched,Minor remodeling,WT,D166V,0.021,0.021,0.0,0.001,0.001,0.0,468.587,461.133,-7.454000000000008,16.33181386881403,16.352568152381334,Remote (>15 Å),Remote (>15 Å),False,False,A:ARG:41;A:ARG:6;A:ASP:177;A:GLY:112;A:GLY:7;A:ILE:176;A:MET:42;A:PHE:44;A:SER:9;A:THR:180;A:THR:181;A:TRP:8,A:ARG:41;A:ARG:6;A:ASP:177;A:GLY:112;A:GLY:7;A:ILE:176;A:MET:42;A:PHE:44;A:SER:9;A:THR:180;A:THR:181;A:TRP:8
13,13,0.0,1.0,Matched,Minor remodeling,WT,D166V,0.018,0.018,0.0,0.001,0.001,0.0,284.956,292.278,7.322000000000003,10.224897364442365,10.224897364442365,Moderate (10–15 Å),Moderate (10–15 Å),False,False,A:ASP:171;A:ASP:206;A:LYS:209;A:PHE:175,A:ASP:171;A:ASP:206;A:LYS:209;A:PHE:175
14,14,0.0,1.0,Matched,Minor remodeling,WT,D166V,0.014,0.014,0.0,0.001,0.001,0.0,155.593,155.372,-0.22099999999997522,18.148507899547408,18.159208019216944,Remote (>15 Å),Remote (>15 Å),False,False,A:ARG:371;A:ILE:368;A:LEU:372;A:TRP:375,A:ARG:371;A:ILE:368;A:LEU:372;A:TRP:375
15,15,0.0,1.0,Matched,Minor remodeling,WT,D166V,0.014,0.014,0.0,0.0,0.0,0.0,138.028,137.794,-0.23399999999998045,14.673827431826746,14.685046189785135,Moderate (10–15 Å),Moderate (10–15 Å),False,False,A:ALA:367;A:ARG:371;A:ASN:89;A:GLN:370;A:LYS:92;A:PRO:86;A:SER:87;A:THR:374,A:ALA:367;A:ARG:371;A:ASN:89;A:GLN:370;A:LYS:92;A:PRO:86;A:SER:87;A:THR:374
16,16,0.0,1.0,Matched,Minor remodeling,WT,D166V,-0.009,-0.009,0.0,0.0,0.0,0.0,211.538,207.401,-4.1370000000000005,20.80497695789175,21.376586137990788,Remote (>15 Å),Remote (>15 Å),False,False,A:ALA:367;A:ARG:79;A:GLN:370;A:GLU:363;A:HIS:85;A:ILE:366;A:SER:87,A:ALA:367;A:ARG:79;A:GLN:370;A:GLU:363;A:HIS:85;A:ILE:366;A:SER:87
17,17,0.0,1.0,Matched,Minor remodeling,WT,D166V,-0.011,-0.011,0.0,0.0,0.0,0.0,948.211,955.144,6.932999999999993,6.792172335840767,6.801342670550406,Close (5–10 Å),Close (5–10 Å),False,False,A:ARG:163;A:ARG:371;A:ARG:95;A:ASN:89;A:ASP:140;A:ASP:378;A:ASP:381;A:ASP:382;A:GLY:153;A:ILE:155;A:LEU:154;A:PHE:147;A:PRO:156;A:PRO:157;A:SER:152;A:SER:158;A:SER:91;A:THR:374;A:TRP:375,A:ARG:163;A:ARG:371;A:ARG:95;A:ASN:89;A:ASP:140;A:ASP:378;A:ASP:381;A:ASP:382;A:GLY:153;A:ILE:155;A:LEU:154;A:PHE:147;A:PRO:156;A:PRO:157;A:SER:152;A:SER:158;A:SER:91;A:THR:374;A:TRP:375
18,18,0.0,1.0,Matched,Minor remodeling,WT,D166V,-0.013,-0.013,0.0,0.002,0.002,0.0,455.208,482.498,27.289999999999964,12.605407839625776,12.121643694606188,Moderate (10–15 Å),Moderate (10–15 Å),False,False,A:ARG:396;A:ARG:447;A:ARG:451;A:LEU:450;A:LEU:454;A:PRO:446,A:ARG:396;A:ARG:447;A:ARG:451;A:LEU:450;A:LEU:454;A:PRO:446
19,19,0.0,1.0,Matched,Minor remodeling,WT,D166V,-0.026,-0.026,0.0,0.003,0.003,0.0,426.821,436.196,9.375,7.925452166985201,8.243336526980201,Close (5–10 Å),Close (5–10 Å),False,False,A:ILE:83;A:LEU:219;A:LEU:222;A:PHE:226;A:PHE:456;A:PHE:457;A:PHE:84;A:SER:223;A:TYR:151;A:VAL:227,A:ILE:83;A:LEU:219;A:LEU:222;A:PHE:226;A:PHE:456;A:PHE:457;A:PHE:84;A:SER:223;A:TYR:151;A:VAL:227
20,20,0.0,1.0,Matched,Minor remodeling,WT,D166V,-0.04,-0.04,0.0,0.0,0.0,0.0,198.495,200.406,1.9110000000000014,27.89086621298941,28.89134429651744,Remote (>15 Å),Remote (>15 Å),False,False,A:ALA:325;A:ARG:295;A:GLY:298;A:PRO:322;A:SER:329;A:THR:326;A:VAL:294,A:ALA:325;A:ARG:295;A:GLY:298;A:PRO:322;A:SER:329;A:THR:326;A:VAL:294
21,21,1.7763568394002505e-15,1.0,Matched,Minor remodeling,WT,D166V,-0.049,-0.049,0.0,0.001,0.001,0.0,280.088,286.456,6.367999999999995,10.855967353201232,12.019109804933395,Moderate (10–15 Å),Moderate (10–15 Å),False,False,A:ALA:178;A:ASP:192;A:GLU:190;A:LYS:209;A:MET:1;A:PHE:175;A:SER:211;A:THR:181;A:THR:183;A:TYR:191;A:VAL:173,A:ALA:178;A:ASP:192;A:GLU:190;A:LYS:209;A:MET:1;A:PHE:175;A:SER:211;A:THR:181;A:THR:183;A:TYR:191;A:VAL:173
22,22,0.0,1.0,Matched,Minor remodeling,WT,D166V,-0.053,-0.053,0.0,0.0,0.0,0.0,292.183,290.727,-1.4560000000000173,39.579021727738365,40.66986904350631,Remote (>15 Å),Remote (>15 Å),False,False,A:ALA:291;A:ARG:295;A:GLU:288;A:LEU:292,A:ALA:291;A:ARG:295;A:GLU:288;A:LEU:292
23,23,1.7763568394002505e-15,1.0,Matched,Minor remodeling,WT,D166V,-0.057,-0.057,0.0,0.371,0.371,0.0,590.364,581.964,-8.399999999999977,3.3642714749490152,3.211489446394329,Very close (≤5 Å),Very close (≤5 Å),False,False,A:ARG:120;A:GLY:124;A:ILE:449;A:LEU:450;A:LEU:454;A:LEU:458;A:PHE:150;A:PHE:457;A:PRO:149;A:PRO:156;A:SER:453;A:THR:119;A:VAL:121;A:VAL:165;A:VAL:169,A:ARG:120;A:GLY:124;A:ILE:449;A:LEU:450;A:LEU:454;A:LEU:458;A:PHE:150;A:PHE:457;A:PRO:149;A:PRO:156;A:SER:453;A:THR:119;A:VAL:121;A:VAL:165;A:VAL:169
24,24,0.0,1.0,Matched,Minor remodeling,WT,D166V,-0.059,-0.059,0.0,0.001,0.001,0.0,433.154,416.823,-16.331000000000017,24.280986740023216,25.024279817134275,Remote (>15 Å),Remote (>15 Å),False,False,A:ARG:247;A:GLU:251;A:LEU:310;A:LYS:196;A:LYS:198;A:TRP:312;A:VAL:197,A:ARG:247;A:GLU:251;A:LEU:310;A:LYS:196;A:LYS:198;A:TRP:312;A:VAL:197
25,25,0.0,1.0,Matched,Minor remodeling,WT,D166V,-0.059,-0.059,0.0,0.001,0.001,0.0,157.84,159.405,1.5649999999999977,12.884322338195254,13.371936449350628,Moderate (10–15 Å),Moderate (10–15 Å),False,False,A:ARG:213;A:ASN:218;A:CYS:215;A:ILE:207;A:LEU:212;A:LEU:214;A:LEU:219;A:LEU:222;A:VAL:205,A:ARG:213;A:ASN:218;A:CYS:215;A:ILE:207;A:LEU:212;A:LEU:214;A:LEU:219;A:LEU:222;A:VAL:205
26,26,1.7763568394002505e-15,1.0,Matched,Minor remodeling,WT,D166V,-0.072,-0.072,0.0,0.001,0.001,0.0,359.511,355.872,-3.63900000000001,8.55491915202908,8.382127942263196,Close (5–10 Å),Close (5–10 Å),False,False,A:ARG:371;A:HIS:85;A:ILE:83;A:PHE:150;A:PHE:457;A:PHE:84;A:PHE:88;A:PRO:86;A:TYR:151,A:ARG:371;A:HIS:85;A:ILE:83;A:PHE:150;A:PHE:457;A:PHE:84;A:PHE:88;A:PRO:86;A:TYR:151
27,27,0.0,1.0,Matched,Minor remodeling,WT,D166V,-0.075,-0.075,0.0,0.0,0.0,0.0,301.907,289.345,-12.561999999999955,24.4671928167246,25.183534041952157,Remote (>15 Å),Remote (>15 Å),False,False,A:ARG:6;A:ASP:3;A:LYS:179;A:MET:1;A:THR:180;A:TYR:2,A:ARG:6;A:ASP:3;A:LYS:179;A:MET:1;A:THR:180;A:TYR:2
28,28,0.0,1.0,Matched,Minor remodeling,WT,D166V,-0.08,-0.08,0.0,0.003,0.003,0.0,426.708,419.318,-7.390000000000043,14.800275200663055,14.800275200663055,Moderate (10–15 Å),Moderate (10–15 Å),False,False,A:ARG:396;A:ARG:447;A:CYS:400;A:MET:399;A:PRO:446;A:THR:395;A:THR:445,A:ARG:396;A:ARG:447;A:CYS:400;A:MET:399;A:PRO:446;A:THR:395;A:THR:445
29,29,0.0,1.0,Matched,Minor remodeling,WT,D166V,-0.082,-0.082,0.0,0.0,0.0,0.0,180.989,174.665,-6.324000000000012,37.287408845374635,37.99722889358476,Remote (>15 Å),Remote (>15 Å),False,False,A:ARG:257;A:GLN:259;A:PRO:258;A:PRO:260,A:ARG:257;A:GLN:259;A:PRO:258;A:PRO:260
30,30,0.0,1.0,Matched,Minor remodeling,WT,D166V,-0.091,-0.091,0.0,0.002,0.002,0.0,410.576,417.859,7.282999999999959,16.32562087335137,17.000307734026112,Remote (>15 Å),Remote (>15 Å),False,False,A:ARG:240;A:GLU:236;A:GLY:217;A:ILE:237;A:LEU:221;A:LEU:305;A:LEU:310;A:LYS:196;A:LYS:198;A:SER:308;A:TYR:188;A:TYR:220;A:VAL:197;A:VAL:233,A:ARG:240;A:GLU:236;A:GLY:217;A:ILE:237;A:LEU:221;A:LEU:305;A:LEU:310;A:LYS:196;A:LYS:198;A:SER:308;A:TYR:188;A:TYR:220;A:VAL:197;A:VAL:233
31,31,0.0,1.0,Matched,Minor remodeling,WT,D166V,-0.101,-0.101,0.0,0.0,0.0,0.0,346.44,345.053,-1.3870000000000005,13.554619062506221,14.233174891061305,Moderate (10–15 Å),Moderate (10–15 Å),False,False,A:ARG:79;A:ASN:89;A:GLN:370;A:GLN:96;A:LYS:75;A:LYS:92;A:PHE:88;A:PHE:93;A:SER:87,A:ARG:79;A:ASN:89;A:GLN:370;A:GLN:96;A:LYS:75;A:LYS:92;A:PHE:88;A:PHE:93;A:SER:87
32,32,0.0,1.0,Matched,Minor remodeling,WT,D166V,-0.112,-0.112,0.0,0.0,0.0,0.0,232.517,239.379,6.861999999999995,12.312714394188676,12.307474660423864,Moderate (10–15 Å),Moderate (10–15 Å),False,False,A:ARG:163;A:ASP:381;A:GLY:161;A:LEU:384;A:SER:158;A:TRP:385,A:ARG:163;A:ASP:381;A:GLY:161;A:LEU:384;A:SER:158;A:TRP:385
33,33,0.0,1.0,Matched,Minor remodeling,WT,D166V,-0.115,-0.115,0.0,0.004,0.004,0.0,528.423,535.204,6.780999999999949,8.13907272840918,8.13907272840918,Close (5–10 Å),Close (5–10 Å),False,False,A:ARG:396;A:ASP:123;A:GLN:392;A:GLY:124;A:ILE:449;A:LEU:450;A:PRO:446;A:SER:122;A:TRP:385;A:TRP:388;A:VAL:121;A:VAL:389;A:VAL:393,A:ARG:396;A:ASP:123;A:GLN:392;A:GLY:124;A:ILE:449;A:LEU:450;A:PRO:446;A:SER:122;A:TRP:385;A:TRP:388;A:VAL:121;A:VAL:389;A:VAL:393
34,34,0.0,1.0,Matched,Minor remodeling,WT,D166V,-0.124,-0.124,0.0,0.0,0.0,0.0,215.277,210.787,-4.489999999999981,10.881395006409205,9.658902077347634,Moderate (10–15 Å),Close (5–10 Å),False,False,A:ASN:455;A:ILE:207;A:PHE:456;A:SER:452,A:ASN:455;A:ILE:207;A:PHE:456;A:SER:452
35,35,0.0,1.0,Matched,Minor remodeling,WT,D166V,-0.15,-0.15,0.0,0.0,0.0,0.0,324.343,321.008,-3.3350000000000364,8.680673447418096,8.682131596883641,Close (5–10 Å),Close (5–10 Å),False,False,A:ARG:95;A:ASN:89;A:ASP:378;A:LYS:92;A:PRO:157;A:SER:91;A:THR:374;A:VAL:143,A:ARG:95;A:ASN:89;A:ASP:378;A:LYS:92;A:PRO:157;A:SER:91;A:THR:374;A:VAL:143
